Unnamed: 0,state/uts,"no_of_tb_-_diabetes-tb_patients_with_known_dm_status,_of_notified)-public","percentage__of_tb_-_diabetes-tb_patients_with_known_dm_status,of_notified)-public","no_of_tb_-_diabetes-tb_patients_with_known_dm_status,_of_notified)-private","percentage__of_tb_-_diabetes-tb_patients_with_known_dm_status,_of_notified)-private","no_of_tb_-_diabetes-tb_patients_with_known_dm_status,of_notified)-total","percentage_of_tb_-_diabetes-tb_patients_with_known_dm_status,__of_notified)-total","no_of_tb_-_diabetes-patients_diagnosed_among_tested,of_those_with_known_dm_status)-public","percentage_of_tb_-_diabetes-_patients_diagnosed_among_tested,of_those_with_known_dm_status)-public","no_of_tb_-_diabetes-_patients_diagnosed_among_tested,_of_those_with_known_dm_status)-private","percentage__of_tb_-_diabetes-patients_diagnosed_among_tested,__of_those_with_known_dm_status)-private","no_of_tb_-_diabetes-patients_diagnosed_among_tested,_of_those_with_known_dm_status)-total","percentage__of_tb_-_diabetes-__patients_diagnosed_among_tested,_of_those_with_known_dm_status)-total","no_of_tb_-_diabetes-_patients_initiated_on_anti-diabetic_treatment,_of_tb-dm)-public","percentage_of_tb_-_diabetes-_patients_initiated_on_anti-diabetic_treatment,_of_tb-dm)-public","no_of_tb_-_diabetes-_patients_initiated_on_anti-diabetic_treatment,_of_tb-dm)-private","percentage_of_tb_-_diabetes-_patients_initiated_on_anti-diabetic_treatment,_of_tb-dm)-private","no_of_tb_-_diabetes-_patients_initiated_on_anti-diabetic_treatment,_of_tb-dm)0total","percentage_of_tb_-_diabetes-_patients_initiated_on_anti-diabetic_treatment,of_tb-dm)0total","no_of_tobacco-tb_patients_with_known_tobacco_usage_status,_of_notified)-public","%_of_tobacco-tb_patients_with_known_tobacco_usage_status,_of_notified)-public","no_of_tobacco-tb_patients_with_known_tobacco_usage_status,of_notified)-private","%_of_tobacco-tb_patients_with_known_tobacco_usage_status,__of_notified)-private","no_of_tobacco-tb_patients_with_known_tobacco_usage_status,__of_notified)-total","%_of_tobacco-tb_patients_with_known_tobacco_usage_status,_of_notified)-total","no_of_tobacco_users_identified_amongst_screened,__of_those_with_known_tobacco_usage_status)-public","percentage_of_tobacco_users_identified_amongst_screened,__of_those_with_known_tobacco_usage_status)-public","no_of_tobacco_users_identified_amongst_screened,of_those_with_known_tobacco_usage_status)-private","percentage_of_tobacco_users_identified_amongst_screened,__of_those_with_known_tobacco_usage_status)-private","no_of_tobacco_users_identified_amongst_screened,of_those_with_known_tobacco_usage_status)-total","percentage__of_tobacco_users_identified_amongst_screened,_of_those_with_known_tobacco_usage_status)-total","no_of_tobacco_users_linked_with_tobacco_cessation_centres,_of_tobacco_users)-public","percentage__of_tobacco_users_linked_with_tobacco_cessation_centres,_of_tobacco_users)-public","no_of_tobacco_users_linked_with_tobacco_cessation_centres,of_tobacco_users)-private","percentage__of_tobacco_users_linked_with_tobacco_cessation_centres,_n_(%_of_tobacco_users)-private","no_of_tobacco_users_linked_with_tobacco_cessation_centres,_of_tobacco_users)-total","percentage__of_tobacco_users_linked_with_tobacco_cessation_centres,_of_tobacco_users)-total","_no_of_tb_-_alcohol-tb_patients_with_known_alcohol_usage_status,_of_notified)-public","%_of__tb_-_alcohol-tb_patients_with_known_alcohol_usage_status,_of_notified)-public","no_of__tb_-_alcohol-tb_patients_with_known_alcohol_usage_status,__of_notified)-private","%_of__tb_-_alcohol-tb_patients_with_known_alcohol_usage_status,__of_notified)-private","_no_of_tb_-_alcohol-tb_patients_with_known_alcohol_usage_status,__of_notified)-total","%_of_tb_-_alcohol-tb_patients_with_known_alcohol_usage_status,_of_notified)-total","no_of_tb_-_alcohol-alcohol_users_identified_amongst_screened,_of_those_with_known_alcohol_usage_status)-public","percentage__of_tb_-_alcohol-alcohol_users_identified_amongst_screened,of_those_with_known_alcohol_usage_status)-public","no_of_tb_-_alcohol-alcohol_users_identified_amongst_screened,_of_those_with_known_alcohol_usage_status)-private","percentage__of_tb_-_alcohol-alcohol_users_identified_amongst_screened,_of_those_with_known_alcohol_usage_status)-private","no_of_tb_-_alcohol-alcohol_users_identified_amongst_screened,__of_those_with_known_alcohol_usage_status)-total","percentage__of_tb_-_alcohol-alcohol_users_identified_amongst_screened,__of_those_with_known_alcohol_usage_status)-total","no_of_tb_-_alcohol-alcohol_users_linked_with_deaddiction_centres,_of_alcohol_users)-public","percentage__of_tb_-_alcohol-alcohol_users_linked_with_deaddiction_centres,__of_alcohol_users)-public","no_of_tb_-_alcohol-alcohol_users_linked_with_deaddiction_centres,__of_alcohol_users)-private","percentage__of_tb_-_alcohol-alcohol_users_linked_with_deaddiction_centres,__of_alcohol_users)-private","no_of_tb_-_alcohol-alcohol_users_linked_with_deaddiction_centres,_of_alcohol_users)-total","percentage__of_no_of_tb_-_alcohol-alcohol_users_linked_with_deaddiction_centres,_of_alcohol_users)-total",latitude,longitude,timestamp,region
1,Gujarat,0.0,0.0,0.0,0.0,0.0,0.0,0.0,0.0,0.0,0.0,0.0,0.0,0.0,0.0,0.0,0.0,0.0,0.0,495.0,91.0,3.0,75.0,498.0,90.9,89.0,18.0,0.0,0.0,89.0,17.9,30.0,33.7,0.0,0.0,30.0,33.7,0.0,0.0,0.0,0.0,0.0,0.0,0.0,0.0,0.0,0.0,0.0,0.0,0.0,0.0,0.0,0.0,0.0,0.0,11.667,92.735,2023-01-30,West
2,Assam,0.0,0.0,0.0,0.0,0.0,0.0,0.0,0.0,0.0,0.0,0.0,0.0,0.0,0.0,0.0,0.0,0.0,0.0,63627.0,96.2,26477.0,98.1,90104.0,96.8,9786.0,15.4,1409.0,5.3,11195.0,12.4,2456.0,25.1,326.0,23.1,2782.0,24.9,0.0,0.0,0.0,0.0,0.0,0.0,0.0,0.0,0.0,0.0,0.0,0.0,0.0,0.0,0.0,0.0,0.0,0.0,15.9129,79.74,2023-09-20,North East
3,Arunachal Pradesh,0.0,0.0,0.0,0.0,0.0,0.0,0.0,0.0,0.0,0.0,0.0,0.0,0.0,0.0,0.0,0.0,0.0,0.0,2256.0,75.0,3.0,50.0,2259.0,74.9,303.0,13.4,0.0,0.0,303.0,13.4,171.0,56.4,0.0,0.0,171.0,56.4,0.0,0.0,0.0,0.0,0.0,0.0,0.0,0.0,0.0,0.0,0.0,0.0,0.0,0.0,0.0,0.0,0.0,0.0,28.218,94.7278,2023-02-11,North East
4,Meghalaya,0.0,0.0,0.0,0.0,0.0,0.0,0.0,0.0,0.0,0.0,0.0,0.0,0.0,0.0,0.0,0.0,0.0,0.0,30134.0,71.7,4074.0,68.8,34208.0,71.4,7929.0,26.3,325.0,8.0,8254.0,24.1,1497.0,18.9,93.0,28.6,1590.0,19.3,0.0,0.0,0.0,0.0,0.0,0.0,0.0,0.0,0.0,0.0,0.0,0.0,0.0,0.0,0.0,0.0,0.0,0.0,26.2006,92.9376,2023-12-16,North East
5,Uttarakhand,0.0,0.0,0.0,0.0,0.0,0.0,0.0,0.0,0.0,0.0,0.0,0.0,0.0,0.0,0.0,0.0,0.0,0.0,44248.0,54.4,36165.0,42.8,80413.0,48.5,4139.0,9.4,1152.0,3.2,5291.0,6.6,917.0,22.2,41.0,3.6,958.0,18.1,0.0,0.0,0.0,0.0,0.0,0.0,0.0,0.0,0.0,0.0,0.0,0.0,0.0,0.0,0.0,0.0,0.0,0.0,25.0961,85.3131,2023-11-07,North
6,Punjab,0.0,0.0,0.0,0.0,0.0,0.0,0.0,0.0,0.0,0.0,0.0,0.0,0.0,0.0,0.0,0.0,0.0,0.0,3508.0,94.3,47.0,73.4,3555.0,94.0,305.0,8.7,2.0,4.3,307.0,8.6,60.0,19.7,0.0,0.0,60.0,19.5,0.0,0.0,0.0,0.0,0.0,0.0,0.0,0.0,0.0,0.0,0.0,0.0,0.0,0.0,0.0,0.0,0.0,0.0,30.7333,76.7794,2023-02-12,North
7,Madhya Pradesh,0.0,0.0,0.0,0.0,0.0,0.0,0.0,0.0,0.0,0.0,0.0,0.0,0.0,0.0,0.0,0.0,0.0,0.0,25332.0,86.0,5815.0,62.7,31147.0,80.4,7986.0,31.5,336.0,5.8,8322.0,26.7,3595.0,45.0,140.0,41.7,3735.0,44.9,0.0,0.0,0.0,0.0,0.0,0.0,0.0,0.0,0.0,0.0,0.0,0.0,0.0,0.0,0.0,0.0,0.0,0.0,21.2787,81.8661,2023-06-01,Central
8,Assam,0.0,0.0,0.0,0.0,0.0,0.0,0.0,0.0,0.0,0.0,0.0,0.0,0.0,0.0,0.0,0.0,0.0,0.0,548.0,64.9,57.0,75.0,605.0,65.7,67.0,12.2,2.0,3.5,69.0,11.4,38.0,56.7,2.0,100.0,40.0,58.0,0.0,0.0,0.0,0.0,0.0,0.0,0.0,0.0,0.0,0.0,0.0,0.0,0.0,0.0,0.0,0.0,0.0,0.0,,,2023-03-18,North East
9,Tripura,0.0,0.0,0.0,0.0,0.0,0.0,0.0,0.0,0.0,0.0,0.0,0.0,0.0,0.0,0.0,0.0,0.0,0.0,51623.0,66.2,1686.0,16.5,53309.0,60.4,3440.0,6.7,16.0,0.9,3456.0,6.5,777.0,22.6,5.0,31.3,782.0,22.6,0.0,0.0,0.0,0.0,0.0,0.0,0.0,0.0,0.0,0.0,0.0,0.0,0.0,0.0,0.0,0.0,0.0,0.0,28.7041,77.1025,2023-12-31,North East
10,Goa,0.0,0.0,0.0,0.0,0.0,0.0,0.0,0.0,0.0,0.0,0.0,0.0,0.0,0.0,0.0,0.0,0.0,0.0,1553.0,92.6,27.0,6.8,1580.0,76.2,105.0,6.8,1.0,3.7,106.0,6.7,8.0,7.6,1.0,100.0,9.0,8.5,0.0,0.0,0.0,0.0,0.0,0.0,0.0,0.0,0.0,0.0,0.0,0.0,0.0,0.0,0.0,0.0,0.0,0.0,15.2993,74.124,2023-10-04,West
11,Uttar Pradesh,0.0,0.0,0.0,0.0,0.0,0.0,0.0,0.0,0.0,0.0,0.0,0.0,0.0,0.0,0.0,0.0,0.0,0.0,104192.0,95.9,35780.0,90.6,139972.0,94.5,16920.0,16.2,2365.0,6.6,19285.0,13.8,7145.0,42.2,895.0,37.8,8040.0,41.7,0.0,0.0,0.0,0.0,0.0,0.0,0.0,0.0,0.0,0.0,0.0,0.0,0.0,0.0,0.0,0.0,0.0,0.0,22.2587,71.1924,2023-06-21,North
12,Meghalaya,0.0,0.0,0.0,0.0,0.0,0.0,0.0,0.0,0.0,0.0,0.0,0.0,0.0,0.0,0.0,0.0,0.0,0.0,54848.0,89.5,14373.0,82.6,69221.0,88.0,2572.0,4.7,486.0,3.4,3058.0,4.4,1044.0,40.6,161.0,33.1,1205.0,39.4,0.0,0.0,0.0,0.0,0.0,0.0,0.0,0.0,0.0,0.0,0.0,0.0,0.0,0.0,0.0,0.0,0.0,0.0,29.0588,76.0856,2023-02-25,North East
13,Telangana,0.0,0.0,0.0,0.0,0.0,0.0,0.0,0.0,0.0,0.0,0.0,0.0,0.0,0.0,0.0,0.0,0.0,0.0,15625.0,97.5,437.0,93.4,16062.0,97.4,1855.0,11.9,22.0,5.0,1877.0,11.7,1674.0,90.2,18.0,81.8,1692.0,90.1,0.0,0.0,0.0,0.0,0.0,0.0,0.0,0.0,0.0,0.0,0.0,0.0,0.0,0.0,0.0,0.0,0.0,0.0,31.1048,77.1734,2023-07-17,South
14,West Bengal,0.0,0.0,0.0,0.0,0.0,0.0,0.0,0.0,0.0,0.0,0.0,0.0,0.0,0.0,0.0,0.0,0.0,0.0,10254.0,90.1,513.0,88.1,10767.0,90.0,769.0,7.5,24.0,4.7,793.0,7.4,438.0,57.0,15.0,62.5,453.0,57.1,0.0,0.0,0.0,0.0,0.0,0.0,0.0,0.0,0.0,0.0,0.0,0.0,0.0,0.0,0.0,0.0,0.0,0.0,33.7782,76.5762,2023-10-26,East
15,Arunachal Pradesh,0.0,0.0,0.0,0.0,0.0,0.0,0.0,0.0,0.0,0.0,0.0,0.0,0.0,0.0,0.0,0.0,0.0,0.0,36887.0,78.6,4611.0,40.1,41498.0,71.0,4280.0,11.6,91.0,2.0,4371.0,10.5,1349.0,31.5,33.0,36.3,1382.0,31.6,0.0,0.0,0.0,0.0,0.0,0.0,0.0,0.0,0.0,0.0,0.0,0.0,0.0,0.0,0.0,0.0,0.0,0.0,23.6102,85.2799,2023-07-19,North East
16,Nagaland,0.0,0.0,0.0,0.0,0.0,0.0,0.0,0.0,0.0,0.0,0.0,0.0,0.0,0.0,0.0,0.0,0.0,0.0,59878.0,88.9,9824.0,83.5,69702.0,88.1,11159.0,18.6,566.0,5.8,11725.0,16.8,3326.0,29.8,168.0,29.7,3494.0,29.8,0.0,0.0,0.0,0.0,0.0,0.0,0.0,0.0,0.0,0.0,0.0,0.0,0.0,0.0,0.0,0.0,0.0,0.0,15.3173,75.7139,2023-04-28,North East
17,Odisha,0.0,0.0,0.0,0.0,0.0,0.0,0.0,0.0,0.0,0.0,0.0,0.0,0.0,0.0,0.0,0.0,0.0,0.0,17712.0,85.9,2070.0,71.4,19782.0,84.1,2614.0,14.8,110.0,5.3,2724.0,13.8,1567.0,59.9,64.0,58.2,1631.0,59.9,0.0,0.0,0.0,0.0,0.0,0.0,0.0,0.0,0.0,0.0,0.0,0.0,0.0,0.0,0.0,0.0,0.0,0.0,10.8505,76.2711,2023-02-24,East
18,Kerala,0.0,0.0,0.0,0.0,0.0,0.0,0.0,0.0,0.0,0.0,0.0,0.0,0.0,0.0,0.0,0.0,0.0,0.0,297.0,88.9,9.0,81.8,306.0,88.7,7.0,2.4,1.0,11.1,8.0,2.6,4.0,57.1,1.0,100.0,5.0,62.5,0.0,0.0,0.0,0.0,0.0,0.0,0.0,0.0,0.0,0.0,0.0,0.0,0.0,0.0,0.0,0.0,0.0,0.0,34.1526,77.577,2023-05-13,South
19,Andhra Pradesh,0.0,0.0,0.0,0.0,0.0,0.0,0.0,0.0,0.0,0.0,0.0,0.0,0.0,0.0,0.0,0.0,0.0,0.0,22.0,100.0,0.0,0.0,22.0,100.0,1.0,4.5,0.0,0.0,1.0,4.5,1.0,100.0,0.0,0.0,1.0,100.0,0.0,0.0,0.0,0.0,0.0,0.0,0.0,0.0,0.0,0.0,0.0,0.0,0.0,0.0,0.0,0.0,0.0,0.0,10.328,72.7846,2023-06-23,South
20,Punjab,0.0,0.0,0.0,0.0,0.0,0.0,0.0,0.0,0.0,0.0,0.0,0.0,0.0,0.0,0.0,0.0,0.0,0.0,81505.0,58.3,20132.0,40.9,101637.0,53.8,13625.0,16.7,974.0,4.8,14599.0,14.4,2697.0,19.8,92.0,9.4,2789.0,19.1,0.0,0.0,0.0,0.0,0.0,0.0,0.0,0.0,0.0,0.0,0.0,0.0,0.0,0.0,0.0,0.0,0.0,0.0,22.9734,78.6569,2023-10-09,North
21,Arunachal Pradesh,0.0,0.0,0.0,0.0,0.0,0.0,0.0,0.0,0.0,0.0,0.0,0.0,0.0,0.0,0.0,0.0,0.0,0.0,128562.0,84.4,53968.0,69.8,182530.0,79.5,11941.0,9.3,1409.0,2.6,13350.0,7.3,4069.0,34.1,404.0,28.7,4473.0,33.5,0.0,0.0,0.0,0.0,0.0,0.0,0.0,0.0,0.0,0.0,0.0,0.0,0.0,0.0,0.0,0.0,0.0,0.0,19.7515,75.7139,2023-12-15,North East
22,Bihar,0.0,0.0,0.0,0.0,0.0,0.0,0.0,0.0,0.0,0.0,0.0,0.0,0.0,0.0,0.0,0.0,0.0,0.0,1709.0,72.1,135.0,52.5,1844.0,70.2,330.0,19.3,12.0,8.9,342.0,18.5,82.0,24.8,1.0,8.3,83.0,24.3,0.0,0.0,0.0,0.0,0.0,0.0,0.0,0.0,0.0,0.0,0.0,0.0,0.0,0.0,0.0,0.0,0.0,0.0,24.6637,93.9063,2023-04-30,East
23,Haryana,0.0,0.0,0.0,0.0,0.0,0.0,0.0,0.0,0.0,0.0,0.0,0.0,0.0,0.0,0.0,0.0,0.0,0.0,3586.0,77.3,182.0,56.5,3768.0,75.9,1384.0,38.6,60.0,33.0,1444.0,38.3,254.0,18.4,3.0,5.0,257.0,17.8,0.0,0.0,0.0,0.0,0.0,0.0,0.0,0.0,0.0,0.0,0.0,0.0,0.0,0.0,0.0,0.0,0.0,0.0,25.467,91.3662,2023-05-02,North
24,Jharkhand,0.0,0.0,0.0,0.0,0.0,0.0,0.0,0.0,0.0,0.0,0.0,0.0,0.0,0.0,0.0,0.0,0.0,0.0,2042.0,97.9,19.0,95.0,2061.0,97.9,616.0,30.2,5.0,26.3,621.0,30.1,548.0,89.0,5.0,100.0,553.0,89.0,0.0,0.0,0.0,0.0,0.0,0.0,0.0,0.0,0.0,0.0,0.0,0.0,0.0,0.0,0.0,0.0,0.0,0.0,23.1645,92.9376,2023-01-07,East
25,Himachal Pradesh,0.0,0.0,0.0,0.0,0.0,0.0,0.0,0.0,0.0,0.0,0.0,0.0,0.0,0.0,0.0,0.0,0.0,0.0,3141.0,82.5,357.0,95.7,3498.0,83.7,591.0,18.8,70.0,19.6,661.0,18.9,381.0,64.5,24.0,34.3,405.0,61.3,0.0,0.0,0.0,0.0,0.0,0.0,0.0,0.0,0.0,0.0,0.0,0.0,0.0,0.0,0.0,0.0,0.0,0.0,26.1584,94.5624,2023-05-13,North
26,Odisha,0.0,0.0,0.0,0.0,0.0,0.0,0.0,0.0,0.0,0.0,0.0,0.0,0.0,0.0,0.0,0.0,0.0,0.0,52549.0,94.6,4025.0,91.6,56574.0,94.4,9966.0,19.0,262.0,6.5,10228.0,18.1,4454.0,44.7,114.0,43.5,4568.0,44.7,0.0,0.0,0.0,0.0,0.0,0.0,0.0,0.0,0.0,0.0,0.0,0.0,0.0,0.0,0.0,0.0,0.0,0.0,20.9517,85.0985,2023-11-17,East
27,Jharkhand,0.0,0.0,0.0,0.0,0.0,0.0,0.0,0.0,0.0,0.0,0.0,0.0,0.0,0.0,0.0,0.0,0.0,0.0,1480.0,97.0,2.0,100.0,1482.0,97.1,224.0,15.1,1.0,50.0,225.0,15.2,220.0,98.2,1.0,100.0,221.0,98.2,0.0,0.0,0.0,0.0,0.0,0.0,0.0,0.0,0.0,0.0,0.0,0.0,0.0,0.0,0.0,0.0,0.0,0.0,11.9416,79.8083,2023-09-26,East
28,Kerala,0.0,0.0,0.0,0.0,0.0,0.0,0.0,0.0,0.0,0.0,0.0,0.0,0.0,0.0,0.0,0.0,0.0,0.0,40507.0,84.9,7662.0,78.1,48169.0,83.7,1693.0,4.2,85.0,1.1,1778.0,3.7,278.0,16.4,4.0,4.7,282.0,15.9,0.0,0.0,0.0,0.0,0.0,0.0,0.0,0.0,0.0,0.0,0.0,0.0,0.0,0.0,0.0,0.0,0.0,0.0,31.1471,75.3412,2023-02-04,South
29,Karnataka,0.0,0.0,0.0,0.0,0.0,0.0,0.0,0.0,0.0,0.0,0.0,0.0,0.0,0.0,0.0,0.0,0.0,0.0,106155.0,80.6,28475.0,73.7,134630.0,79.1,9100.0,8.6,1541.0,5.4,10641.0,7.9,3141.0,34.5,572.0,37.1,3713.0,34.9,0.0,0.0,0.0,0.0,0.0,0.0,0.0,0.0,0.0,0.0,0.0,0.0,0.0,0.0,0.0,0.0,0.0,0.0,27.0238,74.2179,2023-02-04,South
30,Himachal Pradesh,0.0,0.0,0.0,0.0,0.0,0.0,0.0,0.0,0.0,0.0,0.0,0.0,0.0,0.0,0.0,0.0,0.0,0.0,947.0,70.8,49.0,66.2,996.0,70.5,77.0,8.1,2.0,4.1,79.0,7.9,5.0,6.5,1.0,50.0,6.0,7.6,0.0,0.0,0.0,0.0,0.0,0.0,0.0,0.0,0.0,0.0,0.0,0.0,0.0,0.0,0.0,0.0,0.0,0.0,27.532,88.5122,2023-07-05,North
31,Tamil Nadu,0.0,0.0,0.0,0.0,0.0,0.0,0.0,0.0,0.0,0.0,0.0,0.0,0.0,0.0,0.0,0.0,0.0,0.0,71409.0,91.2,12182.0,68.9,83591.0,87.1,13718.0,19.2,958.0,7.9,14676.0,17.6,3231.0,23.6,165.0,17.2,3396.0,23.1,0.0,0.0,0.0,0.0,0.0,0.0,0.0,0.0,0.0,0.0,0.0,0.0,0.0,0.0,0.0,0.0,0.0,0.0,11.1271,78.6569,2023-04-22,South
32,Tripura,0.0,0.0,0.0,0.0,0.0,0.0,0.0,0.0,0.0,0.0,0.0,0.0,0.0,0.0,0.0,0.0,0.0,0.0,51000.0,93.5,16920.0,90.6,67920.0,92.8,6533.0,12.8,754.0,4.5,7287.0,10.7,3455.0,52.9,428.0,56.8,3883.0,53.3,0.0,0.0,0.0,0.0,0.0,0.0,0.0,0.0,0.0,0.0,0.0,0.0,0.0,0.0,0.0,0.0,0.0,0.0,18.1124,79.0193,2023-06-15,North East
33,Madhya Pradesh,0.0,0.0,0.0,0.0,0.0,0.0,0.0,0.0,0.0,0.0,0.0,0.0,0.0,0.0,0.0,0.0,0.0,0.0,2215.0,68.0,31.0,77.5,2246.0,68.2,478.0,21.6,0.0,0.0,478.0,21.3,44.0,9.2,0.0,0.0,44.0,9.2,0.0,0.0,0.0,0.0,0.0,0.0,0.0,0.0,0.0,0.0,0.0,0.0,0.0,0.0,0.0,0.0,0.0,0.0,23.9408,91.9882,2023-06-30,Central
34,Telangana,0.0,0.0,0.0,0.0,0.0,0.0,0.0,0.0,0.0,0.0,0.0,0.0,0.0,0.0,0.0,0.0,0.0,0.0,301001.0,71.8,57695.0,49.4,358696.0,66.9,29311.0,9.7,1686.0,2.9,30997.0,8.6,6824.0,23.3,236.0,14.0,7060.0,22.8,0.0,0.0,0.0,0.0,0.0,0.0,0.0,0.0,0.0,0.0,0.0,0.0,0.0,0.0,0.0,0.0,0.0,0.0,26.8467,80.9462,2023-11-20,South
35,Mizoram,0.0,0.0,0.0,0.0,0.0,0.0,0.0,0.0,0.0,0.0,0.0,0.0,0.0,0.0,0.0,0.0,0.0,0.0,21611.0,95.1,4206.0,90.5,25817.0,94.4,2492.0,11.5,185.0,4.4,2677.0,10.4,800.0,32.1,38.0,20.5,838.0,31.3,0.0,0.0,0.0,0.0,0.0,0.0,0.0,0.0,0.0,0.0,0.0,0.0,0.0,0.0,0.0,0.0,0.0,0.0,30.0668,79.0193,2023-11-01,North East
36,Uttarakhand,0.0,0.0,0.0,0.0,0.0,0.0,0.0,0.0,0.0,0.0,0.0,0.0,0.0,0.0,0.0,0.0,0.0,0.0,80975.0,86.3,6168.0,77.1,87143.0,85.6,18126.0,22.4,1100.0,17.8,19226.0,22.1,6173.0,34.1,353.0,32.1,6526.0,33.9,0.0,0.0,0.0,0.0,0.0,0.0,0.0,0.0,0.0,0.0,0.0,0.0,0.0,0.0,0.0,0.0,0.0,0.0,22.9868,87.855,2023-07-01,North
37,Uttarakhand,0.0,0.0,0.0,0.0,0.0,0.0,0.0,0.0,0.0,0.0,0.0,0.0,0.0,0.0,0.0,0.0,0.0,0.0,1473433.0,79.5,354179.0,62.4,1827612.0,75.5,194531.0,13.2,16012.0,4.5,210543.0,11.5,62753.0,32.3,4404.0,27.5,67157.0,31.9,0.0,0.0,0.0,0.0,0.0,0.0,0.0,0.0,0.0,0.0,0.0,0.0,0.0,0.0,0.0,0.0,0.0,0.0,20.5937,78.9629,2023-05-06,North
38,Uttar Pradesh,0.0,0.0,0.0,0.0,0.0,0.0,0.0,0.0,0.0,0.0,0.0,0.0,0.0,0.0,0.0,0.0,0.0,0.0,0.0,0.0,0.0,0.0,0.0,0.0,0.0,0.0,0.0,0.0,0.0,0.0,0.0,0.0,0.0,0.0,0.0,0.0,490.0,90.1,3.0,75.0,493.0,90.0,90.0,18.4,0.0,0.0,90.0,18.3,26.0,28.9,0.0,0.0,26.0,28.9,11.667,92.735,2023-04-01,North
39,Sikkim,0.0,0.0,0.0,0.0,0.0,0.0,0.0,0.0,0.0,0.0,0.0,0.0,0.0,0.0,0.0,0.0,0.0,0.0,0.0,0.0,0.0,0.0,0.0,0.0,0.0,0.0,0.0,0.0,0.0,0.0,0.0,0.0,0.0,0.0,0.0,0.0,63257.0,95.7,26303.0,97.5,89560.0,96.2,8187.0,12.9,1208.0,4.6,9395.0,10.5,1901.0,23.2,265.0,21.9,2166.0,23.1,15.9129,79.74,2023-10-27,North East
40,Arunachal Pradesh,0.0,0.0,0.0,0.0,0.0,0.0,0.0,0.0,0.0,0.0,0.0,0.0,0.0,0.0,0.0,0.0,0.0,0.0,0.0,0.0,0.0,0.0,0.0,0.0,0.0,0.0,0.0,0.0,0.0,0.0,0.0,0.0,0.0,0.0,0.0,0.0,2240.0,74.4,3.0,50.0,2243.0,74.4,245.0,10.9,0.0,0.0,245.0,10.9,140.0,57.1,0.0,0.0,140.0,57.1,28.218,94.7278,2023-06-22,North East
41,Assam,0.0,0.0,0.0,0.0,0.0,0.0,0.0,0.0,0.0,0.0,0.0,0.0,0.0,0.0,0.0,0.0,0.0,0.0,0.0,0.0,0.0,0.0,0.0,0.0,0.0,0.0,0.0,0.0,0.0,0.0,0.0,0.0,0.0,0.0,0.0,0.0,29582.0,70.4,4366.0,73.7,33948.0,70.8,5161.0,17.4,179.0,4.1,5340.0,15.7,1244.0,24.1,71.0,39.7,1315.0,24.6,26.2006,92.9376,2023-08-28,North East
42,Haryana,0.0,0.0,0.0,0.0,0.0,0.0,0.0,0.0,0.0,0.0,0.0,0.0,0.0,0.0,0.0,0.0,0.0,0.0,0.0,0.0,0.0,0.0,0.0,0.0,0.0,0.0,0.0,0.0,0.0,0.0,0.0,0.0,0.0,0.0,0.0,0.0,44246.0,54.4,35745.0,42.3,79991.0,48.2,781.0,1.8,254.0,0.7,1035.0,1.3,254.0,32.5,9.0,3.5,263.0,25.4,25.0961,85.3131,2023-05-29,North
43,Bihar,0.0,0.0,0.0,0.0,0.0,0.0,0.0,0.0,0.0,0.0,0.0,0.0,0.0,0.0,0.0,0.0,0.0,0.0,0.0,0.0,0.0,0.0,0.0,0.0,0.0,0.0,0.0,0.0,0.0,0.0,0.0,0.0,0.0,0.0,0.0,0.0,3487.0,93.8,47.0,73.4,3534.0,93.4,209.0,6.0,1.0,2.1,210.0,5.9,39.0,18.7,1.0,100.0,40.0,19.0,30.7333,76.7794,2023-07-14,East
44,Bihar,0.0,0.0,0.0,0.0,0.0,0.0,0.0,0.0,0.0,0.0,0.0,0.0,0.0,0.0,0.0,0.0,0.0,0.0,0.0,0.0,0.0,0.0,0.0,0.0,0.0,0.0,0.0,0.0,0.0,0.0,0.0,0.0,0.0,0.0,0.0,0.0,24653.0,83.7,5734.0,61.8,30387.0,78.5,5395.0,21.9,247.0,4.3,5642.0,18.6,2606.0,48.3,114.0,46.2,2720.0,48.2,21.2787,81.8661,2023-07-05,East
45,Assam,0.0,0.0,0.0,0.0,0.0,0.0,0.0,0.0,0.0,0.0,0.0,0.0,0.0,0.0,0.0,0.0,0.0,0.0,0.0,0.0,0.0,0.0,0.0,0.0,0.0,0.0,0.0,0.0,0.0,0.0,0.0,0.0,0.0,0.0,0.0,0.0,562.0,66.5,58.0,76.3,620.0,67.3,59.0,10.5,3.0,5.2,62.0,10.0,31.0,52.5,1.0,33.3,32.0,51.6,,,2023-08-13,North East
46,Goa,0.0,0.0,0.0,0.0,0.0,0.0,0.0,0.0,0.0,0.0,0.0,0.0,0.0,0.0,0.0,0.0,0.0,0.0,0.0,0.0,0.0,0.0,0.0,0.0,0.0,0.0,0.0,0.0,0.0,0.0,0.0,0.0,0.0,0.0,0.0,0.0,50682.0,65.0,1660.0,16.2,52342.0,59.3,3074.0,6.1,18.0,1.1,3092.0,5.9,619.0,20.1,4.0,22.2,623.0,20.1,28.7041,77.1025,2023-05-08,West
47,Bihar,0.0,0.0,0.0,0.0,0.0,0.0,0.0,0.0,0.0,0.0,0.0,0.0,0.0,0.0,0.0,0.0,0.0,0.0,0.0,0.0,0.0,0.0,0.0,0.0,0.0,0.0,0.0,0.0,0.0,0.0,0.0,0.0,0.0,0.0,0.0,0.0,1563.0,93.2,28.0,7.1,1591.0,76.7,120.0,7.7,2.0,7.1,122.0,7.7,16.0,13.3,0.0,0.0,16.0,13.1,15.2993,74.124,2023-08-30,East
48,Mizoram,0.0,0.0,0.0,0.0,0.0,0.0,0.0,0.0,0.0,0.0,0.0,0.0,0.0,0.0,0.0,0.0,0.0,0.0,0.0,0.0,0.0,0.0,0.0,0.0,0.0,0.0,0.0,0.0,0.0,0.0,0.0,0.0,0.0,0.0,0.0,0.0,103459.0,95.2,35556.0,90.1,139015.0,93.8,5707.0,5.5,493.0,1.4,6200.0,4.5,2455.0,43.0,252.0,51.1,2707.0,43.7,22.2587,71.1924,2023-03-31,North East
49,Goa,0.0,0.0,0.0,0.0,0.0,0.0,0.0,0.0,0.0,0.0,0.0,0.0,0.0,0.0,0.0,0.0,0.0,0.0,0.0,0.0,0.0,0.0,0.0,0.0,0.0,0.0,0.0,0.0,0.0,0.0,0.0,0.0,0.0,0.0,0.0,0.0,54295.0,88.6,14079.0,80.9,68374.0,86.9,1790.0,3.3,238.0,1.7,2028.0,3.0,729.0,40.7,99.0,41.6,828.0,40.8,29.0588,76.0856,2023-03-22,West
50,Chhattisgarh,0.0,0.0,0.0,0.0,0.0,0.0,0.0,0.0,0.0,0.0,0.0,0.0,0.0,0.0,0.0,0.0,0.0,0.0,0.0,0.0,0.0,0.0,0.0,0.0,0.0,0.0,0.0,0.0,0.0,0.0,0.0,0.0,0.0,0.0,0.0,0.0,15509.0,96.7,429.0,91.7,15938.0,96.6,1379.0,8.9,17.0,4.0,1396.0,8.8,1176.0,85.3,10.0,58.8,1186.0,85.0,31.1048,77.1734,2023-11-19,Central
51,Manipur,0.0,0.0,0.0,0.0,0.0,0.0,0.0,0.0,0.0,0.0,0.0,0.0,0.0,0.0,0.0,0.0,0.0,0.0,0.0,0.0,0.0,0.0,0.0,0.0,0.0,0.0,0.0,0.0,0.0,0.0,0.0,0.0,0.0,0.0,0.0,0.0,10172.0,89.4,514.0,88.3,10686.0,89.3,430.0,4.2,5.0,1.0,435.0,4.1,222.0,51.6,4.0,80.0,226.0,52.0,33.7782,76.5762,2023-03-09,North East
52,Jharkhand,0.0,0.0,0.0,0.0,0.0,0.0,0.0,0.0,0.0,0.0,0.0,0.0,0.0,0.0,0.0,0.0,0.0,0.0,0.0,0.0,0.0,0.0,0.0,0.0,0.0,0.0,0.0,0.0,0.0,0.0,0.0,0.0,0.0,0.0,0.0,0.0,35773.0,76.2,4537.0,39.4,40310.0,68.9,3335.0,9.3,48.0,1.1,3383.0,8.4,885.0,26.5,16.0,33.3,901.0,26.6,23.6102,85.2799,2023-09-16,East
53,Karnataka,0.0,0.0,0.0,0.0,0.0,0.0,0.0,0.0,0.0,0.0,0.0,0.0,0.0,0.0,0.0,0.0,0.0,0.0,0.0,0.0,0.0,0.0,0.0,0.0,0.0,0.0,0.0,0.0,0.0,0.0,0.0,0.0,0.0,0.0,0.0,0.0,59273.0,88.0,9629.0,81.8,68902.0,87.1,8964.0,15.1,409.0,4.2,9373.0,13.6,2538.0,28.3,110.0,26.9,2648.0,28.3,15.3173,75.7139,2023-09-27,South
54,Goa,0.0,0.0,0.0,0.0,0.0,0.0,0.0,0.0,0.0,0.0,0.0,0.0,0.0,0.0,0.0,0.0,0.0,0.0,0.0,0.0,0.0,0.0,0.0,0.0,0.0,0.0,0.0,0.0,0.0,0.0,0.0,0.0,0.0,0.0,0.0,0.0,17510.0,84.9,2003.0,69.1,19513.0,83.0,2660.0,15.2,101.0,5.0,2761.0,14.1,1270.0,47.7,38.0,37.6,1308.0,47.4,10.8505,76.2711,2023-06-13,West
55,Bihar,0.0,0.0,0.0,0.0,0.0,0.0,0.0,0.0,0.0,0.0,0.0,0.0,0.0,0.0,0.0,0.0,0.0,0.0,0.0,0.0,0.0,0.0,0.0,0.0,0.0,0.0,0.0,0.0,0.0,0.0,0.0,0.0,0.0,0.0,0.0,0.0,292.0,87.4,8.0,72.7,300.0,87.0,17.0,5.8,1.0,12.5,18.0,6.0,3.0,17.6,1.0,100.0,4.0,22.2,34.1526,77.577,2023-04-14,East
56,Punjab,0.0,0.0,0.0,0.0,0.0,0.0,0.0,0.0,0.0,0.0,0.0,0.0,0.0,0.0,0.0,0.0,0.0,0.0,0.0,0.0,0.0,0.0,0.0,0.0,0.0,0.0,0.0,0.0,0.0,0.0,0.0,0.0,0.0,0.0,0.0,0.0,22.0,100.0,0.0,0.0,22.0,100.0,0.0,0.0,0.0,0.0,0.0,0.0,0.0,0.0,0.0,0.0,0.0,0.0,10.328,72.7846,2023-07-04,North
57,Odisha,0.0,0.0,0.0,0.0,0.0,0.0,0.0,0.0,0.0,0.0,0.0,0.0,0.0,0.0,0.0,0.0,0.0,0.0,0.0,0.0,0.0,0.0,0.0,0.0,0.0,0.0,0.0,0.0,0.0,0.0,0.0,0.0,0.0,0.0,0.0,0.0,79128.0,56.6,19701.0,40.0,98829.0,52.3,5170.0,6.5,275.0,1.4,5445.0,5.5,1110.0,21.5,53.0,19.3,1163.0,21.4,22.9734,78.6569,2023-02-15,East
58,Karnataka,0.0,0.0,0.0,0.0,0.0,0.0,0.0,0.0,0.0,0.0,0.0,0.0,0.0,0.0,0.0,0.0,0.0,0.0,0.0,0.0,0.0,0.0,0.0,0.0,0.0,0.0,0.0,0.0,0.0,0.0,0.0,0.0,0.0,0.0,0.0,0.0,126323.0,82.9,52493.0,67.9,178816.0,77.8,6857.0,5.4,718.0,1.4,7575.0,4.2,2469.0,36.0,226.0,31.5,2695.0,35.6,19.7515,75.7139,2023-02-28,South
59,Telangana,0.0,0.0,0.0,0.0,0.0,0.0,0.0,0.0,0.0,0.0,0.0,0.0,0.0,0.0,0.0,0.0,0.0,0.0,0.0,0.0,0.0,0.0,0.0,0.0,0.0,0.0,0.0,0.0,0.0,0.0,0.0,0.0,0.0,0.0,0.0,0.0,1720.0,72.6,126.0,49.0,1846.0,70.3,251.0,14.6,8.0,6.3,259.0,14.0,79.0,31.5,1.0,12.5,80.0,30.9,24.6637,93.9063,2023-02-02,South
60,Gujarat,0.0,0.0,0.0,0.0,0.0,0.0,0.0,0.0,0.0,0.0,0.0,0.0,0.0,0.0,0.0,0.0,0.0,0.0,0.0,0.0,0.0,0.0,0.0,0.0,0.0,0.0,0.0,0.0,0.0,0.0,0.0,0.0,0.0,0.0,0.0,0.0,3538.0,76.2,148.0,46.0,3686.0,74.3,746.0,21.1,7.0,4.7,753.0,20.4,168.0,22.5,0.0,0.0,168.0,22.3,25.467,91.3662,2023-10-09,West
61,Karnataka,0.0,0.0,0.0,0.0,0.0,0.0,0.0,0.0,0.0,0.0,0.0,0.0,0.0,0.0,0.0,0.0,0.0,0.0,0.0,0.0,0.0,0.0,0.0,0.0,0.0,0.0,0.0,0.0,0.0,0.0,0.0,0.0,0.0,0.0,0.0,0.0,2025.0,97.1,20.0,100.0,2045.0,97.1,240.0,11.9,2.0,10.0,242.0,11.8,105.0,43.8,0.0,0.0,105.0,43.4,23.1645,92.9376,2023-12-25,South
62,Assam,0.0,0.0,0.0,0.0,0.0,0.0,0.0,0.0,0.0,0.0,0.0,0.0,0.0,0.0,0.0,0.0,0.0,0.0,0.0,0.0,0.0,0.0,0.0,0.0,0.0,0.0,0.0,0.0,0.0,0.0,0.0,0.0,0.0,0.0,0.0,0.0,3127.0,82.2,351.0,94.1,3478.0,83.2,312.0,10.0,10.0,2.8,322.0,9.3,198.0,63.5,0.0,0.0,198.0,61.5,26.1584,94.5624,2023-07-20,North East
63,Assam,0.0,0.0,0.0,0.0,0.0,0.0,0.0,0.0,0.0,0.0,0.0,0.0,0.0,0.0,0.0,0.0,0.0,0.0,0.0,0.0,0.0,0.0,0.0,0.0,0.0,0.0,0.0,0.0,0.0,0.0,0.0,0.0,0.0,0.0,0.0,0.0,52157.0,93.9,3969.0,90.3,56126.0,93.6,8665.0,16.6,251.0,6.3,8916.0,15.9,4024.0,46.4,103.0,41.0,4127.0,46.3,20.9517,85.0985,2023-04-09,North East
64,Assam,0.0,0.0,0.0,0.0,0.0,0.0,0.0,0.0,0.0,0.0,0.0,0.0,0.0,0.0,0.0,0.0,0.0,0.0,0.0,0.0,0.0,0.0,0.0,0.0,0.0,0.0,0.0,0.0,0.0,0.0,0.0,0.0,0.0,0.0,0.0,0.0,1467.0,96.2,2.0,100.0,1469.0,96.2,320.0,21.8,0.0,0.0,320.0,21.8,315.0,98.4,0.0,0.0,315.0,98.4,11.9416,79.8083,2023-02-06,North East
65,Gujarat,0.0,0.0,0.0,0.0,0.0,0.0,0.0,0.0,0.0,0.0,0.0,0.0,0.0,0.0,0.0,0.0,0.0,0.0,0.0,0.0,0.0,0.0,0.0,0.0,0.0,0.0,0.0,0.0,0.0,0.0,0.0,0.0,0.0,0.0,0.0,0.0,40121.0,84.1,7502.0,76.4,47623.0,82.8,1531.0,3.8,72.0,1.0,1603.0,3.4,280.0,18.3,6.0,8.3,286.0,17.8,31.1471,75.3412,2023-01-14,West
66,Meghalaya,0.0,0.0,0.0,0.0,0.0,0.0,0.0,0.0,0.0,0.0,0.0,0.0,0.0,0.0,0.0,0.0,0.0,0.0,0.0,0.0,0.0,0.0,0.0,0.0,0.0,0.0,0.0,0.0,0.0,0.0,0.0,0.0,0.0,0.0,0.0,0.0,104335.0,79.3,28427.0,73.6,132762.0,78.0,3343.0,3.2,450.0,1.6,3793.0,2.9,1071.0,32.0,191.0,42.4,1262.0,33.3,27.0238,74.2179,2023-02-15,North East
67,West Bengal,0.0,0.0,0.0,0.0,0.0,0.0,0.0,0.0,0.0,0.0,0.0,0.0,0.0,0.0,0.0,0.0,0.0,0.0,0.0,0.0,0.0,0.0,0.0,0.0,0.0,0.0,0.0,0.0,0.0,0.0,0.0,0.0,0.0,0.0,0.0,0.0,983.0,73.5,48.0,64.9,1031.0,73.0,60.0,6.1,2.0,4.2,62.0,6.0,4.0,6.7,1.0,50.0,5.0,8.1,27.532,88.5122,2023-08-12,East
68,Mizoram,0.0,0.0,0.0,0.0,0.0,0.0,0.0,0.0,0.0,0.0,0.0,0.0,0.0,0.0,0.0,0.0,0.0,0.0,0.0,0.0,0.0,0.0,0.0,0.0,0.0,0.0,0.0,0.0,0.0,0.0,0.0,0.0,0.0,0.0,0.0,0.0,71063.0,90.8,12009.0,68.0,83072.0,86.6,16475.0,23.2,979.0,8.2,17454.0,21.0,3754.0,22.8,170.0,17.4,3924.0,22.5,11.1271,78.6569,2023-06-01,North East
69,Kerala,0.0,0.0,0.0,0.0,0.0,0.0,0.0,0.0,0.0,0.0,0.0,0.0,0.0,0.0,0.0,0.0,0.0,0.0,0.0,0.0,0.0,0.0,0.0,0.0,0.0,0.0,0.0,0.0,0.0,0.0,0.0,0.0,0.0,0.0,0.0,0.0,50793.0,93.1,16883.0,90.4,67676.0,92.4,7172.0,14.1,871.0,5.2,8043.0,11.9,3827.0,53.4,474.0,54.4,4301.0,53.5,18.1124,79.0193,2023-08-16,South
70,Haryana,0.0,0.0,0.0,0.0,0.0,0.0,0.0,0.0,0.0,0.0,0.0,0.0,0.0,0.0,0.0,0.0,0.0,0.0,0.0,0.0,0.0,0.0,0.0,0.0,0.0,0.0,0.0,0.0,0.0,0.0,0.0,0.0,0.0,0.0,0.0,0.0,2177.0,66.9,32.0,80.0,2209.0,67.0,495.0,22.7,0.0,0.0,495.0,22.4,72.0,14.5,0.0,0.0,72.0,14.5,23.9408,91.9882,2023-10-23,North
71,Goa,0.0,0.0,0.0,0.0,0.0,0.0,0.0,0.0,0.0,0.0,0.0,0.0,0.0,0.0,0.0,0.0,0.0,0.0,0.0,0.0,0.0,0.0,0.0,0.0,0.0,0.0,0.0,0.0,0.0,0.0,0.0,0.0,0.0,0.0,0.0,0.0,291692.0,69.6,56031.0,48.0,347723.0,64.9,9876.0,3.4,506.0,0.9,10382.0,3.0,2846.0,28.8,76.0,15.0,2922.0,28.1,26.8467,80.9462,2023-03-10,West
72,Mizoram,0.0,0.0,0.0,0.0,0.0,0.0,0.0,0.0,0.0,0.0,0.0,0.0,0.0,0.0,0.0,0.0,0.0,0.0,0.0,0.0,0.0,0.0,0.0,0.0,0.0,0.0,0.0,0.0,0.0,0.0,0.0,0.0,0.0,0.0,0.0,0.0,21322.0,93.9,4180.0,89.9,25502.0,93.2,1645.0,7.7,106.0,2.5,1751.0,6.9,610.0,37.1,21.0,19.8,631.0,36.0,30.0668,79.0193,2023-05-19,North East
73,Uttar Pradesh,0.0,0.0,0.0,0.0,0.0,0.0,0.0,0.0,0.0,0.0,0.0,0.0,0.0,0.0,0.0,0.0,0.0,0.0,0.0,0.0,0.0,0.0,0.0,0.0,0.0,0.0,0.0,0.0,0.0,0.0,0.0,0.0,0.0,0.0,0.0,0.0,79395.0,84.6,6058.0,75.7,85453.0,83.9,10784.0,13.6,587.0,9.7,11371.0,13.3,3814.0,35.4,218.0,37.1,4032.0,35.5,22.9868,87.855,2023-01-21,North
74,Bihar,0.0,0.0,0.0,0.0,0.0,0.0,0.0,0.0,0.0,0.0,0.0,0.0,0.0,0.0,0.0,0.0,0.0,0.0,0.0,0.0,0.0,0.0,0.0,0.0,0.0,0.0,0.0,0.0,0.0,0.0,0.0,0.0,0.0,0.0,0.0,0.0,1448433.0,78.1,348682.0,61.4,1797115.0,74.2,121545.0,8.4,8068.0,2.3,129613.0,7.2,40900.0,33.7,2535.0,31.4,43435.0,33.5,20.5937,78.9629,2023-10-15,East
75,Andhra Pradesh,518.0,95.2,3.0,75.0,521.0,95.1,97.0,18.7,1.0,33.3,98.0,18.8,69.0,71.1,1.0,100.0,70.0,71.4,0.0,0.0,0.0,0.0,0.0,0.0,0.0,0.0,0.0,0.0,0.0,0.0,0.0,0.0,0.0,0.0,0.0,0.0,0.0,0.0,0.0,0.0,0.0,0.0,0.0,0.0,0.0,0.0,0.0,0.0,0.0,0.0,0.0,0.0,0.0,0.0,11.667,92.735,2023-03-16,South
76,Chhattisgarh,65235.0,98.7,26883.0,99.6,92118.0,98.9,8816.0,13.5,2940.0,10.9,11756.0,12.8,6282.0,71.3,1671.0,56.8,7953.0,67.7,0.0,0.0,0.0,0.0,0.0,0.0,0.0,0.0,0.0,0.0,0.0,0.0,0.0,0.0,0.0,0.0,0.0,0.0,0.0,0.0,0.0,0.0,0.0,0.0,0.0,0.0,0.0,0.0,0.0,0.0,0.0,0.0,0.0,0.0,0.0,0.0,15.9129,79.74,2023-12-13,Central
77,Goa,2378.0,79.0,3.0,50.0,2381.0,79.0,59.0,2.5,0.0,0.0,59.0,2.5,28.0,47.5,0.0,0.0,28.0,47.5,0.0,0.0,0.0,0.0,0.0,0.0,0.0,0.0,0.0,0.0,0.0,0.0,0.0,0.0,0.0,0.0,0.0,0.0,0.0,0.0,0.0,0.0,0.0,0.0,0.0,0.0,0.0,0.0,0.0,0.0,0.0,0.0,0.0,0.0,0.0,0.0,28.218,94.7278,2023-12-04,West
78,Maharashtra,34011.0,81.0,4929.0,83.2,38940.0,81.2,2554.0,7.5,499.0,10.1,3053.0,7.8,1003.0,39.3,179.0,35.9,1182.0,38.7,0.0,0.0,0.0,0.0,0.0,0.0,0.0,0.0,0.0,0.0,0.0,0.0,0.0,0.0,0.0,0.0,0.0,0.0,0.0,0.0,0.0,0.0,0.0,0.0,0.0,0.0,0.0,0.0,0.0,0.0,0.0,0.0,0.0,0.0,0.0,0.0,26.2006,92.9376,2023-08-15,West
79,Goa,53768.0,66.1,74114.0,87.7,127882.0,77.1,3062.0,5.7,3801.0,5.1,6863.0,5.4,1489.0,48.6,811.0,21.3,2300.0,33.5,0.0,0.0,0.0,0.0,0.0,0.0,0.0,0.0,0.0,0.0,0.0,0.0,0.0,0.0,0.0,0.0,0.0,0.0,0.0,0.0,0.0,0.0,0.0,0.0,0.0,0.0,0.0,0.0,0.0,0.0,0.0,0.0,0.0,0.0,0.0,0.0,25.0961,85.3131,2023-11-13,West
80,Telangana,3531.0,94.9,47.0,73.4,3578.0,94.6,316.0,8.9,5.0,10.6,321.0,9.0,248.0,78.5,5.0,100.0,253.0,78.8,0.0,0.0,0.0,0.0,0.0,0.0,0.0,0.0,0.0,0.0,0.0,0.0,0.0,0.0,0.0,0.0,0.0,0.0,0.0,0.0,0.0,0.0,0.0,0.0,0.0,0.0,0.0,0.0,0.0,0.0,0.0,0.0,0.0,0.0,0.0,0.0,30.7333,76.7794,2023-12-16,South
81,Manipur,26987.0,91.6,8243.0,88.8,35230.0,91.0,2473.0,9.2,639.0,7.8,3112.0,8.8,1184.0,47.9,155.0,24.3,1339.0,43.0,0.0,0.0,0.0,0.0,0.0,0.0,0.0,0.0,0.0,0.0,0.0,0.0,0.0,0.0,0.0,0.0,0.0,0.0,0.0,0.0,0.0,0.0,0.0,0.0,0.0,0.0,0.0,0.0,0.0,0.0,0.0,0.0,0.0,0.0,0.0,0.0,21.2787,81.8661,2023-12-02,North East
82,Uttarakhand,838.0,99.2,76.0,100.0,914.0,99.2,56.0,6.7,3.0,3.9,59.0,6.5,46.0,82.1,2.0,66.7,48.0,81.4,0.0,0.0,0.0,0.0,0.0,0.0,0.0,0.0,0.0,0.0,0.0,0.0,0.0,0.0,0.0,0.0,0.0,0.0,0.0,0.0,0.0,0.0,0.0,0.0,0.0,0.0,0.0,0.0,0.0,0.0,0.0,0.0,0.0,0.0,0.0,0.0,,,2023-11-01,North
83,Telangana,65700.0,84.2,5628.0,55.0,71328.0,80.8,5323.0,8.1,621.0,11.0,5944.0,8.3,2661.0,50.0,168.0,27.1,2829.0,47.6,0.0,0.0,0.0,0.0,0.0,0.0,0.0,0.0,0.0,0.0,0.0,0.0,0.0,0.0,0.0,0.0,0.0,0.0,0.0,0.0,0.0,0.0,0.0,0.0,0.0,0.0,0.0,0.0,0.0,0.0,0.0,0.0,0.0,0.0,0.0,0.0,28.7041,77.1025,2023-08-09,South
84,Uttarakhand,1659.0,98.9,288.0,72.7,1947.0,93.9,332.0,20.0,45.0,15.6,377.0,19.4,300.0,90.4,25.0,55.6,325.0,86.2,0.0,0.0,0.0,0.0,0.0,0.0,0.0,0.0,0.0,0.0,0.0,0.0,0.0,0.0,0.0,0.0,0.0,0.0,0.0,0.0,0.0,0.0,0.0,0.0,0.0,0.0,0.0,0.0,0.0,0.0,0.0,0.0,0.0,0.0,0.0,0.0,15.2993,74.124,2023-03-23,North
85,Maharashtra,106333.0,97.8,35899.0,90.9,142232.0,96.0,5343.0,5.0,1250.0,3.5,6593.0,4.6,4304.0,80.6,991.0,79.3,5295.0,80.3,0.0,0.0,0.0,0.0,0.0,0.0,0.0,0.0,0.0,0.0,0.0,0.0,0.0,0.0,0.0,0.0,0.0,0.0,0.0,0.0,0.0,0.0,0.0,0.0,0.0,0.0,0.0,0.0,0.0,0.0,0.0,0.0,0.0,0.0,0.0,0.0,22.2587,71.1924,2023-05-03,West
86,Karnataka,58171.0,95.0,15853.0,91.1,74024.0,94.1,4463.0,7.7,837.0,5.3,5300.0,7.2,3357.0,75.2,560.0,66.9,3917.0,73.9,0.0,0.0,0.0,0.0,0.0,0.0,0.0,0.0,0.0,0.0,0.0,0.0,0.0,0.0,0.0,0.0,0.0,0.0,0.0,0.0,0.0,0.0,0.0,0.0,0.0,0.0,0.0,0.0,0.0,0.0,0.0,0.0,0.0,0.0,0.0,0.0,29.0588,76.0856,2023-10-12,South
87,Telangana,15885.0,99.1,455.0,97.2,16340.0,99.0,1484.0,9.3,27.0,5.9,1511.0,9.2,1136.0,76.5,21.0,77.8,1157.0,76.6,0.0,0.0,0.0,0.0,0.0,0.0,0.0,0.0,0.0,0.0,0.0,0.0,0.0,0.0,0.0,0.0,0.0,0.0,0.0,0.0,0.0,0.0,0.0,0.0,0.0,0.0,0.0,0.0,0.0,0.0,0.0,0.0,0.0,0.0,0.0,0.0,31.1048,77.1734,2023-01-15,South
88,Uttarakhand,10855.0,95.4,552.0,94.8,11407.0,95.4,729.0,6.7,40.0,7.2,769.0,6.7,378.0,51.9,31.0,77.5,409.0,53.2,0.0,0.0,0.0,0.0,0.0,0.0,0.0,0.0,0.0,0.0,0.0,0.0,0.0,0.0,0.0,0.0,0.0,0.0,0.0,0.0,0.0,0.0,0.0,0.0,0.0,0.0,0.0,0.0,0.0,0.0,0.0,0.0,0.0,0.0,0.0,0.0,33.7782,76.5762,2023-07-24,North
89,Uttar Pradesh,42246.0,90.0,9644.0,83.8,51890.0,88.8,2305.0,5.5,648.0,6.7,2953.0,5.7,1266.0,54.9,260.0,40.1,1526.0,51.7,0.0,0.0,0.0,0.0,0.0,0.0,0.0,0.0,0.0,0.0,0.0,0.0,0.0,0.0,0.0,0.0,0.0,0.0,0.0,0.0,0.0,0.0,0.0,0.0,0.0,0.0,0.0,0.0,0.0,0.0,0.0,0.0,0.0,0.0,0.0,0.0,23.6102,85.2799,2023-08-25,North
90,Telangana,64615.0,95.9,10593.0,90.0,75208.0,95.0,9616.0,14.9,975.0,9.2,10591.0,14.1,7379.0,76.7,742.0,76.1,8121.0,76.7,0.0,0.0,0.0,0.0,0.0,0.0,0.0,0.0,0.0,0.0,0.0,0.0,0.0,0.0,0.0,0.0,0.0,0.0,0.0,0.0,0.0,0.0,0.0,0.0,0.0,0.0,0.0,0.0,0.0,0.0,0.0,0.0,0.0,0.0,0.0,0.0,15.3173,75.7139,2023-07-12,South
91,Goa,19388.0,94.1,2557.0,88.2,21945.0,93.3,6376.0,32.9,770.0,30.1,7146.0,32.6,4163.0,65.3,446.0,57.9,4609.0,64.5,0.0,0.0,0.0,0.0,0.0,0.0,0.0,0.0,0.0,0.0,0.0,0.0,0.0,0.0,0.0,0.0,0.0,0.0,0.0,0.0,0.0,0.0,0.0,0.0,0.0,0.0,0.0,0.0,0.0,0.0,0.0,0.0,0.0,0.0,0.0,0.0,10.8505,76.2711,2023-11-19,West
92,Chhattisgarh,306.0,91.6,9.0,81.8,315.0,91.3,7.0,2.3,1.0,11.1,8.0,2.5,6.0,85.7,1.0,100.0,7.0,87.5,0.0,0.0,0.0,0.0,0.0,0.0,0.0,0.0,0.0,0.0,0.0,0.0,0.0,0.0,0.0,0.0,0.0,0.0,0.0,0.0,0.0,0.0,0.0,0.0,0.0,0.0,0.0,0.0,0.0,0.0,0.0,0.0,0.0,0.0,0.0,0.0,34.1526,77.577,2023-11-26,Central
93,Mizoram,21.0,95.5,0.0,0.0,21.0,95.5,5.0,23.8,0.0,0.0,5.0,23.8,4.0,80.0,0.0,0.0,4.0,80.0,0.0,0.0,0.0,0.0,0.0,0.0,0.0,0.0,0.0,0.0,0.0,0.0,0.0,0.0,0.0,0.0,0.0,0.0,0.0,0.0,0.0,0.0,0.0,0.0,0.0,0.0,0.0,0.0,0.0,0.0,0.0,0.0,0.0,0.0,0.0,0.0,10.328,72.7846,2023-12-11,North East
94,Uttar Pradesh,125381.0,89.8,46026.0,93.5,171407.0,90.7,6816.0,5.4,3221.0,7.0,10037.0,5.9,2983.0,43.8,1196.0,37.1,4179.0,41.6,0.0,0.0,0.0,0.0,0.0,0.0,0.0,0.0,0.0,0.0,0.0,0.0,0.0,0.0,0.0,0.0,0.0,0.0,0.0,0.0,0.0,0.0,0.0,0.0,0.0,0.0,0.0,0.0,0.0,0.0,0.0,0.0,0.0,0.0,0.0,0.0,22.9734,78.6569,2023-03-14,North
95,Telangana,148268.0,97.3,73877.0,95.5,222145.0,96.7,9416.0,6.4,4376.0,5.9,13792.0,6.2,6493.0,69.0,2543.0,58.1,9036.0,65.5,0.0,0.0,0.0,0.0,0.0,0.0,0.0,0.0,0.0,0.0,0.0,0.0,0.0,0.0,0.0,0.0,0.0,0.0,0.0,0.0,0.0,0.0,0.0,0.0,0.0,0.0,0.0,0.0,0.0,0.0,0.0,0.0,0.0,0.0,0.0,0.0,19.7515,75.7139,2023-05-29,South
96,Tamil Nadu,1808.0,76.3,143.0,55.6,1951.0,74.3,275.0,15.2,11.0,7.7,286.0,14.7,129.0,46.9,2.0,18.2,131.0,45.8,0.0,0.0,0.0,0.0,0.0,0.0,0.0,0.0,0.0,0.0,0.0,0.0,0.0,0.0,0.0,0.0,0.0,0.0,0.0,0.0,0.0,0.0,0.0,0.0,0.0,0.0,0.0,0.0,0.0,0.0,0.0,0.0,0.0,0.0,0.0,0.0,24.6637,93.9063,2023-05-03,South
97,Chhattisgarh,3646.0,78.6,165.0,51.2,3811.0,76.8,216.0,5.9,4.0,2.4,220.0,5.8,142.0,65.7,3.0,75.0,145.0,65.9,0.0,0.0,0.0,0.0,0.0,0.0,0.0,0.0,0.0,0.0,0.0,0.0,0.0,0.0,0.0,0.0,0.0,0.0,0.0,0.0,0.0,0.0,0.0,0.0,0.0,0.0,0.0,0.0,0.0,0.0,0.0,0.0,0.0,0.0,0.0,0.0,25.467,91.3662,2023-02-13,Central
98,Uttar Pradesh,2056.0,98.6,20.0,100.0,2076.0,98.6,129.0,6.3,6.0,30.0,135.0,6.5,125.0,96.9,6.0,100.0,131.0,97.0,0.0,0.0,0.0,0.0,0.0,0.0,0.0,0.0,0.0,0.0,0.0,0.0,0.0,0.0,0.0,0.0,0.0,0.0,0.0,0.0,0.0,0.0,0.0,0.0,0.0,0.0,0.0,0.0,0.0,0.0,0.0,0.0,0.0,0.0,0.0,0.0,23.1645,92.9376,2023-06-24,North
99,Gujarat,3165.0,83.2,349.0,93.6,3514.0,84.1,175.0,5.5,20.0,5.7,195.0,5.5,86.0,49.1,2.0,10.0,88.0,45.1,0.0,0.0,0.0,0.0,0.0,0.0,0.0,0.0,0.0,0.0,0.0,0.0,0.0,0.0,0.0,0.0,0.0,0.0,0.0,0.0,0.0,0.0,0.0,0.0,0.0,0.0,0.0,0.0,0.0,0.0,0.0,0.0,0.0,0.0,0.0,0.0,26.1584,94.5624,2023-09-22,West
100,Sikkim,53597.0,96.5,4141.0,94.2,57738.0,96.3,4047.0,7.6,274.0,6.6,4321.0,7.5,3105.0,76.7,211.0,77.0,3316.0,76.7,0.0,0.0,0.0,0.0,0.0,0.0,0.0,0.0,0.0,0.0,0.0,0.0,0.0,0.0,0.0,0.0,0.0,0.0,0.0,0.0,0.0,0.0,0.0,0.0,0.0,0.0,0.0,0.0,0.0,0.0,0.0,0.0,0.0,0.0,0.0,0.0,20.9517,85.0985,2023-04-11,North East
101,Kerala,1510.0,99.0,2.0,100.0,1512.0,99.0,464.0,30.7,0.0,0.0,464.0,30.7,445.0,95.9,0.0,0.0,445.0,95.9,0.0,0.0,0.0,0.0,0.0,0.0,0.0,0.0,0.0,0.0,0.0,0.0,0.0,0.0,0.0,0.0,0.0,0.0,0.0,0.0,0.0,0.0,0.0,0.0,0.0,0.0,0.0,0.0,0.0,0.0,0.0,0.0,0.0,0.0,0.0,0.0,11.9416,79.8083,2023-03-05,South
102,Gujarat,43665.0,91.5,9006.0,91.8,52671.0,91.5,4930.0,11.3,676.0,7.5,5606.0,10.6,2266.0,46.0,170.0,25.1,2436.0,43.5,0.0,0.0,0.0,0.0,0.0,0.0,0.0,0.0,0.0,0.0,0.0,0.0,0.0,0.0,0.0,0.0,0.0,0.0,0.0,0.0,0.0,0.0,0.0,0.0,0.0,0.0,0.0,0.0,0.0,0.0,0.0,0.0,0.0,0.0,0.0,0.0,31.1471,75.3412,2023-01-30,West
103,Maharashtra,119170.0,90.5,34317.0,88.8,153487.0,90.1,3484.0,2.9,1208.0,3.5,4692.0,3.1,2276.0,65.3,538.0,44.5,2814.0,60.0,0.0,0.0,0.0,0.0,0.0,0.0,0.0,0.0,0.0,0.0,0.0,0.0,0.0,0.0,0.0,0.0,0.0,0.0,0.0,0.0,0.0,0.0,0.0,0.0,0.0,0.0,0.0,0.0,0.0,0.0,0.0,0.0,0.0,0.0,0.0,0.0,27.0238,74.2179,2023-06-24,West
104,Tripura,1305.0,97.5,71.0,95.9,1376.0,97.5,118.0,9.0,4.0,5.6,122.0,8.9,106.0,89.8,3.0,75.0,109.0,89.3,0.0,0.0,0.0,0.0,0.0,0.0,0.0,0.0,0.0,0.0,0.0,0.0,0.0,0.0,0.0,0.0,0.0,0.0,0.0,0.0,0.0,0.0,0.0,0.0,0.0,0.0,0.0,0.0,0.0,0.0,0.0,0.0,0.0,0.0,0.0,0.0,27.532,88.5122,2023-03-01,North East
105,Andhra Pradesh,76635.0,97.9,16054.0,90.8,92689.0,96.6,20196.0,26.4,3655.0,22.8,23851.0,25.7,19144.0,94.8,3179.0,87.0,22323.0,93.6,0.0,0.0,0.0,0.0,0.0,0.0,0.0,0.0,0.0,0.0,0.0,0.0,0.0,0.0,0.0,0.0,0.0,0.0,0.0,0.0,0.0,0.0,0.0,0.0,0.0,0.0,0.0,0.0,0.0,0.0,0.0,0.0,0.0,0.0,0.0,0.0,11.1271,78.6569,2023-09-12,South
106,Bihar,51411.0,94.3,17215.0,92.2,68626.0,93.7,3250.0,6.3,892.0,5.2,4142.0,6.0,2691.0,82.8,738.0,82.7,3429.0,82.8,0.0,0.0,0.0,0.0,0.0,0.0,0.0,0.0,0.0,0.0,0.0,0.0,0.0,0.0,0.0,0.0,0.0,0.0,0.0,0.0,0.0,0.0,0.0,0.0,0.0,0.0,0.0,0.0,0.0,0.0,0.0,0.0,0.0,0.0,0.0,0.0,18.1124,79.0193,2023-02-17,East
107,Telangana,3078.0,94.6,34.0,85.0,3112.0,94.4,473.0,15.4,6.0,17.6,479.0,15.4,182.0,38.5,0.0,0.0,182.0,38.0,0.0,0.0,0.0,0.0,0.0,0.0,0.0,0.0,0.0,0.0,0.0,0.0,0.0,0.0,0.0,0.0,0.0,0.0,0.0,0.0,0.0,0.0,0.0,0.0,0.0,0.0,0.0,0.0,0.0,0.0,0.0,0.0,0.0,0.0,0.0,0.0,23.9408,91.9882,2023-12-29,South
108,Andhra Pradesh,390088.0,93.0,100893.0,86.5,490981.0,91.6,21480.0,5.5,1968.0,2.0,23448.0,4.8,8161.0,38.0,670.0,34.0,8831.0,37.7,0.0,0.0,0.0,0.0,0.0,0.0,0.0,0.0,0.0,0.0,0.0,0.0,0.0,0.0,0.0,0.0,0.0,0.0,0.0,0.0,0.0,0.0,0.0,0.0,0.0,0.0,0.0,0.0,0.0,0.0,0.0,0.0,0.0,0.0,0.0,0.0,26.8467,80.9462,2023-11-17,South
109,Telangana,21948.0,96.6,4339.0,93.3,26287.0,96.1,1741.0,7.9,231.0,5.3,1972.0,7.5,670.0,38.5,121.0,52.4,791.0,40.1,0.0,0.0,0.0,0.0,0.0,0.0,0.0,0.0,0.0,0.0,0.0,0.0,0.0,0.0,0.0,0.0,0.0,0.0,0.0,0.0,0.0,0.0,0.0,0.0,0.0,0.0,0.0,0.0,0.0,0.0,0.0,0.0,0.0,0.0,0.0,0.0,30.0668,79.0193,2023-05-19,South
110,Meghalaya,87854.0,93.6,6472.0,80.9,94326.0,92.6,12541.0,14.3,910.0,14.1,13451.0,14.3,9590.0,76.5,710.0,78.0,10300.0,76.6,0.0,0.0,0.0,0.0,0.0,0.0,0.0,0.0,0.0,0.0,0.0,0.0,0.0,0.0,0.0,0.0,0.0,0.0,0.0,0.0,0.0,0.0,0.0,0.0,0.0,0.0,0.0,0.0,0.0,0.0,0.0,0.0,0.0,0.0,0.0,0.0,22.9868,87.855,2023-08-24,North East
111,Arunachal Pradesh,1707030.0,92.1,508900.0,89.6,2215930.0,91.5,143167.0,8.4,30564.0,6.0,173731.0,7.8,93897.0,65.6,16161.0,52.9,110058.0,63.3,0.0,0.0,0.0,0.0,0.0,0.0,0.0,0.0,0.0,0.0,0.0,0.0,0.0,0.0,0.0,0.0,0.0,0.0,0.0,0.0,0.0,0.0,0.0,0.0,0.0,0.0,0.0,0.0,0.0,0.0,0.0,0.0,0.0,0.0,0.0,0.0,20.5937,78.9629,2023-10-17,North East
112,Punjab,0.0,0.0,0.0,0.0,0.0,0.0,0.0,0.0,0.0,0.0,0.0,0.0,0.0,0.0,0.0,0.0,0.0,0.0,495.0,91.0,3.0,75.0,498.0,90.9,89.0,18.0,0.0,0.0,89.0,17.9,30.0,33.7,0.0,0.0,30.0,33.7,0.0,0.0,0.0,0.0,0.0,0.0,0.0,0.0,0.0,0.0,0.0,0.0,0.0,0.0,0.0,0.0,0.0,0.0,11.667,92.735,2023-02-28,North
113,Assam,0.0,0.0,0.0,0.0,0.0,0.0,0.0,0.0,0.0,0.0,0.0,0.0,0.0,0.0,0.0,0.0,0.0,0.0,63627.0,96.2,26477.0,98.1,90104.0,96.8,9786.0,15.4,1409.0,5.3,11195.0,12.4,2456.0,25.1,326.0,23.1,2782.0,24.9,0.0,0.0,0.0,0.0,0.0,0.0,0.0,0.0,0.0,0.0,0.0,0.0,0.0,0.0,0.0,0.0,0.0,0.0,15.9129,79.74,2023-09-18,North East
114,Meghalaya,0.0,0.0,0.0,0.0,0.0,0.0,0.0,0.0,0.0,0.0,0.0,0.0,0.0,0.0,0.0,0.0,0.0,0.0,2256.0,75.0,3.0,50.0,2259.0,74.9,303.0,13.4,0.0,0.0,303.0,13.4,171.0,56.4,0.0,0.0,171.0,56.4,0.0,0.0,0.0,0.0,0.0,0.0,0.0,0.0,0.0,0.0,0.0,0.0,0.0,0.0,0.0,0.0,0.0,0.0,28.218,94.7278,2023-03-30,North East
115,Tripura,0.0,0.0,0.0,0.0,0.0,0.0,0.0,0.0,0.0,0.0,0.0,0.0,0.0,0.0,0.0,0.0,0.0,0.0,30134.0,71.7,4074.0,68.8,34208.0,71.4,7929.0,26.3,325.0,8.0,8254.0,24.1,1497.0,18.9,93.0,28.6,1590.0,19.3,0.0,0.0,0.0,0.0,0.0,0.0,0.0,0.0,0.0,0.0,0.0,0.0,0.0,0.0,0.0,0.0,0.0,0.0,26.2006,92.9376,2023-12-17,North East
116,Odisha,0.0,0.0,0.0,0.0,0.0,0.0,0.0,0.0,0.0,0.0,0.0,0.0,0.0,0.0,0.0,0.0,0.0,0.0,44248.0,54.4,36165.0,42.8,80413.0,48.5,4139.0,9.4,1152.0,3.2,5291.0,6.6,917.0,22.2,41.0,3.6,958.0,18.1,0.0,0.0,0.0,0.0,0.0,0.0,0.0,0.0,0.0,0.0,0.0,0.0,0.0,0.0,0.0,0.0,0.0,0.0,25.0961,85.3131,2023-07-14,East
117,Telangana,0.0,0.0,0.0,0.0,0.0,0.0,0.0,0.0,0.0,0.0,0.0,0.0,0.0,0.0,0.0,0.0,0.0,0.0,3508.0,94.3,47.0,73.4,3555.0,94.0,305.0,8.7,2.0,4.3,307.0,8.6,60.0,19.7,0.0,0.0,60.0,19.5,0.0,0.0,0.0,0.0,0.0,0.0,0.0,0.0,0.0,0.0,0.0,0.0,0.0,0.0,0.0,0.0,0.0,0.0,30.7333,76.7794,2023-09-06,South
118,Rajasthan,0.0,0.0,0.0,0.0,0.0,0.0,0.0,0.0,0.0,0.0,0.0,0.0,0.0,0.0,0.0,0.0,0.0,0.0,25332.0,86.0,5815.0,62.7,31147.0,80.4,7986.0,31.5,336.0,5.8,8322.0,26.7,3595.0,45.0,140.0,41.7,3735.0,44.9,0.0,0.0,0.0,0.0,0.0,0.0,0.0,0.0,0.0,0.0,0.0,0.0,0.0,0.0,0.0,0.0,0.0,0.0,21.2787,81.8661,2023-11-14,North
119,Himachal Pradesh,0.0,0.0,0.0,0.0,0.0,0.0,0.0,0.0,0.0,0.0,0.0,0.0,0.0,0.0,0.0,0.0,0.0,0.0,548.0,64.9,57.0,75.0,605.0,65.7,67.0,12.2,2.0,3.5,69.0,11.4,38.0,56.7,2.0,100.0,40.0,58.0,0.0,0.0,0.0,0.0,0.0,0.0,0.0,0.0,0.0,0.0,0.0,0.0,0.0,0.0,0.0,0.0,0.0,0.0,28.7041,77.1025,2023-02-12,North
120,Sikkim,0.0,0.0,0.0,0.0,0.0,0.0,0.0,0.0,0.0,0.0,0.0,0.0,0.0,0.0,0.0,0.0,0.0,0.0,51623.0,66.2,1686.0,16.5,53309.0,60.4,3440.0,6.7,16.0,0.9,3456.0,6.5,777.0,22.6,5.0,31.3,782.0,22.6,0.0,0.0,0.0,0.0,0.0,0.0,0.0,0.0,0.0,0.0,0.0,0.0,0.0,0.0,0.0,0.0,0.0,0.0,15.2993,74.124,2023-11-22,North East
121,Nagaland,0.0,0.0,0.0,0.0,0.0,0.0,0.0,0.0,0.0,0.0,0.0,0.0,0.0,0.0,0.0,0.0,0.0,0.0,1553.0,92.6,27.0,6.8,1580.0,76.2,105.0,6.8,1.0,3.7,106.0,6.7,8.0,7.6,1.0,100.0,9.0,8.5,0.0,0.0,0.0,0.0,0.0,0.0,0.0,0.0,0.0,0.0,0.0,0.0,0.0,0.0,0.0,0.0,0.0,0.0,22.2587,71.1924,2023-12-21,North East
122,Mizoram,0.0,0.0,0.0,0.0,0.0,0.0,0.0,0.0,0.0,0.0,0.0,0.0,0.0,0.0,0.0,0.0,0.0,0.0,104192.0,95.9,35780.0,90.6,139972.0,94.5,16920.0,16.2,2365.0,6.6,19285.0,13.8,7145.0,42.2,895.0,37.8,8040.0,41.7,0.0,0.0,0.0,0.0,0.0,0.0,0.0,0.0,0.0,0.0,0.0,0.0,0.0,0.0,0.0,0.0,0.0,0.0,29.0588,76.0856,2023-06-26,North East
123,Assam,0.0,0.0,0.0,0.0,0.0,0.0,0.0,0.0,0.0,0.0,0.0,0.0,0.0,0.0,0.0,0.0,0.0,0.0,54848.0,89.5,14373.0,82.6,69221.0,88.0,2572.0,4.7,486.0,3.4,3058.0,4.4,1044.0,40.6,161.0,33.1,1205.0,39.4,0.0,0.0,0.0,0.0,0.0,0.0,0.0,0.0,0.0,0.0,0.0,0.0,0.0,0.0,0.0,0.0,0.0,0.0,31.1048,77.1734,2023-11-12,North East
124,Punjab,0.0,0.0,0.0,0.0,0.0,0.0,0.0,0.0,0.0,0.0,0.0,0.0,0.0,0.0,0.0,0.0,0.0,0.0,15625.0,97.5,437.0,93.4,16062.0,97.4,1855.0,11.9,22.0,5.0,1877.0,11.7,1674.0,90.2,18.0,81.8,1692.0,90.1,0.0,0.0,0.0,0.0,0.0,0.0,0.0,0.0,0.0,0.0,0.0,0.0,0.0,0.0,0.0,0.0,0.0,0.0,33.7782,76.5762,2023-05-14,North
125,Chhattisgarh,0.0,0.0,0.0,0.0,0.0,0.0,0.0,0.0,0.0,0.0,0.0,0.0,0.0,0.0,0.0,0.0,0.0,0.0,10254.0,90.1,513.0,88.1,10767.0,90.0,769.0,7.5,24.0,4.7,793.0,7.4,438.0,57.0,15.0,62.5,453.0,57.1,0.0,0.0,0.0,0.0,0.0,0.0,0.0,0.0,0.0,0.0,0.0,0.0,0.0,0.0,0.0,0.0,0.0,0.0,23.6102,85.2799,2023-02-05,Central
126,Himachal Pradesh,0.0,0.0,0.0,0.0,0.0,0.0,0.0,0.0,0.0,0.0,0.0,0.0,0.0,0.0,0.0,0.0,0.0,0.0,36887.0,78.6,4611.0,40.1,41498.0,71.0,4280.0,11.6,91.0,2.0,4371.0,10.5,1349.0,31.5,33.0,36.3,1382.0,31.6,0.0,0.0,0.0,0.0,0.0,0.0,0.0,0.0,0.0,0.0,0.0,0.0,0.0,0.0,0.0,0.0,0.0,0.0,15.3173,75.7139,2023-09-09,North
127,Maharashtra,0.0,0.0,0.0,0.0,0.0,0.0,0.0,0.0,0.0,0.0,0.0,0.0,0.0,0.0,0.0,0.0,0.0,0.0,59878.0,88.9,9824.0,83.5,69702.0,88.1,11159.0,18.6,566.0,5.8,11725.0,16.8,3326.0,29.8,168.0,29.7,3494.0,29.8,0.0,0.0,0.0,0.0,0.0,0.0,0.0,0.0,0.0,0.0,0.0,0.0,0.0,0.0,0.0,0.0,0.0,0.0,10.8505,76.2711,2023-10-06,West
128,Arunachal Pradesh,0.0,0.0,0.0,0.0,0.0,0.0,0.0,0.0,0.0,0.0,0.0,0.0,0.0,0.0,0.0,0.0,0.0,0.0,17712.0,85.9,2070.0,71.4,19782.0,84.1,2614.0,14.8,110.0,5.3,2724.0,13.8,1567.0,59.9,64.0,58.2,1631.0,59.9,0.0,0.0,0.0,0.0,0.0,0.0,0.0,0.0,0.0,0.0,0.0,0.0,0.0,0.0,0.0,0.0,0.0,0.0,34.1526,77.577,2023-02-01,North East
129,Nagaland,0.0,0.0,0.0,0.0,0.0,0.0,0.0,0.0,0.0,0.0,0.0,0.0,0.0,0.0,0.0,0.0,0.0,0.0,297.0,88.9,9.0,81.8,306.0,88.7,7.0,2.4,1.0,11.1,8.0,2.6,4.0,57.1,1.0,100.0,5.0,62.5,0.0,0.0,0.0,0.0,0.0,0.0,0.0,0.0,0.0,0.0,0.0,0.0,0.0,0.0,0.0,0.0,0.0,0.0,10.328,72.7846,2023-01-12,North East
130,Punjab,0.0,0.0,0.0,0.0,0.0,0.0,0.0,0.0,0.0,0.0,0.0,0.0,0.0,0.0,0.0,0.0,0.0,0.0,22.0,100.0,0.0,0.0,22.0,100.0,1.0,4.5,0.0,0.0,1.0,4.5,1.0,100.0,0.0,0.0,1.0,100.0,0.0,0.0,0.0,0.0,0.0,0.0,0.0,0.0,0.0,0.0,0.0,0.0,0.0,0.0,0.0,0.0,0.0,0.0,22.9734,78.6569,2023-11-26,North
131,Maharashtra,0.0,0.0,0.0,0.0,0.0,0.0,0.0,0.0,0.0,0.0,0.0,0.0,0.0,0.0,0.0,0.0,0.0,0.0,81505.0,58.3,20132.0,40.9,101637.0,53.8,13625.0,16.7,974.0,4.8,14599.0,14.4,2697.0,19.8,92.0,9.4,2789.0,19.1,0.0,0.0,0.0,0.0,0.0,0.0,0.0,0.0,0.0,0.0,0.0,0.0,0.0,0.0,0.0,0.0,0.0,0.0,19.7515,75.7139,2023-08-01,West
132,Haryana,0.0,0.0,0.0,0.0,0.0,0.0,0.0,0.0,0.0,0.0,0.0,0.0,0.0,0.0,0.0,0.0,0.0,0.0,128562.0,84.4,53968.0,69.8,182530.0,79.5,11941.0,9.3,1409.0,2.6,13350.0,7.3,4069.0,34.1,404.0,28.7,4473.0,33.5,0.0,0.0,0.0,0.0,0.0,0.0,0.0,0.0,0.0,0.0,0.0,0.0,0.0,0.0,0.0,0.0,0.0,0.0,24.6637,93.9063,2023-04-08,North
133,Chhattisgarh,0.0,0.0,0.0,0.0,0.0,0.0,0.0,0.0,0.0,0.0,0.0,0.0,0.0,0.0,0.0,0.0,0.0,0.0,1709.0,72.1,135.0,52.5,1844.0,70.2,330.0,19.3,12.0,8.9,342.0,18.5,82.0,24.8,1.0,8.3,83.0,24.3,0.0,0.0,0.0,0.0,0.0,0.0,0.0,0.0,0.0,0.0,0.0,0.0,0.0,0.0,0.0,0.0,0.0,0.0,25.467,91.3662,2023-01-31,Central
134,Maharashtra,0.0,0.0,0.0,0.0,0.0,0.0,0.0,0.0,0.0,0.0,0.0,0.0,0.0,0.0,0.0,0.0,0.0,0.0,3586.0,77.3,182.0,56.5,3768.0,75.9,1384.0,38.6,60.0,33.0,1444.0,38.3,254.0,18.4,3.0,5.0,257.0,17.8,0.0,0.0,0.0,0.0,0.0,0.0,0.0,0.0,0.0,0.0,0.0,0.0,0.0,0.0,0.0,0.0,0.0,0.0,23.1645,92.9376,2023-02-14,West
135,Andhra Pradesh,0.0,0.0,0.0,0.0,0.0,0.0,0.0,0.0,0.0,0.0,0.0,0.0,0.0,0.0,0.0,0.0,0.0,0.0,2042.0,97.9,19.0,95.0,2061.0,97.9,616.0,30.2,5.0,26.3,621.0,30.1,548.0,89.0,5.0,100.0,553.0,89.0,0.0,0.0,0.0,0.0,0.0,0.0,0.0,0.0,0.0,0.0,0.0,0.0,0.0,0.0,0.0,0.0,0.0,0.0,26.1584,94.5624,2023-04-08,South
136,Nagaland,0.0,0.0,0.0,0.0,0.0,0.0,0.0,0.0,0.0,0.0,0.0,0.0,0.0,0.0,0.0,0.0,0.0,0.0,3141.0,82.5,357.0,95.7,3498.0,83.7,591.0,18.8,70.0,19.6,661.0,18.9,381.0,64.5,24.0,34.3,405.0,61.3,0.0,0.0,0.0,0.0,0.0,0.0,0.0,0.0,0.0,0.0,0.0,0.0,0.0,0.0,0.0,0.0,0.0,0.0,20.9517,85.0985,2023-10-03,North East
137,Nagaland,0.0,0.0,0.0,0.0,0.0,0.0,0.0,0.0,0.0,0.0,0.0,0.0,0.0,0.0,0.0,0.0,0.0,0.0,52549.0,94.6,4025.0,91.6,56574.0,94.4,9966.0,19.0,262.0,6.5,10228.0,18.1,4454.0,44.7,114.0,43.5,4568.0,44.7,0.0,0.0,0.0,0.0,0.0,0.0,0.0,0.0,0.0,0.0,0.0,0.0,0.0,0.0,0.0,0.0,0.0,0.0,11.9416,79.8083,2023-01-22,North East
138,Kerala,0.0,0.0,0.0,0.0,0.0,0.0,0.0,0.0,0.0,0.0,0.0,0.0,0.0,0.0,0.0,0.0,0.0,0.0,1480.0,97.0,2.0,100.0,1482.0,97.1,224.0,15.1,1.0,50.0,225.0,15.2,220.0,98.2,1.0,100.0,221.0,98.2,0.0,0.0,0.0,0.0,0.0,0.0,0.0,0.0,0.0,0.0,0.0,0.0,0.0,0.0,0.0,0.0,0.0,0.0,31.1471,75.3412,2023-02-06,South
139,Haryana,0.0,0.0,0.0,0.0,0.0,0.0,0.0,0.0,0.0,0.0,0.0,0.0,0.0,0.0,0.0,0.0,0.0,0.0,40507.0,84.9,7662.0,78.1,48169.0,83.7,1693.0,4.2,85.0,1.1,1778.0,3.7,278.0,16.4,4.0,4.7,282.0,15.9,0.0,0.0,0.0,0.0,0.0,0.0,0.0,0.0,0.0,0.0,0.0,0.0,0.0,0.0,0.0,0.0,0.0,0.0,27.0238,74.2179,2023-01-26,North
140,Mizoram,0.0,0.0,0.0,0.0,0.0,0.0,0.0,0.0,0.0,0.0,0.0,0.0,0.0,0.0,0.0,0.0,0.0,0.0,106155.0,80.6,28475.0,73.7,134630.0,79.1,9100.0,8.6,1541.0,5.4,10641.0,7.9,3141.0,34.5,572.0,37.1,3713.0,34.9,0.0,0.0,0.0,0.0,0.0,0.0,0.0,0.0,0.0,0.0,0.0,0.0,0.0,0.0,0.0,0.0,0.0,0.0,27.532,88.5122,2023-11-29,North East
141,Tamil Nadu,0.0,0.0,0.0,0.0,0.0,0.0,0.0,0.0,0.0,0.0,0.0,0.0,0.0,0.0,0.0,0.0,0.0,0.0,947.0,70.8,49.0,66.2,996.0,70.5,77.0,8.1,2.0,4.1,79.0,7.9,5.0,6.5,1.0,50.0,6.0,7.6,0.0,0.0,0.0,0.0,0.0,0.0,0.0,0.0,0.0,0.0,0.0,0.0,0.0,0.0,0.0,0.0,0.0,0.0,11.1271,78.6569,2023-07-09,South
142,Tripura,0.0,0.0,0.0,0.0,0.0,0.0,0.0,0.0,0.0,0.0,0.0,0.0,0.0,0.0,0.0,0.0,0.0,0.0,71409.0,91.2,12182.0,68.9,83591.0,87.1,13718.0,19.2,958.0,7.9,14676.0,17.6,3231.0,23.6,165.0,17.2,3396.0,23.1,0.0,0.0,0.0,0.0,0.0,0.0,0.0,0.0,0.0,0.0,0.0,0.0,0.0,0.0,0.0,0.0,0.0,0.0,18.1124,79.0193,2023-08-25,North East
143,Manipur,0.0,0.0,0.0,0.0,0.0,0.0,0.0,0.0,0.0,0.0,0.0,0.0,0.0,0.0,0.0,0.0,0.0,0.0,51000.0,93.5,16920.0,90.6,67920.0,92.8,6533.0,12.8,754.0,4.5,7287.0,10.7,3455.0,52.9,428.0,56.8,3883.0,53.3,0.0,0.0,0.0,0.0,0.0,0.0,0.0,0.0,0.0,0.0,0.0,0.0,0.0,0.0,0.0,0.0,0.0,0.0,23.9408,91.9882,2023-11-07,North East
144,Telangana,0.0,0.0,0.0,0.0,0.0,0.0,0.0,0.0,0.0,0.0,0.0,0.0,0.0,0.0,0.0,0.0,0.0,0.0,2215.0,68.0,31.0,77.5,2246.0,68.2,478.0,21.6,0.0,0.0,478.0,21.3,44.0,9.2,0.0,0.0,44.0,9.2,0.0,0.0,0.0,0.0,0.0,0.0,0.0,0.0,0.0,0.0,0.0,0.0,0.0,0.0,0.0,0.0,0.0,0.0,26.8467,80.9462,2023-08-09,South
145,Gujarat,0.0,0.0,0.0,0.0,0.0,0.0,0.0,0.0,0.0,0.0,0.0,0.0,0.0,0.0,0.0,0.0,0.0,0.0,301001.0,71.8,57695.0,49.4,358696.0,66.9,29311.0,9.7,1686.0,2.9,30997.0,8.6,6824.0,23.3,236.0,14.0,7060.0,22.8,0.0,0.0,0.0,0.0,0.0,0.0,0.0,0.0,0.0,0.0,0.0,0.0,0.0,0.0,0.0,0.0,0.0,0.0,30.0668,79.0193,2023-07-27,West
146,Punjab,0.0,0.0,0.0,0.0,0.0,0.0,0.0,0.0,0.0,0.0,0.0,0.0,0.0,0.0,0.0,0.0,0.0,0.0,21611.0,95.1,4206.0,90.5,25817.0,94.4,2492.0,11.5,185.0,4.4,2677.0,10.4,800.0,32.1,38.0,20.5,838.0,31.3,0.0,0.0,0.0,0.0,0.0,0.0,0.0,0.0,0.0,0.0,0.0,0.0,0.0,0.0,0.0,0.0,0.0,0.0,22.9868,87.855,2023-08-13,North
147,West Bengal,0.0,0.0,0.0,0.0,0.0,0.0,0.0,0.0,0.0,0.0,0.0,0.0,0.0,0.0,0.0,0.0,0.0,0.0,80975.0,86.3,6168.0,77.1,87143.0,85.6,18126.0,22.4,1100.0,17.8,19226.0,22.1,6173.0,34.1,353.0,32.1,6526.0,33.9,0.0,0.0,0.0,0.0,0.0,0.0,0.0,0.0,0.0,0.0,0.0,0.0,0.0,0.0,0.0,0.0,0.0,0.0,20.5937,78.9629,2023-07-12,East
148,Sikkim,0.0,0.0,0.0,0.0,0.0,0.0,0.0,0.0,0.0,0.0,0.0,0.0,0.0,0.0,0.0,0.0,0.0,0.0,1473433.0,79.5,354179.0,62.4,1827612.0,75.5,194531.0,13.2,16012.0,4.5,210543.0,11.5,62753.0,32.3,4404.0,27.5,67157.0,31.9,0.0,0.0,0.0,0.0,0.0,0.0,0.0,0.0,0.0,0.0,0.0,0.0,0.0,0.0,0.0,0.0,0.0,0.0,11.667,92.735,2023-01-18,North East
149,Jharkhand,0.0,0.0,0.0,0.0,0.0,0.0,0.0,0.0,0.0,0.0,0.0,0.0,0.0,0.0,0.0,0.0,0.0,0.0,0.0,0.0,0.0,0.0,0.0,0.0,0.0,0.0,0.0,0.0,0.0,0.0,0.0,0.0,0.0,0.0,0.0,0.0,490.0,90.1,3.0,75.0,493.0,90.0,90.0,18.4,0.0,0.0,90.0,18.3,26.0,28.9,0.0,0.0,26.0,28.9,15.9129,79.74,2023-08-06,East
150,Manipur,0.0,0.0,0.0,0.0,0.0,0.0,0.0,0.0,0.0,0.0,0.0,0.0,0.0,0.0,0.0,0.0,0.0,0.0,0.0,0.0,0.0,0.0,0.0,0.0,0.0,0.0,0.0,0.0,0.0,0.0,0.0,0.0,0.0,0.0,0.0,0.0,63257.0,95.7,26303.0,97.5,89560.0,96.2,8187.0,12.9,1208.0,4.6,9395.0,10.5,1901.0,23.2,265.0,21.9,2166.0,23.1,28.218,94.7278,2023-11-03,North East
151,Karnataka,0.0,0.0,0.0,0.0,0.0,0.0,0.0,0.0,0.0,0.0,0.0,0.0,0.0,0.0,0.0,0.0,0.0,0.0,0.0,0.0,0.0,0.0,0.0,0.0,0.0,0.0,0.0,0.0,0.0,0.0,0.0,0.0,0.0,0.0,0.0,0.0,2240.0,74.4,3.0,50.0,2243.0,74.4,245.0,10.9,0.0,0.0,245.0,10.9,140.0,57.1,0.0,0.0,140.0,57.1,26.2006,92.9376,2023-03-31,South
152,Maharashtra,0.0,0.0,0.0,0.0,0.0,0.0,0.0,0.0,0.0,0.0,0.0,0.0,0.0,0.0,0.0,0.0,0.0,0.0,0.0,0.0,0.0,0.0,0.0,0.0,0.0,0.0,0.0,0.0,0.0,0.0,0.0,0.0,0.0,0.0,0.0,0.0,29582.0,70.4,4366.0,73.7,33948.0,70.8,5161.0,17.4,179.0,4.1,5340.0,15.7,1244.0,24.1,71.0,39.7,1315.0,24.6,25.0961,85.3131,2023-02-11,West
153,Chhattisgarh,0.0,0.0,0.0,0.0,0.0,0.0,0.0,0.0,0.0,0.0,0.0,0.0,0.0,0.0,0.0,0.0,0.0,0.0,0.0,0.0,0.0,0.0,0.0,0.0,0.0,0.0,0.0,0.0,0.0,0.0,0.0,0.0,0.0,0.0,0.0,0.0,44246.0,54.4,35745.0,42.3,79991.0,48.2,781.0,1.8,254.0,0.7,1035.0,1.3,254.0,32.5,9.0,3.5,263.0,25.4,30.7333,76.7794,2023-06-17,Central
154,Assam,0.0,0.0,0.0,0.0,0.0,0.0,0.0,0.0,0.0,0.0,0.0,0.0,0.0,0.0,0.0,0.0,0.0,0.0,0.0,0.0,0.0,0.0,0.0,0.0,0.0,0.0,0.0,0.0,0.0,0.0,0.0,0.0,0.0,0.0,0.0,0.0,3487.0,93.8,47.0,73.4,3534.0,93.4,209.0,6.0,1.0,2.1,210.0,5.9,39.0,18.7,1.0,100.0,40.0,19.0,21.2787,81.8661,2023-07-18,North East
155,Meghalaya,0.0,0.0,0.0,0.0,0.0,0.0,0.0,0.0,0.0,0.0,0.0,0.0,0.0,0.0,0.0,0.0,0.0,0.0,0.0,0.0,0.0,0.0,0.0,0.0,0.0,0.0,0.0,0.0,0.0,0.0,0.0,0.0,0.0,0.0,0.0,0.0,24653.0,83.7,5734.0,61.8,30387.0,78.5,5395.0,21.9,247.0,4.3,5642.0,18.6,2606.0,48.3,114.0,46.2,2720.0,48.2,28.7041,77.1025,2023-03-25,North East
156,Mizoram,0.0,0.0,0.0,0.0,0.0,0.0,0.0,0.0,0.0,0.0,0.0,0.0,0.0,0.0,0.0,0.0,0.0,0.0,0.0,0.0,0.0,0.0,0.0,0.0,0.0,0.0,0.0,0.0,0.0,0.0,0.0,0.0,0.0,0.0,0.0,0.0,562.0,66.5,58.0,76.3,620.0,67.3,59.0,10.5,3.0,5.2,62.0,10.0,31.0,52.5,1.0,33.3,32.0,51.6,15.2993,74.124,2023-09-21,North East
157,Gujarat,0.0,0.0,0.0,0.0,0.0,0.0,0.0,0.0,0.0,0.0,0.0,0.0,0.0,0.0,0.0,0.0,0.0,0.0,0.0,0.0,0.0,0.0,0.0,0.0,0.0,0.0,0.0,0.0,0.0,0.0,0.0,0.0,0.0,0.0,0.0,0.0,50682.0,65.0,1660.0,16.2,52342.0,59.3,3074.0,6.1,18.0,1.1,3092.0,5.9,619.0,20.1,4.0,22.2,623.0,20.1,22.2587,71.1924,2023-11-14,West
158,Meghalaya,0.0,0.0,0.0,0.0,0.0,0.0,0.0,0.0,0.0,0.0,0.0,0.0,0.0,0.0,0.0,0.0,0.0,0.0,0.0,0.0,0.0,0.0,0.0,0.0,0.0,0.0,0.0,0.0,0.0,0.0,0.0,0.0,0.0,0.0,0.0,0.0,1563.0,93.2,28.0,7.1,1591.0,76.7,120.0,7.7,2.0,7.1,122.0,7.7,16.0,13.3,0.0,0.0,16.0,13.1,29.0588,76.0856,2023-02-13,North East
159,Nagaland,0.0,0.0,0.0,0.0,0.0,0.0,0.0,0.0,0.0,0.0,0.0,0.0,0.0,0.0,0.0,0.0,0.0,0.0,0.0,0.0,0.0,0.0,0.0,0.0,0.0,0.0,0.0,0.0,0.0,0.0,0.0,0.0,0.0,0.0,0.0,0.0,103459.0,95.2,35556.0,90.1,139015.0,93.8,5707.0,5.5,493.0,1.4,6200.0,4.5,2455.0,43.0,252.0,51.1,2707.0,43.7,31.1048,77.1734,2023-07-09,North East
160,Andhra Pradesh,0.0,0.0,0.0,0.0,0.0,0.0,0.0,0.0,0.0,0.0,0.0,0.0,0.0,0.0,0.0,0.0,0.0,0.0,0.0,0.0,0.0,0.0,0.0,0.0,0.0,0.0,0.0,0.0,0.0,0.0,0.0,0.0,0.0,0.0,0.0,0.0,54295.0,88.6,14079.0,80.9,68374.0,86.9,1790.0,3.3,238.0,1.7,2028.0,3.0,729.0,40.7,99.0,41.6,828.0,40.8,33.7782,76.5762,2023-01-18,South
161,Manipur,0.0,0.0,0.0,0.0,0.0,0.0,0.0,0.0,0.0,0.0,0.0,0.0,0.0,0.0,0.0,0.0,0.0,0.0,0.0,0.0,0.0,0.0,0.0,0.0,0.0,0.0,0.0,0.0,0.0,0.0,0.0,0.0,0.0,0.0,0.0,0.0,15509.0,96.7,429.0,91.7,15938.0,96.6,1379.0,8.9,17.0,4.0,1396.0,8.8,1176.0,85.3,10.0,58.8,1186.0,85.0,23.6102,85.2799,2023-09-01,North East
162,Uttarakhand,0.0,0.0,0.0,0.0,0.0,0.0,0.0,0.0,0.0,0.0,0.0,0.0,0.0,0.0,0.0,0.0,0.0,0.0,0.0,0.0,0.0,0.0,0.0,0.0,0.0,0.0,0.0,0.0,0.0,0.0,0.0,0.0,0.0,0.0,0.0,0.0,10172.0,89.4,514.0,88.3,10686.0,89.3,430.0,4.2,5.0,1.0,435.0,4.1,222.0,51.6,4.0,80.0,226.0,52.0,15.3173,75.7139,2023-05-27,North
163,Goa,0.0,0.0,0.0,0.0,0.0,0.0,0.0,0.0,0.0,0.0,0.0,0.0,0.0,0.0,0.0,0.0,0.0,0.0,0.0,0.0,0.0,0.0,0.0,0.0,0.0,0.0,0.0,0.0,0.0,0.0,0.0,0.0,0.0,0.0,0.0,0.0,35773.0,76.2,4537.0,39.4,40310.0,68.9,3335.0,9.3,48.0,1.1,3383.0,8.4,885.0,26.5,16.0,33.3,901.0,26.6,10.8505,76.2711,2023-12-25,West
164,Chhattisgarh,0.0,0.0,0.0,0.0,0.0,0.0,0.0,0.0,0.0,0.0,0.0,0.0,0.0,0.0,0.0,0.0,0.0,0.0,0.0,0.0,0.0,0.0,0.0,0.0,0.0,0.0,0.0,0.0,0.0,0.0,0.0,0.0,0.0,0.0,0.0,0.0,59273.0,88.0,9629.0,81.8,68902.0,87.1,8964.0,15.1,409.0,4.2,9373.0,13.6,2538.0,28.3,110.0,26.9,2648.0,28.3,34.1526,77.577,2023-01-15,Central
165,Arunachal Pradesh,0.0,0.0,0.0,0.0,0.0,0.0,0.0,0.0,0.0,0.0,0.0,0.0,0.0,0.0,0.0,0.0,0.0,0.0,0.0,0.0,0.0,0.0,0.0,0.0,0.0,0.0,0.0,0.0,0.0,0.0,0.0,0.0,0.0,0.0,0.0,0.0,17510.0,84.9,2003.0,69.1,19513.0,83.0,2660.0,15.2,101.0,5.0,2761.0,14.1,1270.0,47.7,38.0,37.6,1308.0,47.4,10.328,72.7846,2023-10-14,North East
166,West Bengal,0.0,0.0,0.0,0.0,0.0,0.0,0.0,0.0,0.0,0.0,0.0,0.0,0.0,0.0,0.0,0.0,0.0,0.0,0.0,0.0,0.0,0.0,0.0,0.0,0.0,0.0,0.0,0.0,0.0,0.0,0.0,0.0,0.0,0.0,0.0,0.0,292.0,87.4,8.0,72.7,300.0,87.0,17.0,5.8,1.0,12.5,18.0,6.0,3.0,17.6,1.0,100.0,4.0,22.2,22.9734,78.6569,2023-01-24,East
167,Assam,0.0,0.0,0.0,0.0,0.0,0.0,0.0,0.0,0.0,0.0,0.0,0.0,0.0,0.0,0.0,0.0,0.0,0.0,0.0,0.0,0.0,0.0,0.0,0.0,0.0,0.0,0.0,0.0,0.0,0.0,0.0,0.0,0.0,0.0,0.0,0.0,22.0,100.0,0.0,0.0,22.0,100.0,0.0,0.0,0.0,0.0,0.0,0.0,0.0,0.0,0.0,0.0,0.0,0.0,19.7515,75.7139,2023-09-08,North East
168,Goa,0.0,0.0,0.0,0.0,0.0,0.0,0.0,0.0,0.0,0.0,0.0,0.0,0.0,0.0,0.0,0.0,0.0,0.0,0.0,0.0,0.0,0.0,0.0,0.0,0.0,0.0,0.0,0.0,0.0,0.0,0.0,0.0,0.0,0.0,0.0,0.0,79128.0,56.6,19701.0,40.0,98829.0,52.3,5170.0,6.5,275.0,1.4,5445.0,5.5,1110.0,21.5,53.0,19.3,1163.0,21.4,24.6637,93.9063,2023-06-21,West
169,West Bengal,0.0,0.0,0.0,0.0,0.0,0.0,0.0,0.0,0.0,0.0,0.0,0.0,0.0,0.0,0.0,0.0,0.0,0.0,0.0,0.0,0.0,0.0,0.0,0.0,0.0,0.0,0.0,0.0,0.0,0.0,0.0,0.0,0.0,0.0,0.0,0.0,126323.0,82.9,52493.0,67.9,178816.0,77.8,6857.0,5.4,718.0,1.4,7575.0,4.2,2469.0,36.0,226.0,31.5,2695.0,35.6,25.467,91.3662,2023-10-14,East
170,Tamil Nadu,0.0,0.0,0.0,0.0,0.0,0.0,0.0,0.0,0.0,0.0,0.0,0.0,0.0,0.0,0.0,0.0,0.0,0.0,0.0,0.0,0.0,0.0,0.0,0.0,0.0,0.0,0.0,0.0,0.0,0.0,0.0,0.0,0.0,0.0,0.0,0.0,1720.0,72.6,126.0,49.0,1846.0,70.3,251.0,14.6,8.0,6.3,259.0,14.0,79.0,31.5,1.0,12.5,80.0,30.9,23.1645,92.9376,2023-01-04,South
171,Andhra Pradesh,0.0,0.0,0.0,0.0,0.0,0.0,0.0,0.0,0.0,0.0,0.0,0.0,0.0,0.0,0.0,0.0,0.0,0.0,0.0,0.0,0.0,0.0,0.0,0.0,0.0,0.0,0.0,0.0,0.0,0.0,0.0,0.0,0.0,0.0,0.0,0.0,3538.0,76.2,148.0,46.0,3686.0,74.3,746.0,21.1,7.0,4.7,753.0,20.4,168.0,22.5,0.0,0.0,168.0,22.3,26.1584,94.5624,2023-12-07,South
172,Karnataka,0.0,0.0,0.0,0.0,0.0,0.0,0.0,0.0,0.0,0.0,0.0,0.0,0.0,0.0,0.0,0.0,0.0,0.0,0.0,0.0,0.0,0.0,0.0,0.0,0.0,0.0,0.0,0.0,0.0,0.0,0.0,0.0,0.0,0.0,0.0,0.0,2025.0,97.1,20.0,100.0,2045.0,97.1,240.0,11.9,2.0,10.0,242.0,11.8,105.0,43.8,0.0,0.0,105.0,43.4,20.9517,85.0985,2023-12-21,South
173,Telangana,0.0,0.0,0.0,0.0,0.0,0.0,0.0,0.0,0.0,0.0,0.0,0.0,0.0,0.0,0.0,0.0,0.0,0.0,0.0,0.0,0.0,0.0,0.0,0.0,0.0,0.0,0.0,0.0,0.0,0.0,0.0,0.0,0.0,0.0,0.0,0.0,3127.0,82.2,351.0,94.1,3478.0,83.2,312.0,10.0,10.0,2.8,322.0,9.3,198.0,63.5,0.0,0.0,198.0,61.5,11.9416,79.8083,2023-10-16,South
174,Punjab,0.0,0.0,0.0,0.0,0.0,0.0,0.0,0.0,0.0,0.0,0.0,0.0,0.0,0.0,0.0,0.0,0.0,0.0,0.0,0.0,0.0,0.0,0.0,0.0,0.0,0.0,0.0,0.0,0.0,0.0,0.0,0.0,0.0,0.0,0.0,0.0,52157.0,93.9,3969.0,90.3,56126.0,93.6,8665.0,16.6,251.0,6.3,8916.0,15.9,4024.0,46.4,103.0,41.0,4127.0,46.3,31.1471,75.3412,2023-05-20,North
175,Sikkim,0.0,0.0,0.0,0.0,0.0,0.0,0.0,0.0,0.0,0.0,0.0,0.0,0.0,0.0,0.0,0.0,0.0,0.0,0.0,0.0,0.0,0.0,0.0,0.0,0.0,0.0,0.0,0.0,0.0,0.0,0.0,0.0,0.0,0.0,0.0,0.0,1467.0,96.2,2.0,100.0,1469.0,96.2,320.0,21.8,0.0,0.0,320.0,21.8,315.0,98.4,0.0,0.0,315.0,98.4,27.0238,74.2179,2023-06-20,North East
176,West Bengal,0.0,0.0,0.0,0.0,0.0,0.0,0.0,0.0,0.0,0.0,0.0,0.0,0.0,0.0,0.0,0.0,0.0,0.0,0.0,0.0,0.0,0.0,0.0,0.0,0.0,0.0,0.0,0.0,0.0,0.0,0.0,0.0,0.0,0.0,0.0,0.0,40121.0,84.1,7502.0,76.4,47623.0,82.8,1531.0,3.8,72.0,1.0,1603.0,3.4,280.0,18.3,6.0,8.3,286.0,17.8,27.532,88.5122,2023-09-19,East
177,Tamil Nadu,0.0,0.0,0.0,0.0,0.0,0.0,0.0,0.0,0.0,0.0,0.0,0.0,0.0,0.0,0.0,0.0,0.0,0.0,0.0,0.0,0.0,0.0,0.0,0.0,0.0,0.0,0.0,0.0,0.0,0.0,0.0,0.0,0.0,0.0,0.0,0.0,104335.0,79.3,28427.0,73.6,132762.0,78.0,3343.0,3.2,450.0,1.6,3793.0,2.9,1071.0,32.0,191.0,42.4,1262.0,33.3,11.1271,78.6569,2023-07-05,South
178,West Bengal,0.0,0.0,0.0,0.0,0.0,0.0,0.0,0.0,0.0,0.0,0.0,0.0,0.0,0.0,0.0,0.0,0.0,0.0,0.0,0.0,0.0,0.0,0.0,0.0,0.0,0.0,0.0,0.0,0.0,0.0,0.0,0.0,0.0,0.0,0.0,0.0,983.0,73.5,48.0,64.9,1031.0,73.0,60.0,6.1,2.0,4.2,62.0,6.0,4.0,6.7,1.0,50.0,5.0,8.1,18.1124,79.0193,2023-06-01,East
179,Chhattisgarh,0.0,0.0,0.0,0.0,0.0,0.0,0.0,0.0,0.0,0.0,0.0,0.0,0.0,0.0,0.0,0.0,0.0,0.0,0.0,0.0,0.0,0.0,0.0,0.0,0.0,0.0,0.0,0.0,0.0,0.0,0.0,0.0,0.0,0.0,0.0,0.0,71063.0,90.8,12009.0,68.0,83072.0,86.6,16475.0,23.2,979.0,8.2,17454.0,21.0,3754.0,22.8,170.0,17.4,3924.0,22.5,23.9408,91.9882,2023-11-30,Central
180,Gujarat,0.0,0.0,0.0,0.0,0.0,0.0,0.0,0.0,0.0,0.0,0.0,0.0,0.0,0.0,0.0,0.0,0.0,0.0,0.0,0.0,0.0,0.0,0.0,0.0,0.0,0.0,0.0,0.0,0.0,0.0,0.0,0.0,0.0,0.0,0.0,0.0,50793.0,93.1,16883.0,90.4,67676.0,92.4,7172.0,14.1,871.0,5.2,8043.0,11.9,3827.0,53.4,474.0,54.4,4301.0,53.5,26.8467,80.9462,2023-06-18,West
181,Telangana,0.0,0.0,0.0,0.0,0.0,0.0,0.0,0.0,0.0,0.0,0.0,0.0,0.0,0.0,0.0,0.0,0.0,0.0,0.0,0.0,0.0,0.0,0.0,0.0,0.0,0.0,0.0,0.0,0.0,0.0,0.0,0.0,0.0,0.0,0.0,0.0,2177.0,66.9,32.0,80.0,2209.0,67.0,495.0,22.7,0.0,0.0,495.0,22.4,72.0,14.5,0.0,0.0,72.0,14.5,30.0668,79.0193,2023-10-03,South
182,Gujarat,0.0,0.0,0.0,0.0,0.0,0.0,0.0,0.0,0.0,0.0,0.0,0.0,0.0,0.0,0.0,0.0,0.0,0.0,0.0,0.0,0.0,0.0,0.0,0.0,0.0,0.0,0.0,0.0,0.0,0.0,0.0,0.0,0.0,0.0,0.0,0.0,291692.0,69.6,56031.0,48.0,347723.0,64.9,9876.0,3.4,506.0,0.9,10382.0,3.0,2846.0,28.8,76.0,15.0,2922.0,28.1,22.9868,87.855,2023-12-12,West
183,Chhattisgarh,0.0,0.0,0.0,0.0,0.0,0.0,0.0,0.0,0.0,0.0,0.0,0.0,0.0,0.0,0.0,0.0,0.0,0.0,0.0,0.0,0.0,0.0,0.0,0.0,0.0,0.0,0.0,0.0,0.0,0.0,0.0,0.0,0.0,0.0,0.0,0.0,21322.0,93.9,4180.0,89.9,25502.0,93.2,1645.0,7.7,106.0,2.5,1751.0,6.9,610.0,37.1,21.0,19.8,631.0,36.0,20.5937,78.9629,2023-11-02,Central
184,Punjab,0.0,0.0,0.0,0.0,0.0,0.0,0.0,0.0,0.0,0.0,0.0,0.0,0.0,0.0,0.0,0.0,0.0,0.0,0.0,0.0,0.0,0.0,0.0,0.0,0.0,0.0,0.0,0.0,0.0,0.0,0.0,0.0,0.0,0.0,0.0,0.0,79395.0,84.6,6058.0,75.7,85453.0,83.9,10784.0,13.6,587.0,9.7,11371.0,13.3,3814.0,35.4,218.0,37.1,4032.0,35.5,11.667,92.735,2023-04-21,North
185,Manipur,0.0,0.0,0.0,0.0,0.0,0.0,0.0,0.0,0.0,0.0,0.0,0.0,0.0,0.0,0.0,0.0,0.0,0.0,0.0,0.0,0.0,0.0,0.0,0.0,0.0,0.0,0.0,0.0,0.0,0.0,0.0,0.0,0.0,0.0,0.0,0.0,1448433.0,78.1,348682.0,61.4,1797115.0,74.2,121545.0,8.4,8068.0,2.3,129613.0,7.2,40900.0,33.7,2535.0,31.4,43435.0,33.5,15.9129,79.74,2023-02-17,North East
186,Chhattisgarh,518.0,95.2,3.0,75.0,521.0,95.1,97.0,18.7,1.0,33.3,98.0,18.8,69.0,71.1,1.0,100.0,70.0,71.4,0.0,0.0,0.0,0.0,0.0,0.0,0.0,0.0,0.0,0.0,0.0,0.0,0.0,0.0,0.0,0.0,0.0,0.0,0.0,0.0,0.0,0.0,0.0,0.0,0.0,0.0,0.0,0.0,0.0,0.0,0.0,0.0,0.0,0.0,0.0,0.0,28.218,94.7278,2023-08-09,Central
187,Jharkhand,65235.0,98.7,26883.0,99.6,92118.0,98.9,8816.0,13.5,2940.0,10.9,11756.0,12.8,6282.0,71.3,1671.0,56.8,7953.0,67.7,0.0,0.0,0.0,0.0,0.0,0.0,0.0,0.0,0.0,0.0,0.0,0.0,0.0,0.0,0.0,0.0,0.0,0.0,0.0,0.0,0.0,0.0,0.0,0.0,0.0,0.0,0.0,0.0,0.0,0.0,0.0,0.0,0.0,0.0,0.0,0.0,26.2006,92.9376,2023-12-23,East
188,Mizoram,2378.0,79.0,3.0,50.0,2381.0,79.0,59.0,2.5,0.0,0.0,59.0,2.5,28.0,47.5,0.0,0.0,28.0,47.5,0.0,0.0,0.0,0.0,0.0,0.0,0.0,0.0,0.0,0.0,0.0,0.0,0.0,0.0,0.0,0.0,0.0,0.0,0.0,0.0,0.0,0.0,0.0,0.0,0.0,0.0,0.0,0.0,0.0,0.0,0.0,0.0,0.0,0.0,0.0,0.0,25.0961,85.3131,2023-02-02,North East
189,Arunachal Pradesh,34011.0,81.0,4929.0,83.2,38940.0,81.2,2554.0,7.5,499.0,10.1,3053.0,7.8,1003.0,39.3,179.0,35.9,1182.0,38.7,0.0,0.0,0.0,0.0,0.0,0.0,0.0,0.0,0.0,0.0,0.0,0.0,0.0,0.0,0.0,0.0,0.0,0.0,0.0,0.0,0.0,0.0,0.0,0.0,0.0,0.0,0.0,0.0,0.0,0.0,0.0,0.0,0.0,0.0,0.0,0.0,30.7333,76.7794,2023-01-02,North East
190,Uttarakhand,53768.0,66.1,74114.0,87.7,127882.0,77.1,3062.0,5.7,3801.0,5.1,6863.0,5.4,1489.0,48.6,811.0,21.3,2300.0,33.5,0.0,0.0,0.0,0.0,0.0,0.0,0.0,0.0,0.0,0.0,0.0,0.0,0.0,0.0,0.0,0.0,0.0,0.0,0.0,0.0,0.0,0.0,0.0,0.0,0.0,0.0,0.0,0.0,0.0,0.0,0.0,0.0,0.0,0.0,0.0,0.0,21.2787,81.8661,2023-05-19,North
191,Himachal Pradesh,3531.0,94.9,47.0,73.4,3578.0,94.6,316.0,8.9,5.0,10.6,321.0,9.0,248.0,78.5,5.0,100.0,253.0,78.8,0.0,0.0,0.0,0.0,0.0,0.0,0.0,0.0,0.0,0.0,0.0,0.0,0.0,0.0,0.0,0.0,0.0,0.0,0.0,0.0,0.0,0.0,0.0,0.0,0.0,0.0,0.0,0.0,0.0,0.0,0.0,0.0,0.0,0.0,0.0,0.0,28.7041,77.1025,2023-07-02,North
192,Arunachal Pradesh,26987.0,91.6,8243.0,88.8,35230.0,91.0,2473.0,9.2,639.0,7.8,3112.0,8.8,1184.0,47.9,155.0,24.3,1339.0,43.0,0.0,0.0,0.0,0.0,0.0,0.0,0.0,0.0,0.0,0.0,0.0,0.0,0.0,0.0,0.0,0.0,0.0,0.0,0.0,0.0,0.0,0.0,0.0,0.0,0.0,0.0,0.0,0.0,0.0,0.0,0.0,0.0,0.0,0.0,0.0,0.0,15.2993,74.124,2023-12-15,North East
193,Uttarakhand,838.0,99.2,76.0,100.0,914.0,99.2,56.0,6.7,3.0,3.9,59.0,6.5,46.0,82.1,2.0,66.7,48.0,81.4,0.0,0.0,0.0,0.0,0.0,0.0,0.0,0.0,0.0,0.0,0.0,0.0,0.0,0.0,0.0,0.0,0.0,0.0,0.0,0.0,0.0,0.0,0.0,0.0,0.0,0.0,0.0,0.0,0.0,0.0,0.0,0.0,0.0,0.0,0.0,0.0,22.2587,71.1924,2023-02-11,North
194,Nagaland,65700.0,84.2,5628.0,55.0,71328.0,80.8,5323.0,8.1,621.0,11.0,5944.0,8.3,2661.0,50.0,168.0,27.1,2829.0,47.6,0.0,0.0,0.0,0.0,0.0,0.0,0.0,0.0,0.0,0.0,0.0,0.0,0.0,0.0,0.0,0.0,0.0,0.0,0.0,0.0,0.0,0.0,0.0,0.0,0.0,0.0,0.0,0.0,0.0,0.0,0.0,0.0,0.0,0.0,0.0,0.0,29.0588,76.0856,2023-05-12,North East
195,Punjab,1659.0,98.9,288.0,72.7,1947.0,93.9,332.0,20.0,45.0,15.6,377.0,19.4,300.0,90.4,25.0,55.6,325.0,86.2,0.0,0.0,0.0,0.0,0.0,0.0,0.0,0.0,0.0,0.0,0.0,0.0,0.0,0.0,0.0,0.0,0.0,0.0,0.0,0.0,0.0,0.0,0.0,0.0,0.0,0.0,0.0,0.0,0.0,0.0,0.0,0.0,0.0,0.0,0.0,0.0,31.1048,77.1734,2023-02-20,North
196,Madhya Pradesh,106333.0,97.8,35899.0,90.9,142232.0,96.0,5343.0,5.0,1250.0,3.5,6593.0,4.6,4304.0,80.6,991.0,79.3,5295.0,80.3,0.0,0.0,0.0,0.0,0.0,0.0,0.0,0.0,0.0,0.0,0.0,0.0,0.0,0.0,0.0,0.0,0.0,0.0,0.0,0.0,0.0,0.0,0.0,0.0,0.0,0.0,0.0,0.0,0.0,0.0,0.0,0.0,0.0,0.0,0.0,0.0,33.7782,76.5762,2023-11-25,Central
197,Assam,58171.0,95.0,15853.0,91.1,74024.0,94.1,4463.0,7.7,837.0,5.3,5300.0,7.2,3357.0,75.2,560.0,66.9,3917.0,73.9,0.0,0.0,0.0,0.0,0.0,0.0,0.0,0.0,0.0,0.0,0.0,0.0,0.0,0.0,0.0,0.0,0.0,0.0,0.0,0.0,0.0,0.0,0.0,0.0,0.0,0.0,0.0,0.0,0.0,0.0,0.0,0.0,0.0,0.0,0.0,0.0,23.6102,85.2799,2023-02-01,North East
198,Assam,15885.0,99.1,455.0,97.2,16340.0,99.0,1484.0,9.3,27.0,5.9,1511.0,9.2,1136.0,76.5,21.0,77.8,1157.0,76.6,0.0,0.0,0.0,0.0,0.0,0.0,0.0,0.0,0.0,0.0,0.0,0.0,0.0,0.0,0.0,0.0,0.0,0.0,0.0,0.0,0.0,0.0,0.0,0.0,0.0,0.0,0.0,0.0,0.0,0.0,0.0,0.0,0.0,0.0,0.0,0.0,15.3173,75.7139,2023-02-11,North East
199,Telangana,10855.0,95.4,552.0,94.8,11407.0,95.4,729.0,6.7,40.0,7.2,769.0,6.7,378.0,51.9,31.0,77.5,409.0,53.2,0.0,0.0,0.0,0.0,0.0,0.0,0.0,0.0,0.0,0.0,0.0,0.0,0.0,0.0,0.0,0.0,0.0,0.0,0.0,0.0,0.0,0.0,0.0,0.0,0.0,0.0,0.0,0.0,0.0,0.0,0.0,0.0,0.0,0.0,0.0,0.0,10.8505,76.2711,2023-07-21,South
200,Rajasthan,42246.0,90.0,9644.0,83.8,51890.0,88.8,2305.0,5.5,648.0,6.7,2953.0,5.7,1266.0,54.9,260.0,40.1,1526.0,51.7,0.0,0.0,0.0,0.0,0.0,0.0,0.0,0.0,0.0,0.0,0.0,0.0,0.0,0.0,0.0,0.0,0.0,0.0,0.0,0.0,0.0,0.0,0.0,0.0,0.0,0.0,0.0,0.0,0.0,0.0,0.0,0.0,0.0,0.0,0.0,0.0,34.1526,77.577,2023-04-24,North
201,Assam,64615.0,95.9,10593.0,90.0,75208.0,95.0,9616.0,14.9,975.0,9.2,10591.0,14.1,7379.0,76.7,742.0,76.1,8121.0,76.7,0.0,0.0,0.0,0.0,0.0,0.0,0.0,0.0,0.0,0.0,0.0,0.0,0.0,0.0,0.0,0.0,0.0,0.0,0.0,0.0,0.0,0.0,0.0,0.0,0.0,0.0,0.0,0.0,0.0,0.0,0.0,0.0,0.0,0.0,0.0,0.0,10.328,72.7846,2023-01-10,North East
202,Nagaland,19388.0,94.1,2557.0,88.2,21945.0,93.3,6376.0,32.9,770.0,30.1,7146.0,32.6,4163.0,65.3,446.0,57.9,4609.0,64.5,0.0,0.0,0.0,0.0,0.0,0.0,0.0,0.0,0.0,0.0,0.0,0.0,0.0,0.0,0.0,0.0,0.0,0.0,0.0,0.0,0.0,0.0,0.0,0.0,0.0,0.0,0.0,0.0,0.0,0.0,0.0,0.0,0.0,0.0,0.0,0.0,22.9734,78.6569,2023-04-01,North East
203,West Bengal,306.0,91.6,9.0,81.8,315.0,91.3,7.0,2.3,1.0,11.1,8.0,2.5,6.0,85.7,1.0,100.0,7.0,87.5,0.0,0.0,0.0,0.0,0.0,0.0,0.0,0.0,0.0,0.0,0.0,0.0,0.0,0.0,0.0,0.0,0.0,0.0,0.0,0.0,0.0,0.0,0.0,0.0,0.0,0.0,0.0,0.0,0.0,0.0,0.0,0.0,0.0,0.0,0.0,0.0,19.7515,75.7139,2023-12-03,East
204,Himachal Pradesh,21.0,95.5,0.0,0.0,21.0,95.5,5.0,23.8,0.0,0.0,5.0,23.8,4.0,80.0,0.0,0.0,4.0,80.0,0.0,0.0,0.0,0.0,0.0,0.0,0.0,0.0,0.0,0.0,0.0,0.0,0.0,0.0,0.0,0.0,0.0,0.0,0.0,0.0,0.0,0.0,0.0,0.0,0.0,0.0,0.0,0.0,0.0,0.0,0.0,0.0,0.0,0.0,0.0,0.0,24.6637,93.9063,2023-07-07,North
205,Haryana,125381.0,89.8,46026.0,93.5,171407.0,90.7,6816.0,5.4,3221.0,7.0,10037.0,5.9,2983.0,43.8,1196.0,37.1,4179.0,41.6,0.0,0.0,0.0,0.0,0.0,0.0,0.0,0.0,0.0,0.0,0.0,0.0,0.0,0.0,0.0,0.0,0.0,0.0,0.0,0.0,0.0,0.0,0.0,0.0,0.0,0.0,0.0,0.0,0.0,0.0,0.0,0.0,0.0,0.0,0.0,0.0,25.467,91.3662,2023-09-06,North
206,Chhattisgarh,148268.0,97.3,73877.0,95.5,222145.0,96.7,9416.0,6.4,4376.0,5.9,13792.0,6.2,6493.0,69.0,2543.0,58.1,9036.0,65.5,0.0,0.0,0.0,0.0,0.0,0.0,0.0,0.0,0.0,0.0,0.0,0.0,0.0,0.0,0.0,0.0,0.0,0.0,0.0,0.0,0.0,0.0,0.0,0.0,0.0,0.0,0.0,0.0,0.0,0.0,0.0,0.0,0.0,0.0,0.0,0.0,23.1645,92.9376,2023-09-03,Central
207,Tripura,1808.0,76.3,143.0,55.6,1951.0,74.3,275.0,15.2,11.0,7.7,286.0,14.7,129.0,46.9,2.0,18.2,131.0,45.8,0.0,0.0,0.0,0.0,0.0,0.0,0.0,0.0,0.0,0.0,0.0,0.0,0.0,0.0,0.0,0.0,0.0,0.0,0.0,0.0,0.0,0.0,0.0,0.0,0.0,0.0,0.0,0.0,0.0,0.0,0.0,0.0,0.0,0.0,0.0,0.0,26.1584,94.5624,2023-10-24,North East
208,Gujarat,3646.0,78.6,165.0,51.2,3811.0,76.8,216.0,5.9,4.0,2.4,220.0,5.8,142.0,65.7,3.0,75.0,145.0,65.9,0.0,0.0,0.0,0.0,0.0,0.0,0.0,0.0,0.0,0.0,0.0,0.0,0.0,0.0,0.0,0.0,0.0,0.0,0.0,0.0,0.0,0.0,0.0,0.0,0.0,0.0,0.0,0.0,0.0,0.0,0.0,0.0,0.0,0.0,0.0,0.0,20.9517,85.0985,2023-03-23,West
209,Arunachal Pradesh,2056.0,98.6,20.0,100.0,2076.0,98.6,129.0,6.3,6.0,30.0,135.0,6.5,125.0,96.9,6.0,100.0,131.0,97.0,0.0,0.0,0.0,0.0,0.0,0.0,0.0,0.0,0.0,0.0,0.0,0.0,0.0,0.0,0.0,0.0,0.0,0.0,0.0,0.0,0.0,0.0,0.0,0.0,0.0,0.0,0.0,0.0,0.0,0.0,0.0,0.0,0.0,0.0,0.0,0.0,11.9416,79.8083,2023-03-08,North East
210,Uttarakhand,3165.0,83.2,349.0,93.6,3514.0,84.1,175.0,5.5,20.0,5.7,195.0,5.5,86.0,49.1,2.0,10.0,88.0,45.1,0.0,0.0,0.0,0.0,0.0,0.0,0.0,0.0,0.0,0.0,0.0,0.0,0.0,0.0,0.0,0.0,0.0,0.0,0.0,0.0,0.0,0.0,0.0,0.0,0.0,0.0,0.0,0.0,0.0,0.0,0.0,0.0,0.0,0.0,0.0,0.0,31.1471,75.3412,2023-09-16,North
211,Haryana,53597.0,96.5,4141.0,94.2,57738.0,96.3,4047.0,7.6,274.0,6.6,4321.0,7.5,3105.0,76.7,211.0,77.0,3316.0,76.7,0.0,0.0,0.0,0.0,0.0,0.0,0.0,0.0,0.0,0.0,0.0,0.0,0.0,0.0,0.0,0.0,0.0,0.0,0.0,0.0,0.0,0.0,0.0,0.0,0.0,0.0,0.0,0.0,0.0,0.0,0.0,0.0,0.0,0.0,0.0,0.0,27.0238,74.2179,2023-10-10,North
212,Bihar,1510.0,99.0,2.0,100.0,1512.0,99.0,464.0,30.7,0.0,0.0,464.0,30.7,445.0,95.9,0.0,0.0,445.0,95.9,0.0,0.0,0.0,0.0,0.0,0.0,0.0,0.0,0.0,0.0,0.0,0.0,0.0,0.0,0.0,0.0,0.0,0.0,0.0,0.0,0.0,0.0,0.0,0.0,0.0,0.0,0.0,0.0,0.0,0.0,0.0,0.0,0.0,0.0,0.0,0.0,27.532,88.5122,2023-06-07,East
213,Bihar,43665.0,91.5,9006.0,91.8,52671.0,91.5,4930.0,11.3,676.0,7.5,5606.0,10.6,2266.0,46.0,170.0,25.1,2436.0,43.5,0.0,0.0,0.0,0.0,0.0,0.0,0.0,0.0,0.0,0.0,0.0,0.0,0.0,0.0,0.0,0.0,0.0,0.0,0.0,0.0,0.0,0.0,0.0,0.0,0.0,0.0,0.0,0.0,0.0,0.0,0.0,0.0,0.0,0.0,0.0,0.0,11.1271,78.6569,2023-06-04,East
214,Uttarakhand,119170.0,90.5,34317.0,88.8,153487.0,90.1,3484.0,2.9,1208.0,3.5,4692.0,3.1,2276.0,65.3,538.0,44.5,2814.0,60.0,0.0,0.0,0.0,0.0,0.0,0.0,0.0,0.0,0.0,0.0,0.0,0.0,0.0,0.0,0.0,0.0,0.0,0.0,0.0,0.0,0.0,0.0,0.0,0.0,0.0,0.0,0.0,0.0,0.0,0.0,0.0,0.0,0.0,0.0,0.0,0.0,18.1124,79.0193,2023-06-26,North
215,Tamil Nadu,1305.0,97.5,71.0,95.9,1376.0,97.5,118.0,9.0,4.0,5.6,122.0,8.9,106.0,89.8,3.0,75.0,109.0,89.3,0.0,0.0,0.0,0.0,0.0,0.0,0.0,0.0,0.0,0.0,0.0,0.0,0.0,0.0,0.0,0.0,0.0,0.0,0.0,0.0,0.0,0.0,0.0,0.0,0.0,0.0,0.0,0.0,0.0,0.0,0.0,0.0,0.0,0.0,0.0,0.0,23.9408,91.9882,2023-06-25,South
216,Assam,76635.0,97.9,16054.0,90.8,92689.0,96.6,20196.0,26.4,3655.0,22.8,23851.0,25.7,19144.0,94.8,3179.0,87.0,22323.0,93.6,0.0,0.0,0.0,0.0,0.0,0.0,0.0,0.0,0.0,0.0,0.0,0.0,0.0,0.0,0.0,0.0,0.0,0.0,0.0,0.0,0.0,0.0,0.0,0.0,0.0,0.0,0.0,0.0,0.0,0.0,0.0,0.0,0.0,0.0,0.0,0.0,26.8467,80.9462,2023-10-14,North East
217,Odisha,51411.0,94.3,17215.0,92.2,68626.0,93.7,3250.0,6.3,892.0,5.2,4142.0,6.0,2691.0,82.8,738.0,82.7,3429.0,82.8,0.0,0.0,0.0,0.0,0.0,0.0,0.0,0.0,0.0,0.0,0.0,0.0,0.0,0.0,0.0,0.0,0.0,0.0,0.0,0.0,0.0,0.0,0.0,0.0,0.0,0.0,0.0,0.0,0.0,0.0,0.0,0.0,0.0,0.0,0.0,0.0,30.0668,79.0193,2023-05-15,East
218,West Bengal,3078.0,94.6,34.0,85.0,3112.0,94.4,473.0,15.4,6.0,17.6,479.0,15.4,182.0,38.5,0.0,0.0,182.0,38.0,0.0,0.0,0.0,0.0,0.0,0.0,0.0,0.0,0.0,0.0,0.0,0.0,0.0,0.0,0.0,0.0,0.0,0.0,0.0,0.0,0.0,0.0,0.0,0.0,0.0,0.0,0.0,0.0,0.0,0.0,0.0,0.0,0.0,0.0,0.0,0.0,22.9868,87.855,2023-11-09,East
219,Arunachal Pradesh,390088.0,93.0,100893.0,86.5,490981.0,91.6,21480.0,5.5,1968.0,2.0,23448.0,4.8,8161.0,38.0,670.0,34.0,8831.0,37.7,0.0,0.0,0.0,0.0,0.0,0.0,0.0,0.0,0.0,0.0,0.0,0.0,0.0,0.0,0.0,0.0,0.0,0.0,0.0,0.0,0.0,0.0,0.0,0.0,0.0,0.0,0.0,0.0,0.0,0.0,0.0,0.0,0.0,0.0,0.0,0.0,20.5937,78.9629,2023-07-15,North East
220,Mizoram,21948.0,96.6,4339.0,93.3,26287.0,96.1,1741.0,7.9,231.0,5.3,1972.0,7.5,670.0,38.5,121.0,52.4,791.0,40.1,0.0,0.0,0.0,0.0,0.0,0.0,0.0,0.0,0.0,0.0,0.0,0.0,0.0,0.0,0.0,0.0,0.0,0.0,0.0,0.0,0.0,0.0,0.0,0.0,0.0,0.0,0.0,0.0,0.0,0.0,0.0,0.0,0.0,0.0,0.0,0.0,11.667,92.735,2023-01-15,North East
221,Uttarakhand,87854.0,93.6,6472.0,80.9,94326.0,92.6,12541.0,14.3,910.0,14.1,13451.0,14.3,9590.0,76.5,710.0,78.0,10300.0,76.6,0.0,0.0,0.0,0.0,0.0,0.0,0.0,0.0,0.0,0.0,0.0,0.0,0.0,0.0,0.0,0.0,0.0,0.0,0.0,0.0,0.0,0.0,0.0,0.0,0.0,0.0,0.0,0.0,0.0,0.0,0.0,0.0,0.0,0.0,0.0,0.0,15.9129,79.74,2023-03-17,North
222,Nagaland,1707030.0,92.1,508900.0,89.6,2215930.0,91.5,143167.0,8.4,30564.0,6.0,173731.0,7.8,93897.0,65.6,16161.0,52.9,110058.0,63.3,0.0,0.0,0.0,0.0,0.0,0.0,0.0,0.0,0.0,0.0,0.0,0.0,0.0,0.0,0.0,0.0,0.0,0.0,0.0,0.0,0.0,0.0,0.0,0.0,0.0,0.0,0.0,0.0,0.0,0.0,0.0,0.0,0.0,0.0,0.0,0.0,28.218,94.7278,2023-12-18,North East
223,Mizoram,0.0,0.0,0.0,0.0,0.0,0.0,0.0,0.0,0.0,0.0,0.0,0.0,0.0,0.0,0.0,0.0,0.0,0.0,495.0,91.0,3.0,75.0,498.0,90.9,89.0,18.0,0.0,0.0,89.0,17.9,30.0,33.7,0.0,0.0,30.0,33.7,0.0,0.0,0.0,0.0,0.0,0.0,0.0,0.0,0.0,0.0,0.0,0.0,0.0,0.0,0.0,0.0,0.0,0.0,26.2006,92.9376,2023-01-05,North East
224,Nagaland,0.0,0.0,0.0,0.0,0.0,0.0,0.0,0.0,0.0,0.0,0.0,0.0,0.0,0.0,0.0,0.0,0.0,0.0,63627.0,96.2,26477.0,98.1,90104.0,96.8,9786.0,15.4,1409.0,5.3,11195.0,12.4,2456.0,25.1,326.0,23.1,2782.0,24.9,0.0,0.0,0.0,0.0,0.0,0.0,0.0,0.0,0.0,0.0,0.0,0.0,0.0,0.0,0.0,0.0,0.0,0.0,25.0961,85.3131,2023-01-04,North East
225,Tamil Nadu,0.0,0.0,0.0,0.0,0.0,0.0,0.0,0.0,0.0,0.0,0.0,0.0,0.0,0.0,0.0,0.0,0.0,0.0,2256.0,75.0,3.0,50.0,2259.0,74.9,303.0,13.4,0.0,0.0,303.0,13.4,171.0,56.4,0.0,0.0,171.0,56.4,0.0,0.0,0.0,0.0,0.0,0.0,0.0,0.0,0.0,0.0,0.0,0.0,0.0,0.0,0.0,0.0,0.0,0.0,30.7333,76.7794,2023-07-15,South
226,Chhattisgarh,0.0,0.0,0.0,0.0,0.0,0.0,0.0,0.0,0.0,0.0,0.0,0.0,0.0,0.0,0.0,0.0,0.0,0.0,30134.0,71.7,4074.0,68.8,34208.0,71.4,7929.0,26.3,325.0,8.0,8254.0,24.1,1497.0,18.9,93.0,28.6,1590.0,19.3,0.0,0.0,0.0,0.0,0.0,0.0,0.0,0.0,0.0,0.0,0.0,0.0,0.0,0.0,0.0,0.0,0.0,0.0,21.2787,81.8661,2023-09-26,Central
227,Nagaland,0.0,0.0,0.0,0.0,0.0,0.0,0.0,0.0,0.0,0.0,0.0,0.0,0.0,0.0,0.0,0.0,0.0,0.0,44248.0,54.4,36165.0,42.8,80413.0,48.5,4139.0,9.4,1152.0,3.2,5291.0,6.6,917.0,22.2,41.0,3.6,958.0,18.1,0.0,0.0,0.0,0.0,0.0,0.0,0.0,0.0,0.0,0.0,0.0,0.0,0.0,0.0,0.0,0.0,0.0,0.0,28.7041,77.1025,2023-06-10,North East
228,Kerala,0.0,0.0,0.0,0.0,0.0,0.0,0.0,0.0,0.0,0.0,0.0,0.0,0.0,0.0,0.0,0.0,0.0,0.0,3508.0,94.3,47.0,73.4,3555.0,94.0,305.0,8.7,2.0,4.3,307.0,8.6,60.0,19.7,0.0,0.0,60.0,19.5,0.0,0.0,0.0,0.0,0.0,0.0,0.0,0.0,0.0,0.0,0.0,0.0,0.0,0.0,0.0,0.0,0.0,0.0,15.2993,74.124,2023-12-29,South
229,Himachal Pradesh,0.0,0.0,0.0,0.0,0.0,0.0,0.0,0.0,0.0,0.0,0.0,0.0,0.0,0.0,0.0,0.0,0.0,0.0,25332.0,86.0,5815.0,62.7,31147.0,80.4,7986.0,31.5,336.0,5.8,8322.0,26.7,3595.0,45.0,140.0,41.7,3735.0,44.9,0.0,0.0,0.0,0.0,0.0,0.0,0.0,0.0,0.0,0.0,0.0,0.0,0.0,0.0,0.0,0.0,0.0,0.0,22.2587,71.1924,2023-05-26,North
230,West Bengal,0.0,0.0,0.0,0.0,0.0,0.0,0.0,0.0,0.0,0.0,0.0,0.0,0.0,0.0,0.0,0.0,0.0,0.0,548.0,64.9,57.0,75.0,605.0,65.7,67.0,12.2,2.0,3.5,69.0,11.4,38.0,56.7,2.0,100.0,40.0,58.0,0.0,0.0,0.0,0.0,0.0,0.0,0.0,0.0,0.0,0.0,0.0,0.0,0.0,0.0,0.0,0.0,0.0,0.0,29.0588,76.0856,2023-07-04,East
231,Mizoram,0.0,0.0,0.0,0.0,0.0,0.0,0.0,0.0,0.0,0.0,0.0,0.0,0.0,0.0,0.0,0.0,0.0,0.0,51623.0,66.2,1686.0,16.5,53309.0,60.4,3440.0,6.7,16.0,0.9,3456.0,6.5,777.0,22.6,5.0,31.3,782.0,22.6,0.0,0.0,0.0,0.0,0.0,0.0,0.0,0.0,0.0,0.0,0.0,0.0,0.0,0.0,0.0,0.0,0.0,0.0,31.1048,77.1734,2023-04-28,North East
232,Nagaland,0.0,0.0,0.0,0.0,0.0,0.0,0.0,0.0,0.0,0.0,0.0,0.0,0.0,0.0,0.0,0.0,0.0,0.0,1553.0,92.6,27.0,6.8,1580.0,76.2,105.0,6.8,1.0,3.7,106.0,6.7,8.0,7.6,1.0,100.0,9.0,8.5,0.0,0.0,0.0,0.0,0.0,0.0,0.0,0.0,0.0,0.0,0.0,0.0,0.0,0.0,0.0,0.0,0.0,0.0,33.7782,76.5762,2023-11-25,North East
233,Uttarakhand,0.0,0.0,0.0,0.0,0.0,0.0,0.0,0.0,0.0,0.0,0.0,0.0,0.0,0.0,0.0,0.0,0.0,0.0,104192.0,95.9,35780.0,90.6,139972.0,94.5,16920.0,16.2,2365.0,6.6,19285.0,13.8,7145.0,42.2,895.0,37.8,8040.0,41.7,0.0,0.0,0.0,0.0,0.0,0.0,0.0,0.0,0.0,0.0,0.0,0.0,0.0,0.0,0.0,0.0,0.0,0.0,23.6102,85.2799,2023-06-16,North
234,Haryana,0.0,0.0,0.0,0.0,0.0,0.0,0.0,0.0,0.0,0.0,0.0,0.0,0.0,0.0,0.0,0.0,0.0,0.0,54848.0,89.5,14373.0,82.6,69221.0,88.0,2572.0,4.7,486.0,3.4,3058.0,4.4,1044.0,40.6,161.0,33.1,1205.0,39.4,0.0,0.0,0.0,0.0,0.0,0.0,0.0,0.0,0.0,0.0,0.0,0.0,0.0,0.0,0.0,0.0,0.0,0.0,15.3173,75.7139,2023-11-24,North
235,Bihar,0.0,0.0,0.0,0.0,0.0,0.0,0.0,0.0,0.0,0.0,0.0,0.0,0.0,0.0,0.0,0.0,0.0,0.0,15625.0,97.5,437.0,93.4,16062.0,97.4,1855.0,11.9,22.0,5.0,1877.0,11.7,1674.0,90.2,18.0,81.8,1692.0,90.1,0.0,0.0,0.0,0.0,0.0,0.0,0.0,0.0,0.0,0.0,0.0,0.0,0.0,0.0,0.0,0.0,0.0,0.0,10.8505,76.2711,2023-05-31,East
236,Kerala,0.0,0.0,0.0,0.0,0.0,0.0,0.0,0.0,0.0,0.0,0.0,0.0,0.0,0.0,0.0,0.0,0.0,0.0,10254.0,90.1,513.0,88.1,10767.0,90.0,769.0,7.5,24.0,4.7,793.0,7.4,438.0,57.0,15.0,62.5,453.0,57.1,0.0,0.0,0.0,0.0,0.0,0.0,0.0,0.0,0.0,0.0,0.0,0.0,0.0,0.0,0.0,0.0,0.0,0.0,34.1526,77.577,2023-10-12,South
237,West Bengal,0.0,0.0,0.0,0.0,0.0,0.0,0.0,0.0,0.0,0.0,0.0,0.0,0.0,0.0,0.0,0.0,0.0,0.0,36887.0,78.6,4611.0,40.1,41498.0,71.0,4280.0,11.6,91.0,2.0,4371.0,10.5,1349.0,31.5,33.0,36.3,1382.0,31.6,0.0,0.0,0.0,0.0,0.0,0.0,0.0,0.0,0.0,0.0,0.0,0.0,0.0,0.0,0.0,0.0,0.0,0.0,10.328,72.7846,2023-10-09,East
238,Odisha,0.0,0.0,0.0,0.0,0.0,0.0,0.0,0.0,0.0,0.0,0.0,0.0,0.0,0.0,0.0,0.0,0.0,0.0,59878.0,88.9,9824.0,83.5,69702.0,88.1,11159.0,18.6,566.0,5.8,11725.0,16.8,3326.0,29.8,168.0,29.7,3494.0,29.8,0.0,0.0,0.0,0.0,0.0,0.0,0.0,0.0,0.0,0.0,0.0,0.0,0.0,0.0,0.0,0.0,0.0,0.0,22.9734,78.6569,2023-09-27,East
239,Assam,0.0,0.0,0.0,0.0,0.0,0.0,0.0,0.0,0.0,0.0,0.0,0.0,0.0,0.0,0.0,0.0,0.0,0.0,17712.0,85.9,2070.0,71.4,19782.0,84.1,2614.0,14.8,110.0,5.3,2724.0,13.8,1567.0,59.9,64.0,58.2,1631.0,59.9,0.0,0.0,0.0,0.0,0.0,0.0,0.0,0.0,0.0,0.0,0.0,0.0,0.0,0.0,0.0,0.0,0.0,0.0,19.7515,75.7139,2023-07-14,North East
240,Uttar Pradesh,0.0,0.0,0.0,0.0,0.0,0.0,0.0,0.0,0.0,0.0,0.0,0.0,0.0,0.0,0.0,0.0,0.0,0.0,297.0,88.9,9.0,81.8,306.0,88.7,7.0,2.4,1.0,11.1,8.0,2.6,4.0,57.1,1.0,100.0,5.0,62.5,0.0,0.0,0.0,0.0,0.0,0.0,0.0,0.0,0.0,0.0,0.0,0.0,0.0,0.0,0.0,0.0,0.0,0.0,24.6637,93.9063,2023-01-30,North
241,Odisha,0.0,0.0,0.0,0.0,0.0,0.0,0.0,0.0,0.0,0.0,0.0,0.0,0.0,0.0,0.0,0.0,0.0,0.0,22.0,100.0,0.0,0.0,22.0,100.0,1.0,4.5,0.0,0.0,1.0,4.5,1.0,100.0,0.0,0.0,1.0,100.0,0.0,0.0,0.0,0.0,0.0,0.0,0.0,0.0,0.0,0.0,0.0,0.0,0.0,0.0,0.0,0.0,0.0,0.0,25.467,91.3662,2023-08-31,East
242,Arunachal Pradesh,0.0,0.0,0.0,0.0,0.0,0.0,0.0,0.0,0.0,0.0,0.0,0.0,0.0,0.0,0.0,0.0,0.0,0.0,81505.0,58.3,20132.0,40.9,101637.0,53.8,13625.0,16.7,974.0,4.8,14599.0,14.4,2697.0,19.8,92.0,9.4,2789.0,19.1,0.0,0.0,0.0,0.0,0.0,0.0,0.0,0.0,0.0,0.0,0.0,0.0,0.0,0.0,0.0,0.0,0.0,0.0,23.1645,92.9376,2023-06-25,North East
243,Goa,0.0,0.0,0.0,0.0,0.0,0.0,0.0,0.0,0.0,0.0,0.0,0.0,0.0,0.0,0.0,0.0,0.0,0.0,128562.0,84.4,53968.0,69.8,182530.0,79.5,11941.0,9.3,1409.0,2.6,13350.0,7.3,4069.0,34.1,404.0,28.7,4473.0,33.5,0.0,0.0,0.0,0.0,0.0,0.0,0.0,0.0,0.0,0.0,0.0,0.0,0.0,0.0,0.0,0.0,0.0,0.0,26.1584,94.5624,2023-01-02,West
244,Chhattisgarh,0.0,0.0,0.0,0.0,0.0,0.0,0.0,0.0,0.0,0.0,0.0,0.0,0.0,0.0,0.0,0.0,0.0,0.0,1709.0,72.1,135.0,52.5,1844.0,70.2,330.0,19.3,12.0,8.9,342.0,18.5,82.0,24.8,1.0,8.3,83.0,24.3,0.0,0.0,0.0,0.0,0.0,0.0,0.0,0.0,0.0,0.0,0.0,0.0,0.0,0.0,0.0,0.0,0.0,0.0,20.9517,85.0985,2023-11-02,Central
245,Nagaland,0.0,0.0,0.0,0.0,0.0,0.0,0.0,0.0,0.0,0.0,0.0,0.0,0.0,0.0,0.0,0.0,0.0,0.0,3586.0,77.3,182.0,56.5,3768.0,75.9,1384.0,38.6,60.0,33.0,1444.0,38.3,254.0,18.4,3.0,5.0,257.0,17.8,0.0,0.0,0.0,0.0,0.0,0.0,0.0,0.0,0.0,0.0,0.0,0.0,0.0,0.0,0.0,0.0,0.0,0.0,11.9416,79.8083,2023-03-16,North East
246,Haryana,0.0,0.0,0.0,0.0,0.0,0.0,0.0,0.0,0.0,0.0,0.0,0.0,0.0,0.0,0.0,0.0,0.0,0.0,2042.0,97.9,19.0,95.0,2061.0,97.9,616.0,30.2,5.0,26.3,621.0,30.1,548.0,89.0,5.0,100.0,553.0,89.0,0.0,0.0,0.0,0.0,0.0,0.0,0.0,0.0,0.0,0.0,0.0,0.0,0.0,0.0,0.0,0.0,0.0,0.0,31.1471,75.3412,2023-04-04,North
247,Rajasthan,0.0,0.0,0.0,0.0,0.0,0.0,0.0,0.0,0.0,0.0,0.0,0.0,0.0,0.0,0.0,0.0,0.0,0.0,3141.0,82.5,357.0,95.7,3498.0,83.7,591.0,18.8,70.0,19.6,661.0,18.9,381.0,64.5,24.0,34.3,405.0,61.3,0.0,0.0,0.0,0.0,0.0,0.0,0.0,0.0,0.0,0.0,0.0,0.0,0.0,0.0,0.0,0.0,0.0,0.0,27.0238,74.2179,2023-07-27,North
248,Odisha,0.0,0.0,0.0,0.0,0.0,0.0,0.0,0.0,0.0,0.0,0.0,0.0,0.0,0.0,0.0,0.0,0.0,0.0,52549.0,94.6,4025.0,91.6,56574.0,94.4,9966.0,19.0,262.0,6.5,10228.0,18.1,4454.0,44.7,114.0,43.5,4568.0,44.7,0.0,0.0,0.0,0.0,0.0,0.0,0.0,0.0,0.0,0.0,0.0,0.0,0.0,0.0,0.0,0.0,0.0,0.0,27.532,88.5122,2023-04-19,East
249,Chhattisgarh,0.0,0.0,0.0,0.0,0.0,0.0,0.0,0.0,0.0,0.0,0.0,0.0,0.0,0.0,0.0,0.0,0.0,0.0,1480.0,97.0,2.0,100.0,1482.0,97.1,224.0,15.1,1.0,50.0,225.0,15.2,220.0,98.2,1.0,100.0,221.0,98.2,0.0,0.0,0.0,0.0,0.0,0.0,0.0,0.0,0.0,0.0,0.0,0.0,0.0,0.0,0.0,0.0,0.0,0.0,11.1271,78.6569,2023-09-30,Central
250,Uttarakhand,0.0,0.0,0.0,0.0,0.0,0.0,0.0,0.0,0.0,0.0,0.0,0.0,0.0,0.0,0.0,0.0,0.0,0.0,40507.0,84.9,7662.0,78.1,48169.0,83.7,1693.0,4.2,85.0,1.1,1778.0,3.7,278.0,16.4,4.0,4.7,282.0,15.9,0.0,0.0,0.0,0.0,0.0,0.0,0.0,0.0,0.0,0.0,0.0,0.0,0.0,0.0,0.0,0.0,0.0,0.0,18.1124,79.0193,2023-10-22,North
251,Uttar Pradesh,0.0,0.0,0.0,0.0,0.0,0.0,0.0,0.0,0.0,0.0,0.0,0.0,0.0,0.0,0.0,0.0,0.0,0.0,106155.0,80.6,28475.0,73.7,134630.0,79.1,9100.0,8.6,1541.0,5.4,10641.0,7.9,3141.0,34.5,572.0,37.1,3713.0,34.9,0.0,0.0,0.0,0.0,0.0,0.0,0.0,0.0,0.0,0.0,0.0,0.0,0.0,0.0,0.0,0.0,0.0,0.0,23.9408,91.9882,2023-08-12,North
252,Maharashtra,0.0,0.0,0.0,0.0,0.0,0.0,0.0,0.0,0.0,0.0,0.0,0.0,0.0,0.0,0.0,0.0,0.0,0.0,947.0,70.8,49.0,66.2,996.0,70.5,77.0,8.1,2.0,4.1,79.0,7.9,5.0,6.5,1.0,50.0,6.0,7.6,0.0,0.0,0.0,0.0,0.0,0.0,0.0,0.0,0.0,0.0,0.0,0.0,0.0,0.0,0.0,0.0,0.0,0.0,26.8467,80.9462,2023-12-02,West
253,Mizoram,0.0,0.0,0.0,0.0,0.0,0.0,0.0,0.0,0.0,0.0,0.0,0.0,0.0,0.0,0.0,0.0,0.0,0.0,71409.0,91.2,12182.0,68.9,83591.0,87.1,13718.0,19.2,958.0,7.9,14676.0,17.6,3231.0,23.6,165.0,17.2,3396.0,23.1,0.0,0.0,0.0,0.0,0.0,0.0,0.0,0.0,0.0,0.0,0.0,0.0,0.0,0.0,0.0,0.0,0.0,0.0,30.0668,79.0193,2023-01-18,North East
254,Manipur,0.0,0.0,0.0,0.0,0.0,0.0,0.0,0.0,0.0,0.0,0.0,0.0,0.0,0.0,0.0,0.0,0.0,0.0,51000.0,93.5,16920.0,90.6,67920.0,92.8,6533.0,12.8,754.0,4.5,7287.0,10.7,3455.0,52.9,428.0,56.8,3883.0,53.3,0.0,0.0,0.0,0.0,0.0,0.0,0.0,0.0,0.0,0.0,0.0,0.0,0.0,0.0,0.0,0.0,0.0,0.0,22.9868,87.855,2023-12-15,North East
255,Bihar,0.0,0.0,0.0,0.0,0.0,0.0,0.0,0.0,0.0,0.0,0.0,0.0,0.0,0.0,0.0,0.0,0.0,0.0,2215.0,68.0,31.0,77.5,2246.0,68.2,478.0,21.6,0.0,0.0,478.0,21.3,44.0,9.2,0.0,0.0,44.0,9.2,0.0,0.0,0.0,0.0,0.0,0.0,0.0,0.0,0.0,0.0,0.0,0.0,0.0,0.0,0.0,0.0,0.0,0.0,20.5937,78.9629,2023-07-27,East
256,Karnataka,0.0,0.0,0.0,0.0,0.0,0.0,0.0,0.0,0.0,0.0,0.0,0.0,0.0,0.0,0.0,0.0,0.0,0.0,301001.0,71.8,57695.0,49.4,358696.0,66.9,29311.0,9.7,1686.0,2.9,30997.0,8.6,6824.0,23.3,236.0,14.0,7060.0,22.8,0.0,0.0,0.0,0.0,0.0,0.0,0.0,0.0,0.0,0.0,0.0,0.0,0.0,0.0,0.0,0.0,0.0,0.0,11.667,92.735,2023-10-03,South
257,West Bengal,0.0,0.0,0.0,0.0,0.0,0.0,0.0,0.0,0.0,0.0,0.0,0.0,0.0,0.0,0.0,0.0,0.0,0.0,21611.0,95.1,4206.0,90.5,25817.0,94.4,2492.0,11.5,185.0,4.4,2677.0,10.4,800.0,32.1,38.0,20.5,838.0,31.3,0.0,0.0,0.0,0.0,0.0,0.0,0.0,0.0,0.0,0.0,0.0,0.0,0.0,0.0,0.0,0.0,0.0,0.0,15.9129,79.74,2023-01-14,East
258,Nagaland,0.0,0.0,0.0,0.0,0.0,0.0,0.0,0.0,0.0,0.0,0.0,0.0,0.0,0.0,0.0,0.0,0.0,0.0,80975.0,86.3,6168.0,77.1,87143.0,85.6,18126.0,22.4,1100.0,17.8,19226.0,22.1,6173.0,34.1,353.0,32.1,6526.0,33.9,0.0,0.0,0.0,0.0,0.0,0.0,0.0,0.0,0.0,0.0,0.0,0.0,0.0,0.0,0.0,0.0,0.0,0.0,28.218,94.7278,2023-03-10,North East
259,Rajasthan,0.0,0.0,0.0,0.0,0.0,0.0,0.0,0.0,0.0,0.0,0.0,0.0,0.0,0.0,0.0,0.0,0.0,0.0,1473433.0,79.5,354179.0,62.4,1827612.0,75.5,194531.0,13.2,16012.0,4.5,210543.0,11.5,62753.0,32.3,4404.0,27.5,67157.0,31.9,0.0,0.0,0.0,0.0,0.0,0.0,0.0,0.0,0.0,0.0,0.0,0.0,0.0,0.0,0.0,0.0,0.0,0.0,26.2006,92.9376,2023-12-30,North
260,Manipur,0.0,0.0,0.0,0.0,0.0,0.0,0.0,0.0,0.0,0.0,0.0,0.0,0.0,0.0,0.0,0.0,0.0,0.0,0.0,0.0,0.0,0.0,0.0,0.0,0.0,0.0,0.0,0.0,0.0,0.0,0.0,0.0,0.0,0.0,0.0,0.0,490.0,90.1,3.0,75.0,493.0,90.0,90.0,18.4,0.0,0.0,90.0,18.3,26.0,28.9,0.0,0.0,26.0,28.9,25.0961,85.3131,2023-06-30,North East
261,Uttarakhand,0.0,0.0,0.0,0.0,0.0,0.0,0.0,0.0,0.0,0.0,0.0,0.0,0.0,0.0,0.0,0.0,0.0,0.0,0.0,0.0,0.0,0.0,0.0,0.0,0.0,0.0,0.0,0.0,0.0,0.0,0.0,0.0,0.0,0.0,0.0,0.0,63257.0,95.7,26303.0,97.5,89560.0,96.2,8187.0,12.9,1208.0,4.6,9395.0,10.5,1901.0,23.2,265.0,21.9,2166.0,23.1,30.7333,76.7794,2023-10-31,North
262,Nagaland,0.0,0.0,0.0,0.0,0.0,0.0,0.0,0.0,0.0,0.0,0.0,0.0,0.0,0.0,0.0,0.0,0.0,0.0,0.0,0.0,0.0,0.0,0.0,0.0,0.0,0.0,0.0,0.0,0.0,0.0,0.0,0.0,0.0,0.0,0.0,0.0,2240.0,74.4,3.0,50.0,2243.0,74.4,245.0,10.9,0.0,0.0,245.0,10.9,140.0,57.1,0.0,0.0,140.0,57.1,21.2787,81.8661,2023-09-12,North East
263,Himachal Pradesh,0.0,0.0,0.0,0.0,0.0,0.0,0.0,0.0,0.0,0.0,0.0,0.0,0.0,0.0,0.0,0.0,0.0,0.0,0.0,0.0,0.0,0.0,0.0,0.0,0.0,0.0,0.0,0.0,0.0,0.0,0.0,0.0,0.0,0.0,0.0,0.0,29582.0,70.4,4366.0,73.7,33948.0,70.8,5161.0,17.4,179.0,4.1,5340.0,15.7,1244.0,24.1,71.0,39.7,1315.0,24.6,28.7041,77.1025,2023-09-30,North
264,Himachal Pradesh,0.0,0.0,0.0,0.0,0.0,0.0,0.0,0.0,0.0,0.0,0.0,0.0,0.0,0.0,0.0,0.0,0.0,0.0,0.0,0.0,0.0,0.0,0.0,0.0,0.0,0.0,0.0,0.0,0.0,0.0,0.0,0.0,0.0,0.0,0.0,0.0,44246.0,54.4,35745.0,42.3,79991.0,48.2,781.0,1.8,254.0,0.7,1035.0,1.3,254.0,32.5,9.0,3.5,263.0,25.4,15.2993,74.124,2023-07-27,North
265,Telangana,0.0,0.0,0.0,0.0,0.0,0.0,0.0,0.0,0.0,0.0,0.0,0.0,0.0,0.0,0.0,0.0,0.0,0.0,0.0,0.0,0.0,0.0,0.0,0.0,0.0,0.0,0.0,0.0,0.0,0.0,0.0,0.0,0.0,0.0,0.0,0.0,3487.0,93.8,47.0,73.4,3534.0,93.4,209.0,6.0,1.0,2.1,210.0,5.9,39.0,18.7,1.0,100.0,40.0,19.0,22.2587,71.1924,2023-02-17,South
266,Bihar,0.0,0.0,0.0,0.0,0.0,0.0,0.0,0.0,0.0,0.0,0.0,0.0,0.0,0.0,0.0,0.0,0.0,0.0,0.0,0.0,0.0,0.0,0.0,0.0,0.0,0.0,0.0,0.0,0.0,0.0,0.0,0.0,0.0,0.0,0.0,0.0,24653.0,83.7,5734.0,61.8,30387.0,78.5,5395.0,21.9,247.0,4.3,5642.0,18.6,2606.0,48.3,114.0,46.2,2720.0,48.2,29.0588,76.0856,2023-06-18,East
267,Tripura,0.0,0.0,0.0,0.0,0.0,0.0,0.0,0.0,0.0,0.0,0.0,0.0,0.0,0.0,0.0,0.0,0.0,0.0,0.0,0.0,0.0,0.0,0.0,0.0,0.0,0.0,0.0,0.0,0.0,0.0,0.0,0.0,0.0,0.0,0.0,0.0,562.0,66.5,58.0,76.3,620.0,67.3,59.0,10.5,3.0,5.2,62.0,10.0,31.0,52.5,1.0,33.3,32.0,51.6,31.1048,77.1734,2023-08-20,North East
268,Mizoram,0.0,0.0,0.0,0.0,0.0,0.0,0.0,0.0,0.0,0.0,0.0,0.0,0.0,0.0,0.0,0.0,0.0,0.0,0.0,0.0,0.0,0.0,0.0,0.0,0.0,0.0,0.0,0.0,0.0,0.0,0.0,0.0,0.0,0.0,0.0,0.0,50682.0,65.0,1660.0,16.2,52342.0,59.3,3074.0,6.1,18.0,1.1,3092.0,5.9,619.0,20.1,4.0,22.2,623.0,20.1,33.7782,76.5762,2023-05-09,North East
269,Maharashtra,0.0,0.0,0.0,0.0,0.0,0.0,0.0,0.0,0.0,0.0,0.0,0.0,0.0,0.0,0.0,0.0,0.0,0.0,0.0,0.0,0.0,0.0,0.0,0.0,0.0,0.0,0.0,0.0,0.0,0.0,0.0,0.0,0.0,0.0,0.0,0.0,1563.0,93.2,28.0,7.1,1591.0,76.7,120.0,7.7,2.0,7.1,122.0,7.7,16.0,13.3,0.0,0.0,16.0,13.1,23.6102,85.2799,2023-09-20,West
270,Jharkhand,0.0,0.0,0.0,0.0,0.0,0.0,0.0,0.0,0.0,0.0,0.0,0.0,0.0,0.0,0.0,0.0,0.0,0.0,0.0,0.0,0.0,0.0,0.0,0.0,0.0,0.0,0.0,0.0,0.0,0.0,0.0,0.0,0.0,0.0,0.0,0.0,103459.0,95.2,35556.0,90.1,139015.0,93.8,5707.0,5.5,493.0,1.4,6200.0,4.5,2455.0,43.0,252.0,51.1,2707.0,43.7,15.3173,75.7139,2023-10-23,East
271,Madhya Pradesh,0.0,0.0,0.0,0.0,0.0,0.0,0.0,0.0,0.0,0.0,0.0,0.0,0.0,0.0,0.0,0.0,0.0,0.0,0.0,0.0,0.0,0.0,0.0,0.0,0.0,0.0,0.0,0.0,0.0,0.0,0.0,0.0,0.0,0.0,0.0,0.0,54295.0,88.6,14079.0,80.9,68374.0,86.9,1790.0,3.3,238.0,1.7,2028.0,3.0,729.0,40.7,99.0,41.6,828.0,40.8,10.8505,76.2711,2023-08-28,Central
272,Manipur,0.0,0.0,0.0,0.0,0.0,0.0,0.0,0.0,0.0,0.0,0.0,0.0,0.0,0.0,0.0,0.0,0.0,0.0,0.0,0.0,0.0,0.0,0.0,0.0,0.0,0.0,0.0,0.0,0.0,0.0,0.0,0.0,0.0,0.0,0.0,0.0,15509.0,96.7,429.0,91.7,15938.0,96.6,1379.0,8.9,17.0,4.0,1396.0,8.8,1176.0,85.3,10.0,58.8,1186.0,85.0,34.1526,77.577,2023-10-02,North East
273,Tripura,0.0,0.0,0.0,0.0,0.0,0.0,0.0,0.0,0.0,0.0,0.0,0.0,0.0,0.0,0.0,0.0,0.0,0.0,0.0,0.0,0.0,0.0,0.0,0.0,0.0,0.0,0.0,0.0,0.0,0.0,0.0,0.0,0.0,0.0,0.0,0.0,10172.0,89.4,514.0,88.3,10686.0,89.3,430.0,4.2,5.0,1.0,435.0,4.1,222.0,51.6,4.0,80.0,226.0,52.0,10.328,72.7846,2023-12-22,North East
274,Meghalaya,0.0,0.0,0.0,0.0,0.0,0.0,0.0,0.0,0.0,0.0,0.0,0.0,0.0,0.0,0.0,0.0,0.0,0.0,0.0,0.0,0.0,0.0,0.0,0.0,0.0,0.0,0.0,0.0,0.0,0.0,0.0,0.0,0.0,0.0,0.0,0.0,35773.0,76.2,4537.0,39.4,40310.0,68.9,3335.0,9.3,48.0,1.1,3383.0,8.4,885.0,26.5,16.0,33.3,901.0,26.6,22.9734,78.6569,2023-05-06,North East
275,Assam,0.0,0.0,0.0,0.0,0.0,0.0,0.0,0.0,0.0,0.0,0.0,0.0,0.0,0.0,0.0,0.0,0.0,0.0,0.0,0.0,0.0,0.0,0.0,0.0,0.0,0.0,0.0,0.0,0.0,0.0,0.0,0.0,0.0,0.0,0.0,0.0,59273.0,88.0,9629.0,81.8,68902.0,87.1,8964.0,15.1,409.0,4.2,9373.0,13.6,2538.0,28.3,110.0,26.9,2648.0,28.3,19.7515,75.7139,2023-09-23,North East
276,Madhya Pradesh,0.0,0.0,0.0,0.0,0.0,0.0,0.0,0.0,0.0,0.0,0.0,0.0,0.0,0.0,0.0,0.0,0.0,0.0,0.0,0.0,0.0,0.0,0.0,0.0,0.0,0.0,0.0,0.0,0.0,0.0,0.0,0.0,0.0,0.0,0.0,0.0,17510.0,84.9,2003.0,69.1,19513.0,83.0,2660.0,15.2,101.0,5.0,2761.0,14.1,1270.0,47.7,38.0,37.6,1308.0,47.4,24.6637,93.9063,2023-05-18,Central
277,Haryana,0.0,0.0,0.0,0.0,0.0,0.0,0.0,0.0,0.0,0.0,0.0,0.0,0.0,0.0,0.0,0.0,0.0,0.0,0.0,0.0,0.0,0.0,0.0,0.0,0.0,0.0,0.0,0.0,0.0,0.0,0.0,0.0,0.0,0.0,0.0,0.0,292.0,87.4,8.0,72.7,300.0,87.0,17.0,5.8,1.0,12.5,18.0,6.0,3.0,17.6,1.0,100.0,4.0,22.2,25.467,91.3662,2023-06-11,North
278,Meghalaya,0.0,0.0,0.0,0.0,0.0,0.0,0.0,0.0,0.0,0.0,0.0,0.0,0.0,0.0,0.0,0.0,0.0,0.0,0.0,0.0,0.0,0.0,0.0,0.0,0.0,0.0,0.0,0.0,0.0,0.0,0.0,0.0,0.0,0.0,0.0,0.0,22.0,100.0,0.0,0.0,22.0,100.0,0.0,0.0,0.0,0.0,0.0,0.0,0.0,0.0,0.0,0.0,0.0,0.0,23.1645,92.9376,2023-03-25,North East
279,Sikkim,0.0,0.0,0.0,0.0,0.0,0.0,0.0,0.0,0.0,0.0,0.0,0.0,0.0,0.0,0.0,0.0,0.0,0.0,0.0,0.0,0.0,0.0,0.0,0.0,0.0,0.0,0.0,0.0,0.0,0.0,0.0,0.0,0.0,0.0,0.0,0.0,79128.0,56.6,19701.0,40.0,98829.0,52.3,5170.0,6.5,275.0,1.4,5445.0,5.5,1110.0,21.5,53.0,19.3,1163.0,21.4,26.1584,94.5624,2023-03-03,North East
280,Tripura,0.0,0.0,0.0,0.0,0.0,0.0,0.0,0.0,0.0,0.0,0.0,0.0,0.0,0.0,0.0,0.0,0.0,0.0,0.0,0.0,0.0,0.0,0.0,0.0,0.0,0.0,0.0,0.0,0.0,0.0,0.0,0.0,0.0,0.0,0.0,0.0,126323.0,82.9,52493.0,67.9,178816.0,77.8,6857.0,5.4,718.0,1.4,7575.0,4.2,2469.0,36.0,226.0,31.5,2695.0,35.6,20.9517,85.0985,2023-09-24,North East
281,Uttarakhand,0.0,0.0,0.0,0.0,0.0,0.0,0.0,0.0,0.0,0.0,0.0,0.0,0.0,0.0,0.0,0.0,0.0,0.0,0.0,0.0,0.0,0.0,0.0,0.0,0.0,0.0,0.0,0.0,0.0,0.0,0.0,0.0,0.0,0.0,0.0,0.0,1720.0,72.6,126.0,49.0,1846.0,70.3,251.0,14.6,8.0,6.3,259.0,14.0,79.0,31.5,1.0,12.5,80.0,30.9,11.9416,79.8083,2023-08-12,North
282,Goa,0.0,0.0,0.0,0.0,0.0,0.0,0.0,0.0,0.0,0.0,0.0,0.0,0.0,0.0,0.0,0.0,0.0,0.0,0.0,0.0,0.0,0.0,0.0,0.0,0.0,0.0,0.0,0.0,0.0,0.0,0.0,0.0,0.0,0.0,0.0,0.0,3538.0,76.2,148.0,46.0,3686.0,74.3,746.0,21.1,7.0,4.7,753.0,20.4,168.0,22.5,0.0,0.0,168.0,22.3,31.1471,75.3412,2023-03-09,West
283,Chhattisgarh,0.0,0.0,0.0,0.0,0.0,0.0,0.0,0.0,0.0,0.0,0.0,0.0,0.0,0.0,0.0,0.0,0.0,0.0,0.0,0.0,0.0,0.0,0.0,0.0,0.0,0.0,0.0,0.0,0.0,0.0,0.0,0.0,0.0,0.0,0.0,0.0,2025.0,97.1,20.0,100.0,2045.0,97.1,240.0,11.9,2.0,10.0,242.0,11.8,105.0,43.8,0.0,0.0,105.0,43.4,27.0238,74.2179,2023-12-26,Central
284,Nagaland,0.0,0.0,0.0,0.0,0.0,0.0,0.0,0.0,0.0,0.0,0.0,0.0,0.0,0.0,0.0,0.0,0.0,0.0,0.0,0.0,0.0,0.0,0.0,0.0,0.0,0.0,0.0,0.0,0.0,0.0,0.0,0.0,0.0,0.0,0.0,0.0,3127.0,82.2,351.0,94.1,3478.0,83.2,312.0,10.0,10.0,2.8,322.0,9.3,198.0,63.5,0.0,0.0,198.0,61.5,27.532,88.5122,2023-04-06,North East
285,Arunachal Pradesh,0.0,0.0,0.0,0.0,0.0,0.0,0.0,0.0,0.0,0.0,0.0,0.0,0.0,0.0,0.0,0.0,0.0,0.0,0.0,0.0,0.0,0.0,0.0,0.0,0.0,0.0,0.0,0.0,0.0,0.0,0.0,0.0,0.0,0.0,0.0,0.0,52157.0,93.9,3969.0,90.3,56126.0,93.6,8665.0,16.6,251.0,6.3,8916.0,15.9,4024.0,46.4,103.0,41.0,4127.0,46.3,11.1271,78.6569,2023-06-14,North East
286,Meghalaya,0.0,0.0,0.0,0.0,0.0,0.0,0.0,0.0,0.0,0.0,0.0,0.0,0.0,0.0,0.0,0.0,0.0,0.0,0.0,0.0,0.0,0.0,0.0,0.0,0.0,0.0,0.0,0.0,0.0,0.0,0.0,0.0,0.0,0.0,0.0,0.0,1467.0,96.2,2.0,100.0,1469.0,96.2,320.0,21.8,0.0,0.0,320.0,21.8,315.0,98.4,0.0,0.0,315.0,98.4,18.1124,79.0193,2023-07-29,North East
287,Bihar,0.0,0.0,0.0,0.0,0.0,0.0,0.0,0.0,0.0,0.0,0.0,0.0,0.0,0.0,0.0,0.0,0.0,0.0,0.0,0.0,0.0,0.0,0.0,0.0,0.0,0.0,0.0,0.0,0.0,0.0,0.0,0.0,0.0,0.0,0.0,0.0,40121.0,84.1,7502.0,76.4,47623.0,82.8,1531.0,3.8,72.0,1.0,1603.0,3.4,280.0,18.3,6.0,8.3,286.0,17.8,23.9408,91.9882,2023-11-28,East
288,Madhya Pradesh,0.0,0.0,0.0,0.0,0.0,0.0,0.0,0.0,0.0,0.0,0.0,0.0,0.0,0.0,0.0,0.0,0.0,0.0,0.0,0.0,0.0,0.0,0.0,0.0,0.0,0.0,0.0,0.0,0.0,0.0,0.0,0.0,0.0,0.0,0.0,0.0,104335.0,79.3,28427.0,73.6,132762.0,78.0,3343.0,3.2,450.0,1.6,3793.0,2.9,1071.0,32.0,191.0,42.4,1262.0,33.3,26.8467,80.9462,2023-10-06,Central
289,Madhya Pradesh,0.0,0.0,0.0,0.0,0.0,0.0,0.0,0.0,0.0,0.0,0.0,0.0,0.0,0.0,0.0,0.0,0.0,0.0,0.0,0.0,0.0,0.0,0.0,0.0,0.0,0.0,0.0,0.0,0.0,0.0,0.0,0.0,0.0,0.0,0.0,0.0,983.0,73.5,48.0,64.9,1031.0,73.0,60.0,6.1,2.0,4.2,62.0,6.0,4.0,6.7,1.0,50.0,5.0,8.1,30.0668,79.0193,2023-07-27,Central
290,Kerala,0.0,0.0,0.0,0.0,0.0,0.0,0.0,0.0,0.0,0.0,0.0,0.0,0.0,0.0,0.0,0.0,0.0,0.0,0.0,0.0,0.0,0.0,0.0,0.0,0.0,0.0,0.0,0.0,0.0,0.0,0.0,0.0,0.0,0.0,0.0,0.0,71063.0,90.8,12009.0,68.0,83072.0,86.6,16475.0,23.2,979.0,8.2,17454.0,21.0,3754.0,22.8,170.0,17.4,3924.0,22.5,22.9868,87.855,2023-06-24,South
291,Gujarat,0.0,0.0,0.0,0.0,0.0,0.0,0.0,0.0,0.0,0.0,0.0,0.0,0.0,0.0,0.0,0.0,0.0,0.0,0.0,0.0,0.0,0.0,0.0,0.0,0.0,0.0,0.0,0.0,0.0,0.0,0.0,0.0,0.0,0.0,0.0,0.0,50793.0,93.1,16883.0,90.4,67676.0,92.4,7172.0,14.1,871.0,5.2,8043.0,11.9,3827.0,53.4,474.0,54.4,4301.0,53.5,20.5937,78.9629,2023-11-26,West
292,Manipur,0.0,0.0,0.0,0.0,0.0,0.0,0.0,0.0,0.0,0.0,0.0,0.0,0.0,0.0,0.0,0.0,0.0,0.0,0.0,0.0,0.0,0.0,0.0,0.0,0.0,0.0,0.0,0.0,0.0,0.0,0.0,0.0,0.0,0.0,0.0,0.0,2177.0,66.9,32.0,80.0,2209.0,67.0,495.0,22.7,0.0,0.0,495.0,22.4,72.0,14.5,0.0,0.0,72.0,14.5,11.667,92.735,2023-01-07,North East
293,Madhya Pradesh,0.0,0.0,0.0,0.0,0.0,0.0,0.0,0.0,0.0,0.0,0.0,0.0,0.0,0.0,0.0,0.0,0.0,0.0,0.0,0.0,0.0,0.0,0.0,0.0,0.0,0.0,0.0,0.0,0.0,0.0,0.0,0.0,0.0,0.0,0.0,0.0,291692.0,69.6,56031.0,48.0,347723.0,64.9,9876.0,3.4,506.0,0.9,10382.0,3.0,2846.0,28.8,76.0,15.0,2922.0,28.1,15.9129,79.74,2023-05-19,Central
294,Jharkhand,0.0,0.0,0.0,0.0,0.0,0.0,0.0,0.0,0.0,0.0,0.0,0.0,0.0,0.0,0.0,0.0,0.0,0.0,0.0,0.0,0.0,0.0,0.0,0.0,0.0,0.0,0.0,0.0,0.0,0.0,0.0,0.0,0.0,0.0,0.0,0.0,21322.0,93.9,4180.0,89.9,25502.0,93.2,1645.0,7.7,106.0,2.5,1751.0,6.9,610.0,37.1,21.0,19.8,631.0,36.0,28.218,94.7278,2023-05-16,East
295,Himachal Pradesh,0.0,0.0,0.0,0.0,0.0,0.0,0.0,0.0,0.0,0.0,0.0,0.0,0.0,0.0,0.0,0.0,0.0,0.0,0.0,0.0,0.0,0.0,0.0,0.0,0.0,0.0,0.0,0.0,0.0,0.0,0.0,0.0,0.0,0.0,0.0,0.0,79395.0,84.6,6058.0,75.7,85453.0,83.9,10784.0,13.6,587.0,9.7,11371.0,13.3,3814.0,35.4,218.0,37.1,4032.0,35.5,26.2006,92.9376,2023-03-18,North
296,Telangana,0.0,0.0,0.0,0.0,0.0,0.0,0.0,0.0,0.0,0.0,0.0,0.0,0.0,0.0,0.0,0.0,0.0,0.0,0.0,0.0,0.0,0.0,0.0,0.0,0.0,0.0,0.0,0.0,0.0,0.0,0.0,0.0,0.0,0.0,0.0,0.0,1448433.0,78.1,348682.0,61.4,1797115.0,74.2,121545.0,8.4,8068.0,2.3,129613.0,7.2,40900.0,33.7,2535.0,31.4,43435.0,33.5,25.0961,85.3131,2023-10-09,South
297,Tripura,518.0,95.2,3.0,75.0,521.0,95.1,97.0,18.7,1.0,33.3,98.0,18.8,69.0,71.1,1.0,100.0,70.0,71.4,0.0,0.0,0.0,0.0,0.0,0.0,0.0,0.0,0.0,0.0,0.0,0.0,0.0,0.0,0.0,0.0,0.0,0.0,0.0,0.0,0.0,0.0,0.0,0.0,0.0,0.0,0.0,0.0,0.0,0.0,0.0,0.0,0.0,0.0,0.0,0.0,30.7333,76.7794,2023-05-29,North East
298,Gujarat,65235.0,98.7,26883.0,99.6,92118.0,98.9,8816.0,13.5,2940.0,10.9,11756.0,12.8,6282.0,71.3,1671.0,56.8,7953.0,67.7,0.0,0.0,0.0,0.0,0.0,0.0,0.0,0.0,0.0,0.0,0.0,0.0,0.0,0.0,0.0,0.0,0.0,0.0,0.0,0.0,0.0,0.0,0.0,0.0,0.0,0.0,0.0,0.0,0.0,0.0,0.0,0.0,0.0,0.0,0.0,0.0,21.2787,81.8661,2023-03-28,West
299,Gujarat,2378.0,79.0,3.0,50.0,2381.0,79.0,59.0,2.5,0.0,0.0,59.0,2.5,28.0,47.5,0.0,0.0,28.0,47.5,0.0,0.0,0.0,0.0,0.0,0.0,0.0,0.0,0.0,0.0,0.0,0.0,0.0,0.0,0.0,0.0,0.0,0.0,0.0,0.0,0.0,0.0,0.0,0.0,0.0,0.0,0.0,0.0,0.0,0.0,0.0,0.0,0.0,0.0,0.0,0.0,28.7041,77.1025,2023-10-14,West
300,Manipur,34011.0,81.0,4929.0,83.2,38940.0,81.2,2554.0,7.5,499.0,10.1,3053.0,7.8,1003.0,39.3,179.0,35.9,1182.0,38.7,0.0,0.0,0.0,0.0,0.0,0.0,0.0,0.0,0.0,0.0,0.0,0.0,0.0,0.0,0.0,0.0,0.0,0.0,0.0,0.0,0.0,0.0,0.0,0.0,0.0,0.0,0.0,0.0,0.0,0.0,0.0,0.0,0.0,0.0,0.0,0.0,15.2993,74.124,2023-03-20,North East
301,Arunachal Pradesh,53768.0,66.1,74114.0,87.7,127882.0,77.1,3062.0,5.7,3801.0,5.1,6863.0,5.4,1489.0,48.6,811.0,21.3,2300.0,33.5,0.0,0.0,0.0,0.0,0.0,0.0,0.0,0.0,0.0,0.0,0.0,0.0,0.0,0.0,0.0,0.0,0.0,0.0,0.0,0.0,0.0,0.0,0.0,0.0,0.0,0.0,0.0,0.0,0.0,0.0,0.0,0.0,0.0,0.0,0.0,0.0,22.2587,71.1924,2023-04-25,North East
302,Manipur,3531.0,94.9,47.0,73.4,3578.0,94.6,316.0,8.9,5.0,10.6,321.0,9.0,248.0,78.5,5.0,100.0,253.0,78.8,0.0,0.0,0.0,0.0,0.0,0.0,0.0,0.0,0.0,0.0,0.0,0.0,0.0,0.0,0.0,0.0,0.0,0.0,0.0,0.0,0.0,0.0,0.0,0.0,0.0,0.0,0.0,0.0,0.0,0.0,0.0,0.0,0.0,0.0,0.0,0.0,29.0588,76.0856,2023-08-21,North East
303,Assam,26987.0,91.6,8243.0,88.8,35230.0,91.0,2473.0,9.2,639.0,7.8,3112.0,8.8,1184.0,47.9,155.0,24.3,1339.0,43.0,0.0,0.0,0.0,0.0,0.0,0.0,0.0,0.0,0.0,0.0,0.0,0.0,0.0,0.0,0.0,0.0,0.0,0.0,0.0,0.0,0.0,0.0,0.0,0.0,0.0,0.0,0.0,0.0,0.0,0.0,0.0,0.0,0.0,0.0,0.0,0.0,31.1048,77.1734,2023-11-21,North East
304,Punjab,838.0,99.2,76.0,100.0,914.0,99.2,56.0,6.7,3.0,3.9,59.0,6.5,46.0,82.1,2.0,66.7,48.0,81.4,0.0,0.0,0.0,0.0,0.0,0.0,0.0,0.0,0.0,0.0,0.0,0.0,0.0,0.0,0.0,0.0,0.0,0.0,0.0,0.0,0.0,0.0,0.0,0.0,0.0,0.0,0.0,0.0,0.0,0.0,0.0,0.0,0.0,0.0,0.0,0.0,33.7782,76.5762,2023-12-29,North
305,Manipur,65700.0,84.2,5628.0,55.0,71328.0,80.8,5323.0,8.1,621.0,11.0,5944.0,8.3,2661.0,50.0,168.0,27.1,2829.0,47.6,0.0,0.0,0.0,0.0,0.0,0.0,0.0,0.0,0.0,0.0,0.0,0.0,0.0,0.0,0.0,0.0,0.0,0.0,0.0,0.0,0.0,0.0,0.0,0.0,0.0,0.0,0.0,0.0,0.0,0.0,0.0,0.0,0.0,0.0,0.0,0.0,23.6102,85.2799,2023-04-12,North East
306,Haryana,1659.0,98.9,288.0,72.7,1947.0,93.9,332.0,20.0,45.0,15.6,377.0,19.4,300.0,90.4,25.0,55.6,325.0,86.2,0.0,0.0,0.0,0.0,0.0,0.0,0.0,0.0,0.0,0.0,0.0,0.0,0.0,0.0,0.0,0.0,0.0,0.0,0.0,0.0,0.0,0.0,0.0,0.0,0.0,0.0,0.0,0.0,0.0,0.0,0.0,0.0,0.0,0.0,0.0,0.0,15.3173,75.7139,2023-12-16,North
307,Tripura,106333.0,97.8,35899.0,90.9,142232.0,96.0,5343.0,5.0,1250.0,3.5,6593.0,4.6,4304.0,80.6,991.0,79.3,5295.0,80.3,0.0,0.0,0.0,0.0,0.0,0.0,0.0,0.0,0.0,0.0,0.0,0.0,0.0,0.0,0.0,0.0,0.0,0.0,0.0,0.0,0.0,0.0,0.0,0.0,0.0,0.0,0.0,0.0,0.0,0.0,0.0,0.0,0.0,0.0,0.0,0.0,10.8505,76.2711,2023-03-08,North East
308,Assam,58171.0,95.0,15853.0,91.1,74024.0,94.1,4463.0,7.7,837.0,5.3,5300.0,7.2,3357.0,75.2,560.0,66.9,3917.0,73.9,0.0,0.0,0.0,0.0,0.0,0.0,0.0,0.0,0.0,0.0,0.0,0.0,0.0,0.0,0.0,0.0,0.0,0.0,0.0,0.0,0.0,0.0,0.0,0.0,0.0,0.0,0.0,0.0,0.0,0.0,0.0,0.0,0.0,0.0,0.0,0.0,34.1526,77.577,2023-02-07,North East
309,West Bengal,15885.0,99.1,455.0,97.2,16340.0,99.0,1484.0,9.3,27.0,5.9,1511.0,9.2,1136.0,76.5,21.0,77.8,1157.0,76.6,0.0,0.0,0.0,0.0,0.0,0.0,0.0,0.0,0.0,0.0,0.0,0.0,0.0,0.0,0.0,0.0,0.0,0.0,0.0,0.0,0.0,0.0,0.0,0.0,0.0,0.0,0.0,0.0,0.0,0.0,0.0,0.0,0.0,0.0,0.0,0.0,10.328,72.7846,2023-01-22,East
310,Karnataka,10855.0,95.4,552.0,94.8,11407.0,95.4,729.0,6.7,40.0,7.2,769.0,6.7,378.0,51.9,31.0,77.5,409.0,53.2,0.0,0.0,0.0,0.0,0.0,0.0,0.0,0.0,0.0,0.0,0.0,0.0,0.0,0.0,0.0,0.0,0.0,0.0,0.0,0.0,0.0,0.0,0.0,0.0,0.0,0.0,0.0,0.0,0.0,0.0,0.0,0.0,0.0,0.0,0.0,0.0,22.9734,78.6569,2023-12-13,South
311,Bihar,42246.0,90.0,9644.0,83.8,51890.0,88.8,2305.0,5.5,648.0,6.7,2953.0,5.7,1266.0,54.9,260.0,40.1,1526.0,51.7,0.0,0.0,0.0,0.0,0.0,0.0,0.0,0.0,0.0,0.0,0.0,0.0,0.0,0.0,0.0,0.0,0.0,0.0,0.0,0.0,0.0,0.0,0.0,0.0,0.0,0.0,0.0,0.0,0.0,0.0,0.0,0.0,0.0,0.0,0.0,0.0,19.7515,75.7139,2023-12-15,East
312,Punjab,64615.0,95.9,10593.0,90.0,75208.0,95.0,9616.0,14.9,975.0,9.2,10591.0,14.1,7379.0,76.7,742.0,76.1,8121.0,76.7,0.0,0.0,0.0,0.0,0.0,0.0,0.0,0.0,0.0,0.0,0.0,0.0,0.0,0.0,0.0,0.0,0.0,0.0,0.0,0.0,0.0,0.0,0.0,0.0,0.0,0.0,0.0,0.0,0.0,0.0,0.0,0.0,0.0,0.0,0.0,0.0,24.6637,93.9063,2023-05-29,North
313,Odisha,19388.0,94.1,2557.0,88.2,21945.0,93.3,6376.0,32.9,770.0,30.1,7146.0,32.6,4163.0,65.3,446.0,57.9,4609.0,64.5,0.0,0.0,0.0,0.0,0.0,0.0,0.0,0.0,0.0,0.0,0.0,0.0,0.0,0.0,0.0,0.0,0.0,0.0,0.0,0.0,0.0,0.0,0.0,0.0,0.0,0.0,0.0,0.0,0.0,0.0,0.0,0.0,0.0,0.0,0.0,0.0,25.467,91.3662,2023-01-20,East
314,Kerala,306.0,91.6,9.0,81.8,315.0,91.3,7.0,2.3,1.0,11.1,8.0,2.5,6.0,85.7,1.0,100.0,7.0,87.5,0.0,0.0,0.0,0.0,0.0,0.0,0.0,0.0,0.0,0.0,0.0,0.0,0.0,0.0,0.0,0.0,0.0,0.0,0.0,0.0,0.0,0.0,0.0,0.0,0.0,0.0,0.0,0.0,0.0,0.0,0.0,0.0,0.0,0.0,0.0,0.0,23.1645,92.9376,2023-07-07,South
315,Telangana,21.0,95.5,0.0,0.0,21.0,95.5,5.0,23.8,0.0,0.0,5.0,23.8,4.0,80.0,0.0,0.0,4.0,80.0,0.0,0.0,0.0,0.0,0.0,0.0,0.0,0.0,0.0,0.0,0.0,0.0,0.0,0.0,0.0,0.0,0.0,0.0,0.0,0.0,0.0,0.0,0.0,0.0,0.0,0.0,0.0,0.0,0.0,0.0,0.0,0.0,0.0,0.0,0.0,0.0,26.1584,94.5624,2023-10-07,South
316,Uttar Pradesh,125381.0,89.8,46026.0,93.5,171407.0,90.7,6816.0,5.4,3221.0,7.0,10037.0,5.9,2983.0,43.8,1196.0,37.1,4179.0,41.6,0.0,0.0,0.0,0.0,0.0,0.0,0.0,0.0,0.0,0.0,0.0,0.0,0.0,0.0,0.0,0.0,0.0,0.0,0.0,0.0,0.0,0.0,0.0,0.0,0.0,0.0,0.0,0.0,0.0,0.0,0.0,0.0,0.0,0.0,0.0,0.0,20.9517,85.0985,2023-03-16,North
317,Himachal Pradesh,148268.0,97.3,73877.0,95.5,222145.0,96.7,9416.0,6.4,4376.0,5.9,13792.0,6.2,6493.0,69.0,2543.0,58.1,9036.0,65.5,0.0,0.0,0.0,0.0,0.0,0.0,0.0,0.0,0.0,0.0,0.0,0.0,0.0,0.0,0.0,0.0,0.0,0.0,0.0,0.0,0.0,0.0,0.0,0.0,0.0,0.0,0.0,0.0,0.0,0.0,0.0,0.0,0.0,0.0,0.0,0.0,11.9416,79.8083,2023-08-23,North
318,Jharkhand,1808.0,76.3,143.0,55.6,1951.0,74.3,275.0,15.2,11.0,7.7,286.0,14.7,129.0,46.9,2.0,18.2,131.0,45.8,0.0,0.0,0.0,0.0,0.0,0.0,0.0,0.0,0.0,0.0,0.0,0.0,0.0,0.0,0.0,0.0,0.0,0.0,0.0,0.0,0.0,0.0,0.0,0.0,0.0,0.0,0.0,0.0,0.0,0.0,0.0,0.0,0.0,0.0,0.0,0.0,31.1471,75.3412,2023-10-28,East
319,Himachal Pradesh,3646.0,78.6,165.0,51.2,3811.0,76.8,216.0,5.9,4.0,2.4,220.0,5.8,142.0,65.7,3.0,75.0,145.0,65.9,0.0,0.0,0.0,0.0,0.0,0.0,0.0,0.0,0.0,0.0,0.0,0.0,0.0,0.0,0.0,0.0,0.0,0.0,0.0,0.0,0.0,0.0,0.0,0.0,0.0,0.0,0.0,0.0,0.0,0.0,0.0,0.0,0.0,0.0,0.0,0.0,27.0238,74.2179,2023-04-02,North
320,Jharkhand,2056.0,98.6,20.0,100.0,2076.0,98.6,129.0,6.3,6.0,30.0,135.0,6.5,125.0,96.9,6.0,100.0,131.0,97.0,0.0,0.0,0.0,0.0,0.0,0.0,0.0,0.0,0.0,0.0,0.0,0.0,0.0,0.0,0.0,0.0,0.0,0.0,0.0,0.0,0.0,0.0,0.0,0.0,0.0,0.0,0.0,0.0,0.0,0.0,0.0,0.0,0.0,0.0,0.0,0.0,27.532,88.5122,2023-10-16,East
321,West Bengal,3165.0,83.2,349.0,93.6,3514.0,84.1,175.0,5.5,20.0,5.7,195.0,5.5,86.0,49.1,2.0,10.0,88.0,45.1,0.0,0.0,0.0,0.0,0.0,0.0,0.0,0.0,0.0,0.0,0.0,0.0,0.0,0.0,0.0,0.0,0.0,0.0,0.0,0.0,0.0,0.0,0.0,0.0,0.0,0.0,0.0,0.0,0.0,0.0,0.0,0.0,0.0,0.0,0.0,0.0,11.1271,78.6569,2023-09-21,East
322,Meghalaya,53597.0,96.5,4141.0,94.2,57738.0,96.3,4047.0,7.6,274.0,6.6,4321.0,7.5,3105.0,76.7,211.0,77.0,3316.0,76.7,0.0,0.0,0.0,0.0,0.0,0.0,0.0,0.0,0.0,0.0,0.0,0.0,0.0,0.0,0.0,0.0,0.0,0.0,0.0,0.0,0.0,0.0,0.0,0.0,0.0,0.0,0.0,0.0,0.0,0.0,0.0,0.0,0.0,0.0,0.0,0.0,18.1124,79.0193,2023-07-21,North East
323,Tamil Nadu,1510.0,99.0,2.0,100.0,1512.0,99.0,464.0,30.7,0.0,0.0,464.0,30.7,445.0,95.9,0.0,0.0,445.0,95.9,0.0,0.0,0.0,0.0,0.0,0.0,0.0,0.0,0.0,0.0,0.0,0.0,0.0,0.0,0.0,0.0,0.0,0.0,0.0,0.0,0.0,0.0,0.0,0.0,0.0,0.0,0.0,0.0,0.0,0.0,0.0,0.0,0.0,0.0,0.0,0.0,23.9408,91.9882,2023-01-21,South
324,Madhya Pradesh,43665.0,91.5,9006.0,91.8,52671.0,91.5,4930.0,11.3,676.0,7.5,5606.0,10.6,2266.0,46.0,170.0,25.1,2436.0,43.5,0.0,0.0,0.0,0.0,0.0,0.0,0.0,0.0,0.0,0.0,0.0,0.0,0.0,0.0,0.0,0.0,0.0,0.0,0.0,0.0,0.0,0.0,0.0,0.0,0.0,0.0,0.0,0.0,0.0,0.0,0.0,0.0,0.0,0.0,0.0,0.0,26.8467,80.9462,2023-04-08,Central
325,Telangana,119170.0,90.5,34317.0,88.8,153487.0,90.1,3484.0,2.9,1208.0,3.5,4692.0,3.1,2276.0,65.3,538.0,44.5,2814.0,60.0,0.0,0.0,0.0,0.0,0.0,0.0,0.0,0.0,0.0,0.0,0.0,0.0,0.0,0.0,0.0,0.0,0.0,0.0,0.0,0.0,0.0,0.0,0.0,0.0,0.0,0.0,0.0,0.0,0.0,0.0,0.0,0.0,0.0,0.0,0.0,0.0,30.0668,79.0193,2023-07-09,South
326,Odisha,1305.0,97.5,71.0,95.9,1376.0,97.5,118.0,9.0,4.0,5.6,122.0,8.9,106.0,89.8,3.0,75.0,109.0,89.3,0.0,0.0,0.0,0.0,0.0,0.0,0.0,0.0,0.0,0.0,0.0,0.0,0.0,0.0,0.0,0.0,0.0,0.0,0.0,0.0,0.0,0.0,0.0,0.0,0.0,0.0,0.0,0.0,0.0,0.0,0.0,0.0,0.0,0.0,0.0,0.0,22.9868,87.855,2023-01-02,East
327,Nagaland,76635.0,97.9,16054.0,90.8,92689.0,96.6,20196.0,26.4,3655.0,22.8,23851.0,25.7,19144.0,94.8,3179.0,87.0,22323.0,93.6,0.0,0.0,0.0,0.0,0.0,0.0,0.0,0.0,0.0,0.0,0.0,0.0,0.0,0.0,0.0,0.0,0.0,0.0,0.0,0.0,0.0,0.0,0.0,0.0,0.0,0.0,0.0,0.0,0.0,0.0,0.0,0.0,0.0,0.0,0.0,0.0,20.5937,78.9629,2023-03-08,North East
328,Jharkhand,51411.0,94.3,17215.0,92.2,68626.0,93.7,3250.0,6.3,892.0,5.2,4142.0,6.0,2691.0,82.8,738.0,82.7,3429.0,82.8,0.0,0.0,0.0,0.0,0.0,0.0,0.0,0.0,0.0,0.0,0.0,0.0,0.0,0.0,0.0,0.0,0.0,0.0,0.0,0.0,0.0,0.0,0.0,0.0,0.0,0.0,0.0,0.0,0.0,0.0,0.0,0.0,0.0,0.0,0.0,0.0,11.667,92.735,2023-11-05,East
329,Gujarat,3078.0,94.6,34.0,85.0,3112.0,94.4,473.0,15.4,6.0,17.6,479.0,15.4,182.0,38.5,0.0,0.0,182.0,38.0,0.0,0.0,0.0,0.0,0.0,0.0,0.0,0.0,0.0,0.0,0.0,0.0,0.0,0.0,0.0,0.0,0.0,0.0,0.0,0.0,0.0,0.0,0.0,0.0,0.0,0.0,0.0,0.0,0.0,0.0,0.0,0.0,0.0,0.0,0.0,0.0,15.9129,79.74,2023-07-21,West
330,Kerala,390088.0,93.0,100893.0,86.5,490981.0,91.6,21480.0,5.5,1968.0,2.0,23448.0,4.8,8161.0,38.0,670.0,34.0,8831.0,37.7,0.0,0.0,0.0,0.0,0.0,0.0,0.0,0.0,0.0,0.0,0.0,0.0,0.0,0.0,0.0,0.0,0.0,0.0,0.0,0.0,0.0,0.0,0.0,0.0,0.0,0.0,0.0,0.0,0.0,0.0,0.0,0.0,0.0,0.0,0.0,0.0,28.218,94.7278,2023-10-31,South
331,Arunachal Pradesh,21948.0,96.6,4339.0,93.3,26287.0,96.1,1741.0,7.9,231.0,5.3,1972.0,7.5,670.0,38.5,121.0,52.4,791.0,40.1,0.0,0.0,0.0,0.0,0.0,0.0,0.0,0.0,0.0,0.0,0.0,0.0,0.0,0.0,0.0,0.0,0.0,0.0,0.0,0.0,0.0,0.0,0.0,0.0,0.0,0.0,0.0,0.0,0.0,0.0,0.0,0.0,0.0,0.0,0.0,0.0,26.2006,92.9376,2023-10-23,North East
332,Telangana,87854.0,93.6,6472.0,80.9,94326.0,92.6,12541.0,14.3,910.0,14.1,13451.0,14.3,9590.0,76.5,710.0,78.0,10300.0,76.6,0.0,0.0,0.0,0.0,0.0,0.0,0.0,0.0,0.0,0.0,0.0,0.0,0.0,0.0,0.0,0.0,0.0,0.0,0.0,0.0,0.0,0.0,0.0,0.0,0.0,0.0,0.0,0.0,0.0,0.0,0.0,0.0,0.0,0.0,0.0,0.0,25.0961,85.3131,2023-02-09,South
333,Andhra Pradesh,1707030.0,92.1,508900.0,89.6,2215930.0,91.5,143167.0,8.4,30564.0,6.0,173731.0,7.8,93897.0,65.6,16161.0,52.9,110058.0,63.3,0.0,0.0,0.0,0.0,0.0,0.0,0.0,0.0,0.0,0.0,0.0,0.0,0.0,0.0,0.0,0.0,0.0,0.0,0.0,0.0,0.0,0.0,0.0,0.0,0.0,0.0,0.0,0.0,0.0,0.0,0.0,0.0,0.0,0.0,0.0,0.0,30.7333,76.7794,2023-10-05,South
334,Tamil Nadu,0.0,0.0,0.0,0.0,0.0,0.0,0.0,0.0,0.0,0.0,0.0,0.0,0.0,0.0,0.0,0.0,0.0,0.0,495.0,91.0,3.0,75.0,498.0,90.9,89.0,18.0,0.0,0.0,89.0,17.9,30.0,33.7,0.0,0.0,30.0,33.7,0.0,0.0,0.0,0.0,0.0,0.0,0.0,0.0,0.0,0.0,0.0,0.0,0.0,0.0,0.0,0.0,0.0,0.0,21.2787,81.8661,2023-10-16,South
335,Meghalaya,0.0,0.0,0.0,0.0,0.0,0.0,0.0,0.0,0.0,0.0,0.0,0.0,0.0,0.0,0.0,0.0,0.0,0.0,63627.0,96.2,26477.0,98.1,90104.0,96.8,9786.0,15.4,1409.0,5.3,11195.0,12.4,2456.0,25.1,326.0,23.1,2782.0,24.9,0.0,0.0,0.0,0.0,0.0,0.0,0.0,0.0,0.0,0.0,0.0,0.0,0.0,0.0,0.0,0.0,0.0,0.0,28.7041,77.1025,2023-08-14,North East
336,Himachal Pradesh,0.0,0.0,0.0,0.0,0.0,0.0,0.0,0.0,0.0,0.0,0.0,0.0,0.0,0.0,0.0,0.0,0.0,0.0,2256.0,75.0,3.0,50.0,2259.0,74.9,303.0,13.4,0.0,0.0,303.0,13.4,171.0,56.4,0.0,0.0,171.0,56.4,0.0,0.0,0.0,0.0,0.0,0.0,0.0,0.0,0.0,0.0,0.0,0.0,0.0,0.0,0.0,0.0,0.0,0.0,15.2993,74.124,2023-03-18,North
337,Meghalaya,0.0,0.0,0.0,0.0,0.0,0.0,0.0,0.0,0.0,0.0,0.0,0.0,0.0,0.0,0.0,0.0,0.0,0.0,30134.0,71.7,4074.0,68.8,34208.0,71.4,7929.0,26.3,325.0,8.0,8254.0,24.1,1497.0,18.9,93.0,28.6,1590.0,19.3,0.0,0.0,0.0,0.0,0.0,0.0,0.0,0.0,0.0,0.0,0.0,0.0,0.0,0.0,0.0,0.0,0.0,0.0,22.2587,71.1924,2023-09-25,North East
338,Tamil Nadu,0.0,0.0,0.0,0.0,0.0,0.0,0.0,0.0,0.0,0.0,0.0,0.0,0.0,0.0,0.0,0.0,0.0,0.0,44248.0,54.4,36165.0,42.8,80413.0,48.5,4139.0,9.4,1152.0,3.2,5291.0,6.6,917.0,22.2,41.0,3.6,958.0,18.1,0.0,0.0,0.0,0.0,0.0,0.0,0.0,0.0,0.0,0.0,0.0,0.0,0.0,0.0,0.0,0.0,0.0,0.0,29.0588,76.0856,2023-04-06,South
339,Haryana,0.0,0.0,0.0,0.0,0.0,0.0,0.0,0.0,0.0,0.0,0.0,0.0,0.0,0.0,0.0,0.0,0.0,0.0,3508.0,94.3,47.0,73.4,3555.0,94.0,305.0,8.7,2.0,4.3,307.0,8.6,60.0,19.7,0.0,0.0,60.0,19.5,0.0,0.0,0.0,0.0,0.0,0.0,0.0,0.0,0.0,0.0,0.0,0.0,0.0,0.0,0.0,0.0,0.0,0.0,31.1048,77.1734,2023-02-25,North
340,Manipur,0.0,0.0,0.0,0.0,0.0,0.0,0.0,0.0,0.0,0.0,0.0,0.0,0.0,0.0,0.0,0.0,0.0,0.0,25332.0,86.0,5815.0,62.7,31147.0,80.4,7986.0,31.5,336.0,5.8,8322.0,26.7,3595.0,45.0,140.0,41.7,3735.0,44.9,0.0,0.0,0.0,0.0,0.0,0.0,0.0,0.0,0.0,0.0,0.0,0.0,0.0,0.0,0.0,0.0,0.0,0.0,33.7782,76.5762,2023-11-12,North East
341,Andhra Pradesh,0.0,0.0,0.0,0.0,0.0,0.0,0.0,0.0,0.0,0.0,0.0,0.0,0.0,0.0,0.0,0.0,0.0,0.0,548.0,64.9,57.0,75.0,605.0,65.7,67.0,12.2,2.0,3.5,69.0,11.4,38.0,56.7,2.0,100.0,40.0,58.0,0.0,0.0,0.0,0.0,0.0,0.0,0.0,0.0,0.0,0.0,0.0,0.0,0.0,0.0,0.0,0.0,0.0,0.0,23.6102,85.2799,2023-04-28,South
342,Kerala,0.0,0.0,0.0,0.0,0.0,0.0,0.0,0.0,0.0,0.0,0.0,0.0,0.0,0.0,0.0,0.0,0.0,0.0,51623.0,66.2,1686.0,16.5,53309.0,60.4,3440.0,6.7,16.0,0.9,3456.0,6.5,777.0,22.6,5.0,31.3,782.0,22.6,0.0,0.0,0.0,0.0,0.0,0.0,0.0,0.0,0.0,0.0,0.0,0.0,0.0,0.0,0.0,0.0,0.0,0.0,15.3173,75.7139,2023-03-04,South
343,Sikkim,0.0,0.0,0.0,0.0,0.0,0.0,0.0,0.0,0.0,0.0,0.0,0.0,0.0,0.0,0.0,0.0,0.0,0.0,1553.0,92.6,27.0,6.8,1580.0,76.2,105.0,6.8,1.0,3.7,106.0,6.7,8.0,7.6,1.0,100.0,9.0,8.5,0.0,0.0,0.0,0.0,0.0,0.0,0.0,0.0,0.0,0.0,0.0,0.0,0.0,0.0,0.0,0.0,0.0,0.0,10.8505,76.2711,2023-08-05,North East
344,Mizoram,0.0,0.0,0.0,0.0,0.0,0.0,0.0,0.0,0.0,0.0,0.0,0.0,0.0,0.0,0.0,0.0,0.0,0.0,104192.0,95.9,35780.0,90.6,139972.0,94.5,16920.0,16.2,2365.0,6.6,19285.0,13.8,7145.0,42.2,895.0,37.8,8040.0,41.7,0.0,0.0,0.0,0.0,0.0,0.0,0.0,0.0,0.0,0.0,0.0,0.0,0.0,0.0,0.0,0.0,0.0,0.0,34.1526,77.577,2023-10-29,North East
345,Bihar,0.0,0.0,0.0,0.0,0.0,0.0,0.0,0.0,0.0,0.0,0.0,0.0,0.0,0.0,0.0,0.0,0.0,0.0,54848.0,89.5,14373.0,82.6,69221.0,88.0,2572.0,4.7,486.0,3.4,3058.0,4.4,1044.0,40.6,161.0,33.1,1205.0,39.4,0.0,0.0,0.0,0.0,0.0,0.0,0.0,0.0,0.0,0.0,0.0,0.0,0.0,0.0,0.0,0.0,0.0,0.0,10.328,72.7846,2023-06-20,East
346,Sikkim,0.0,0.0,0.0,0.0,0.0,0.0,0.0,0.0,0.0,0.0,0.0,0.0,0.0,0.0,0.0,0.0,0.0,0.0,15625.0,97.5,437.0,93.4,16062.0,97.4,1855.0,11.9,22.0,5.0,1877.0,11.7,1674.0,90.2,18.0,81.8,1692.0,90.1,0.0,0.0,0.0,0.0,0.0,0.0,0.0,0.0,0.0,0.0,0.0,0.0,0.0,0.0,0.0,0.0,0.0,0.0,22.9734,78.6569,2023-02-08,North East
347,Goa,0.0,0.0,0.0,0.0,0.0,0.0,0.0,0.0,0.0,0.0,0.0,0.0,0.0,0.0,0.0,0.0,0.0,0.0,10254.0,90.1,513.0,88.1,10767.0,90.0,769.0,7.5,24.0,4.7,793.0,7.4,438.0,57.0,15.0,62.5,453.0,57.1,0.0,0.0,0.0,0.0,0.0,0.0,0.0,0.0,0.0,0.0,0.0,0.0,0.0,0.0,0.0,0.0,0.0,0.0,19.7515,75.7139,2023-05-10,West
348,Sikkim,0.0,0.0,0.0,0.0,0.0,0.0,0.0,0.0,0.0,0.0,0.0,0.0,0.0,0.0,0.0,0.0,0.0,0.0,36887.0,78.6,4611.0,40.1,41498.0,71.0,4280.0,11.6,91.0,2.0,4371.0,10.5,1349.0,31.5,33.0,36.3,1382.0,31.6,0.0,0.0,0.0,0.0,0.0,0.0,0.0,0.0,0.0,0.0,0.0,0.0,0.0,0.0,0.0,0.0,0.0,0.0,24.6637,93.9063,2023-04-06,North East
349,Maharashtra,0.0,0.0,0.0,0.0,0.0,0.0,0.0,0.0,0.0,0.0,0.0,0.0,0.0,0.0,0.0,0.0,0.0,0.0,59878.0,88.9,9824.0,83.5,69702.0,88.1,11159.0,18.6,566.0,5.8,11725.0,16.8,3326.0,29.8,168.0,29.7,3494.0,29.8,0.0,0.0,0.0,0.0,0.0,0.0,0.0,0.0,0.0,0.0,0.0,0.0,0.0,0.0,0.0,0.0,0.0,0.0,25.467,91.3662,2023-04-24,West
350,Tamil Nadu,0.0,0.0,0.0,0.0,0.0,0.0,0.0,0.0,0.0,0.0,0.0,0.0,0.0,0.0,0.0,0.0,0.0,0.0,17712.0,85.9,2070.0,71.4,19782.0,84.1,2614.0,14.8,110.0,5.3,2724.0,13.8,1567.0,59.9,64.0,58.2,1631.0,59.9,0.0,0.0,0.0,0.0,0.0,0.0,0.0,0.0,0.0,0.0,0.0,0.0,0.0,0.0,0.0,0.0,0.0,0.0,23.1645,92.9376,2023-01-03,South
351,Uttarakhand,0.0,0.0,0.0,0.0,0.0,0.0,0.0,0.0,0.0,0.0,0.0,0.0,0.0,0.0,0.0,0.0,0.0,0.0,297.0,88.9,9.0,81.8,306.0,88.7,7.0,2.4,1.0,11.1,8.0,2.6,4.0,57.1,1.0,100.0,5.0,62.5,0.0,0.0,0.0,0.0,0.0,0.0,0.0,0.0,0.0,0.0,0.0,0.0,0.0,0.0,0.0,0.0,0.0,0.0,26.1584,94.5624,2023-11-17,North
352,Arunachal Pradesh,0.0,0.0,0.0,0.0,0.0,0.0,0.0,0.0,0.0,0.0,0.0,0.0,0.0,0.0,0.0,0.0,0.0,0.0,22.0,100.0,0.0,0.0,22.0,100.0,1.0,4.5,0.0,0.0,1.0,4.5,1.0,100.0,0.0,0.0,1.0,100.0,0.0,0.0,0.0,0.0,0.0,0.0,0.0,0.0,0.0,0.0,0.0,0.0,0.0,0.0,0.0,0.0,0.0,0.0,20.9517,85.0985,2023-05-23,North East
353,Telangana,0.0,0.0,0.0,0.0,0.0,0.0,0.0,0.0,0.0,0.0,0.0,0.0,0.0,0.0,0.0,0.0,0.0,0.0,81505.0,58.3,20132.0,40.9,101637.0,53.8,13625.0,16.7,974.0,4.8,14599.0,14.4,2697.0,19.8,92.0,9.4,2789.0,19.1,0.0,0.0,0.0,0.0,0.0,0.0,0.0,0.0,0.0,0.0,0.0,0.0,0.0,0.0,0.0,0.0,0.0,0.0,11.9416,79.8083,2023-04-24,South
354,Odisha,0.0,0.0,0.0,0.0,0.0,0.0,0.0,0.0,0.0,0.0,0.0,0.0,0.0,0.0,0.0,0.0,0.0,0.0,128562.0,84.4,53968.0,69.8,182530.0,79.5,11941.0,9.3,1409.0,2.6,13350.0,7.3,4069.0,34.1,404.0,28.7,4473.0,33.5,0.0,0.0,0.0,0.0,0.0,0.0,0.0,0.0,0.0,0.0,0.0,0.0,0.0,0.0,0.0,0.0,0.0,0.0,31.1471,75.3412,2023-01-10,East
355,Kerala,0.0,0.0,0.0,0.0,0.0,0.0,0.0,0.0,0.0,0.0,0.0,0.0,0.0,0.0,0.0,0.0,0.0,0.0,1709.0,72.1,135.0,52.5,1844.0,70.2,330.0,19.3,12.0,8.9,342.0,18.5,82.0,24.8,1.0,8.3,83.0,24.3,0.0,0.0,0.0,0.0,0.0,0.0,0.0,0.0,0.0,0.0,0.0,0.0,0.0,0.0,0.0,0.0,0.0,0.0,27.0238,74.2179,2023-04-04,South
356,Chhattisgarh,0.0,0.0,0.0,0.0,0.0,0.0,0.0,0.0,0.0,0.0,0.0,0.0,0.0,0.0,0.0,0.0,0.0,0.0,3586.0,77.3,182.0,56.5,3768.0,75.9,1384.0,38.6,60.0,33.0,1444.0,38.3,254.0,18.4,3.0,5.0,257.0,17.8,0.0,0.0,0.0,0.0,0.0,0.0,0.0,0.0,0.0,0.0,0.0,0.0,0.0,0.0,0.0,0.0,0.0,0.0,27.532,88.5122,2023-07-22,Central
357,Uttarakhand,0.0,0.0,0.0,0.0,0.0,0.0,0.0,0.0,0.0,0.0,0.0,0.0,0.0,0.0,0.0,0.0,0.0,0.0,2042.0,97.9,19.0,95.0,2061.0,97.9,616.0,30.2,5.0,26.3,621.0,30.1,548.0,89.0,5.0,100.0,553.0,89.0,0.0,0.0,0.0,0.0,0.0,0.0,0.0,0.0,0.0,0.0,0.0,0.0,0.0,0.0,0.0,0.0,0.0,0.0,11.1271,78.6569,2023-07-16,North
358,Mizoram,0.0,0.0,0.0,0.0,0.0,0.0,0.0,0.0,0.0,0.0,0.0,0.0,0.0,0.0,0.0,0.0,0.0,0.0,3141.0,82.5,357.0,95.7,3498.0,83.7,591.0,18.8,70.0,19.6,661.0,18.9,381.0,64.5,24.0,34.3,405.0,61.3,0.0,0.0,0.0,0.0,0.0,0.0,0.0,0.0,0.0,0.0,0.0,0.0,0.0,0.0,0.0,0.0,0.0,0.0,18.1124,79.0193,2023-02-10,North East
359,Jharkhand,0.0,0.0,0.0,0.0,0.0,0.0,0.0,0.0,0.0,0.0,0.0,0.0,0.0,0.0,0.0,0.0,0.0,0.0,52549.0,94.6,4025.0,91.6,56574.0,94.4,9966.0,19.0,262.0,6.5,10228.0,18.1,4454.0,44.7,114.0,43.5,4568.0,44.7,0.0,0.0,0.0,0.0,0.0,0.0,0.0,0.0,0.0,0.0,0.0,0.0,0.0,0.0,0.0,0.0,0.0,0.0,23.9408,91.9882,2023-09-24,East
360,Goa,0.0,0.0,0.0,0.0,0.0,0.0,0.0,0.0,0.0,0.0,0.0,0.0,0.0,0.0,0.0,0.0,0.0,0.0,1480.0,97.0,2.0,100.0,1482.0,97.1,224.0,15.1,1.0,50.0,225.0,15.2,220.0,98.2,1.0,100.0,221.0,98.2,0.0,0.0,0.0,0.0,0.0,0.0,0.0,0.0,0.0,0.0,0.0,0.0,0.0,0.0,0.0,0.0,0.0,0.0,26.8467,80.9462,2023-09-21,West
361,Mizoram,0.0,0.0,0.0,0.0,0.0,0.0,0.0,0.0,0.0,0.0,0.0,0.0,0.0,0.0,0.0,0.0,0.0,0.0,40507.0,84.9,7662.0,78.1,48169.0,83.7,1693.0,4.2,85.0,1.1,1778.0,3.7,278.0,16.4,4.0,4.7,282.0,15.9,0.0,0.0,0.0,0.0,0.0,0.0,0.0,0.0,0.0,0.0,0.0,0.0,0.0,0.0,0.0,0.0,0.0,0.0,30.0668,79.0193,2023-11-15,North East
362,Madhya Pradesh,0.0,0.0,0.0,0.0,0.0,0.0,0.0,0.0,0.0,0.0,0.0,0.0,0.0,0.0,0.0,0.0,0.0,0.0,106155.0,80.6,28475.0,73.7,134630.0,79.1,9100.0,8.6,1541.0,5.4,10641.0,7.9,3141.0,34.5,572.0,37.1,3713.0,34.9,0.0,0.0,0.0,0.0,0.0,0.0,0.0,0.0,0.0,0.0,0.0,0.0,0.0,0.0,0.0,0.0,0.0,0.0,22.9868,87.855,2023-08-18,Central
363,Sikkim,0.0,0.0,0.0,0.0,0.0,0.0,0.0,0.0,0.0,0.0,0.0,0.0,0.0,0.0,0.0,0.0,0.0,0.0,947.0,70.8,49.0,66.2,996.0,70.5,77.0,8.1,2.0,4.1,79.0,7.9,5.0,6.5,1.0,50.0,6.0,7.6,0.0,0.0,0.0,0.0,0.0,0.0,0.0,0.0,0.0,0.0,0.0,0.0,0.0,0.0,0.0,0.0,0.0,0.0,20.5937,78.9629,2023-06-15,North East
364,Arunachal Pradesh,0.0,0.0,0.0,0.0,0.0,0.0,0.0,0.0,0.0,0.0,0.0,0.0,0.0,0.0,0.0,0.0,0.0,0.0,71409.0,91.2,12182.0,68.9,83591.0,87.1,13718.0,19.2,958.0,7.9,14676.0,17.6,3231.0,23.6,165.0,17.2,3396.0,23.1,0.0,0.0,0.0,0.0,0.0,0.0,0.0,0.0,0.0,0.0,0.0,0.0,0.0,0.0,0.0,0.0,0.0,0.0,11.667,92.735,2023-12-02,North East
365,Himachal Pradesh,0.0,0.0,0.0,0.0,0.0,0.0,0.0,0.0,0.0,0.0,0.0,0.0,0.0,0.0,0.0,0.0,0.0,0.0,51000.0,93.5,16920.0,90.6,67920.0,92.8,6533.0,12.8,754.0,4.5,7287.0,10.7,3455.0,52.9,428.0,56.8,3883.0,53.3,0.0,0.0,0.0,0.0,0.0,0.0,0.0,0.0,0.0,0.0,0.0,0.0,0.0,0.0,0.0,0.0,0.0,0.0,15.9129,79.74,2023-07-17,North
366,Uttarakhand,0.0,0.0,0.0,0.0,0.0,0.0,0.0,0.0,0.0,0.0,0.0,0.0,0.0,0.0,0.0,0.0,0.0,0.0,2215.0,68.0,31.0,77.5,2246.0,68.2,478.0,21.6,0.0,0.0,478.0,21.3,44.0,9.2,0.0,0.0,44.0,9.2,0.0,0.0,0.0,0.0,0.0,0.0,0.0,0.0,0.0,0.0,0.0,0.0,0.0,0.0,0.0,0.0,0.0,0.0,28.218,94.7278,2023-02-04,North
367,Nagaland,0.0,0.0,0.0,0.0,0.0,0.0,0.0,0.0,0.0,0.0,0.0,0.0,0.0,0.0,0.0,0.0,0.0,0.0,301001.0,71.8,57695.0,49.4,358696.0,66.9,29311.0,9.7,1686.0,2.9,30997.0,8.6,6824.0,23.3,236.0,14.0,7060.0,22.8,0.0,0.0,0.0,0.0,0.0,0.0,0.0,0.0,0.0,0.0,0.0,0.0,0.0,0.0,0.0,0.0,0.0,0.0,26.2006,92.9376,2023-05-25,North East
368,Himachal Pradesh,0.0,0.0,0.0,0.0,0.0,0.0,0.0,0.0,0.0,0.0,0.0,0.0,0.0,0.0,0.0,0.0,0.0,0.0,21611.0,95.1,4206.0,90.5,25817.0,94.4,2492.0,11.5,185.0,4.4,2677.0,10.4,800.0,32.1,38.0,20.5,838.0,31.3,0.0,0.0,0.0,0.0,0.0,0.0,0.0,0.0,0.0,0.0,0.0,0.0,0.0,0.0,0.0,0.0,0.0,0.0,25.0961,85.3131,2023-02-25,North
369,Mizoram,0.0,0.0,0.0,0.0,0.0,0.0,0.0,0.0,0.0,0.0,0.0,0.0,0.0,0.0,0.0,0.0,0.0,0.0,80975.0,86.3,6168.0,77.1,87143.0,85.6,18126.0,22.4,1100.0,17.8,19226.0,22.1,6173.0,34.1,353.0,32.1,6526.0,33.9,0.0,0.0,0.0,0.0,0.0,0.0,0.0,0.0,0.0,0.0,0.0,0.0,0.0,0.0,0.0,0.0,0.0,0.0,30.7333,76.7794,2023-09-14,North East
370,Madhya Pradesh,0.0,0.0,0.0,0.0,0.0,0.0,0.0,0.0,0.0,0.0,0.0,0.0,0.0,0.0,0.0,0.0,0.0,0.0,1473433.0,79.5,354179.0,62.4,1827612.0,75.5,194531.0,13.2,16012.0,4.5,210543.0,11.5,62753.0,32.3,4404.0,27.5,67157.0,31.9,0.0,0.0,0.0,0.0,0.0,0.0,0.0,0.0,0.0,0.0,0.0,0.0,0.0,0.0,0.0,0.0,0.0,0.0,21.2787,81.8661,2023-06-21,Central
371,Punjab,0.0,0.0,0.0,0.0,0.0,0.0,0.0,0.0,0.0,0.0,0.0,0.0,0.0,0.0,0.0,0.0,0.0,0.0,0.0,0.0,0.0,0.0,0.0,0.0,0.0,0.0,0.0,0.0,0.0,0.0,0.0,0.0,0.0,0.0,0.0,0.0,490.0,90.1,3.0,75.0,493.0,90.0,90.0,18.4,0.0,0.0,90.0,18.3,26.0,28.9,0.0,0.0,26.0,28.9,28.7041,77.1025,2023-02-09,North
372,Assam,0.0,0.0,0.0,0.0,0.0,0.0,0.0,0.0,0.0,0.0,0.0,0.0,0.0,0.0,0.0,0.0,0.0,0.0,0.0,0.0,0.0,0.0,0.0,0.0,0.0,0.0,0.0,0.0,0.0,0.0,0.0,0.0,0.0,0.0,0.0,0.0,63257.0,95.7,26303.0,97.5,89560.0,96.2,8187.0,12.9,1208.0,4.6,9395.0,10.5,1901.0,23.2,265.0,21.9,2166.0,23.1,15.2993,74.124,2023-09-12,North East
373,Sikkim,0.0,0.0,0.0,0.0,0.0,0.0,0.0,0.0,0.0,0.0,0.0,0.0,0.0,0.0,0.0,0.0,0.0,0.0,0.0,0.0,0.0,0.0,0.0,0.0,0.0,0.0,0.0,0.0,0.0,0.0,0.0,0.0,0.0,0.0,0.0,0.0,2240.0,74.4,3.0,50.0,2243.0,74.4,245.0,10.9,0.0,0.0,245.0,10.9,140.0,57.1,0.0,0.0,140.0,57.1,22.2587,71.1924,2023-08-09,North East
374,Haryana,0.0,0.0,0.0,0.0,0.0,0.0,0.0,0.0,0.0,0.0,0.0,0.0,0.0,0.0,0.0,0.0,0.0,0.0,0.0,0.0,0.0,0.0,0.0,0.0,0.0,0.0,0.0,0.0,0.0,0.0,0.0,0.0,0.0,0.0,0.0,0.0,29582.0,70.4,4366.0,73.7,33948.0,70.8,5161.0,17.4,179.0,4.1,5340.0,15.7,1244.0,24.1,71.0,39.7,1315.0,24.6,29.0588,76.0856,2023-12-24,North
375,Meghalaya,0.0,0.0,0.0,0.0,0.0,0.0,0.0,0.0,0.0,0.0,0.0,0.0,0.0,0.0,0.0,0.0,0.0,0.0,0.0,0.0,0.0,0.0,0.0,0.0,0.0,0.0,0.0,0.0,0.0,0.0,0.0,0.0,0.0,0.0,0.0,0.0,44246.0,54.4,35745.0,42.3,79991.0,48.2,781.0,1.8,254.0,0.7,1035.0,1.3,254.0,32.5,9.0,3.5,263.0,25.4,31.1048,77.1734,2023-02-24,North East
376,Uttar Pradesh,0.0,0.0,0.0,0.0,0.0,0.0,0.0,0.0,0.0,0.0,0.0,0.0,0.0,0.0,0.0,0.0,0.0,0.0,0.0,0.0,0.0,0.0,0.0,0.0,0.0,0.0,0.0,0.0,0.0,0.0,0.0,0.0,0.0,0.0,0.0,0.0,3487.0,93.8,47.0,73.4,3534.0,93.4,209.0,6.0,1.0,2.1,210.0,5.9,39.0,18.7,1.0,100.0,40.0,19.0,33.7782,76.5762,2023-12-12,North
377,Madhya Pradesh,0.0,0.0,0.0,0.0,0.0,0.0,0.0,0.0,0.0,0.0,0.0,0.0,0.0,0.0,0.0,0.0,0.0,0.0,0.0,0.0,0.0,0.0,0.0,0.0,0.0,0.0,0.0,0.0,0.0,0.0,0.0,0.0,0.0,0.0,0.0,0.0,24653.0,83.7,5734.0,61.8,30387.0,78.5,5395.0,21.9,247.0,4.3,5642.0,18.6,2606.0,48.3,114.0,46.2,2720.0,48.2,23.6102,85.2799,2023-10-14,Central
378,Rajasthan,0.0,0.0,0.0,0.0,0.0,0.0,0.0,0.0,0.0,0.0,0.0,0.0,0.0,0.0,0.0,0.0,0.0,0.0,0.0,0.0,0.0,0.0,0.0,0.0,0.0,0.0,0.0,0.0,0.0,0.0,0.0,0.0,0.0,0.0,0.0,0.0,562.0,66.5,58.0,76.3,620.0,67.3,59.0,10.5,3.0,5.2,62.0,10.0,31.0,52.5,1.0,33.3,32.0,51.6,15.3173,75.7139,2023-05-27,North
379,Uttarakhand,0.0,0.0,0.0,0.0,0.0,0.0,0.0,0.0,0.0,0.0,0.0,0.0,0.0,0.0,0.0,0.0,0.0,0.0,0.0,0.0,0.0,0.0,0.0,0.0,0.0,0.0,0.0,0.0,0.0,0.0,0.0,0.0,0.0,0.0,0.0,0.0,50682.0,65.0,1660.0,16.2,52342.0,59.3,3074.0,6.1,18.0,1.1,3092.0,5.9,619.0,20.1,4.0,22.2,623.0,20.1,10.8505,76.2711,2023-02-25,North
380,Chhattisgarh,0.0,0.0,0.0,0.0,0.0,0.0,0.0,0.0,0.0,0.0,0.0,0.0,0.0,0.0,0.0,0.0,0.0,0.0,0.0,0.0,0.0,0.0,0.0,0.0,0.0,0.0,0.0,0.0,0.0,0.0,0.0,0.0,0.0,0.0,0.0,0.0,1563.0,93.2,28.0,7.1,1591.0,76.7,120.0,7.7,2.0,7.1,122.0,7.7,16.0,13.3,0.0,0.0,16.0,13.1,34.1526,77.577,2023-08-29,Central
381,Haryana,0.0,0.0,0.0,0.0,0.0,0.0,0.0,0.0,0.0,0.0,0.0,0.0,0.0,0.0,0.0,0.0,0.0,0.0,0.0,0.0,0.0,0.0,0.0,0.0,0.0,0.0,0.0,0.0,0.0,0.0,0.0,0.0,0.0,0.0,0.0,0.0,103459.0,95.2,35556.0,90.1,139015.0,93.8,5707.0,5.5,493.0,1.4,6200.0,4.5,2455.0,43.0,252.0,51.1,2707.0,43.7,10.328,72.7846,2023-07-13,North
382,Uttarakhand,0.0,0.0,0.0,0.0,0.0,0.0,0.0,0.0,0.0,0.0,0.0,0.0,0.0,0.0,0.0,0.0,0.0,0.0,0.0,0.0,0.0,0.0,0.0,0.0,0.0,0.0,0.0,0.0,0.0,0.0,0.0,0.0,0.0,0.0,0.0,0.0,54295.0,88.6,14079.0,80.9,68374.0,86.9,1790.0,3.3,238.0,1.7,2028.0,3.0,729.0,40.7,99.0,41.6,828.0,40.8,22.9734,78.6569,2023-03-25,North
383,Kerala,0.0,0.0,0.0,0.0,0.0,0.0,0.0,0.0,0.0,0.0,0.0,0.0,0.0,0.0,0.0,0.0,0.0,0.0,0.0,0.0,0.0,0.0,0.0,0.0,0.0,0.0,0.0,0.0,0.0,0.0,0.0,0.0,0.0,0.0,0.0,0.0,15509.0,96.7,429.0,91.7,15938.0,96.6,1379.0,8.9,17.0,4.0,1396.0,8.8,1176.0,85.3,10.0,58.8,1186.0,85.0,19.7515,75.7139,2023-07-14,South
384,Assam,0.0,0.0,0.0,0.0,0.0,0.0,0.0,0.0,0.0,0.0,0.0,0.0,0.0,0.0,0.0,0.0,0.0,0.0,0.0,0.0,0.0,0.0,0.0,0.0,0.0,0.0,0.0,0.0,0.0,0.0,0.0,0.0,0.0,0.0,0.0,0.0,10172.0,89.4,514.0,88.3,10686.0,89.3,430.0,4.2,5.0,1.0,435.0,4.1,222.0,51.6,4.0,80.0,226.0,52.0,24.6637,93.9063,2023-05-23,North East
385,Karnataka,0.0,0.0,0.0,0.0,0.0,0.0,0.0,0.0,0.0,0.0,0.0,0.0,0.0,0.0,0.0,0.0,0.0,0.0,0.0,0.0,0.0,0.0,0.0,0.0,0.0,0.0,0.0,0.0,0.0,0.0,0.0,0.0,0.0,0.0,0.0,0.0,35773.0,76.2,4537.0,39.4,40310.0,68.9,3335.0,9.3,48.0,1.1,3383.0,8.4,885.0,26.5,16.0,33.3,901.0,26.6,25.467,91.3662,2023-03-24,South
386,Kerala,0.0,0.0,0.0,0.0,0.0,0.0,0.0,0.0,0.0,0.0,0.0,0.0,0.0,0.0,0.0,0.0,0.0,0.0,0.0,0.0,0.0,0.0,0.0,0.0,0.0,0.0,0.0,0.0,0.0,0.0,0.0,0.0,0.0,0.0,0.0,0.0,59273.0,88.0,9629.0,81.8,68902.0,87.1,8964.0,15.1,409.0,4.2,9373.0,13.6,2538.0,28.3,110.0,26.9,2648.0,28.3,23.1645,92.9376,2023-09-14,South
387,Mizoram,0.0,0.0,0.0,0.0,0.0,0.0,0.0,0.0,0.0,0.0,0.0,0.0,0.0,0.0,0.0,0.0,0.0,0.0,0.0,0.0,0.0,0.0,0.0,0.0,0.0,0.0,0.0,0.0,0.0,0.0,0.0,0.0,0.0,0.0,0.0,0.0,17510.0,84.9,2003.0,69.1,19513.0,83.0,2660.0,15.2,101.0,5.0,2761.0,14.1,1270.0,47.7,38.0,37.6,1308.0,47.4,26.1584,94.5624,2023-12-02,North East
388,Manipur,0.0,0.0,0.0,0.0,0.0,0.0,0.0,0.0,0.0,0.0,0.0,0.0,0.0,0.0,0.0,0.0,0.0,0.0,0.0,0.0,0.0,0.0,0.0,0.0,0.0,0.0,0.0,0.0,0.0,0.0,0.0,0.0,0.0,0.0,0.0,0.0,292.0,87.4,8.0,72.7,300.0,87.0,17.0,5.8,1.0,12.5,18.0,6.0,3.0,17.6,1.0,100.0,4.0,22.2,20.9517,85.0985,2023-02-14,North East
389,Meghalaya,0.0,0.0,0.0,0.0,0.0,0.0,0.0,0.0,0.0,0.0,0.0,0.0,0.0,0.0,0.0,0.0,0.0,0.0,0.0,0.0,0.0,0.0,0.0,0.0,0.0,0.0,0.0,0.0,0.0,0.0,0.0,0.0,0.0,0.0,0.0,0.0,22.0,100.0,0.0,0.0,22.0,100.0,0.0,0.0,0.0,0.0,0.0,0.0,0.0,0.0,0.0,0.0,0.0,0.0,11.9416,79.8083,2023-01-18,North East
390,Tamil Nadu,0.0,0.0,0.0,0.0,0.0,0.0,0.0,0.0,0.0,0.0,0.0,0.0,0.0,0.0,0.0,0.0,0.0,0.0,0.0,0.0,0.0,0.0,0.0,0.0,0.0,0.0,0.0,0.0,0.0,0.0,0.0,0.0,0.0,0.0,0.0,0.0,79128.0,56.6,19701.0,40.0,98829.0,52.3,5170.0,6.5,275.0,1.4,5445.0,5.5,1110.0,21.5,53.0,19.3,1163.0,21.4,31.1471,75.3412,2023-04-13,South
391,Mizoram,0.0,0.0,0.0,0.0,0.0,0.0,0.0,0.0,0.0,0.0,0.0,0.0,0.0,0.0,0.0,0.0,0.0,0.0,0.0,0.0,0.0,0.0,0.0,0.0,0.0,0.0,0.0,0.0,0.0,0.0,0.0,0.0,0.0,0.0,0.0,0.0,126323.0,82.9,52493.0,67.9,178816.0,77.8,6857.0,5.4,718.0,1.4,7575.0,4.2,2469.0,36.0,226.0,31.5,2695.0,35.6,27.0238,74.2179,2023-06-22,North East
392,Bihar,0.0,0.0,0.0,0.0,0.0,0.0,0.0,0.0,0.0,0.0,0.0,0.0,0.0,0.0,0.0,0.0,0.0,0.0,0.0,0.0,0.0,0.0,0.0,0.0,0.0,0.0,0.0,0.0,0.0,0.0,0.0,0.0,0.0,0.0,0.0,0.0,1720.0,72.6,126.0,49.0,1846.0,70.3,251.0,14.6,8.0,6.3,259.0,14.0,79.0,31.5,1.0,12.5,80.0,30.9,27.532,88.5122,2023-08-26,East
393,Karnataka,0.0,0.0,0.0,0.0,0.0,0.0,0.0,0.0,0.0,0.0,0.0,0.0,0.0,0.0,0.0,0.0,0.0,0.0,0.0,0.0,0.0,0.0,0.0,0.0,0.0,0.0,0.0,0.0,0.0,0.0,0.0,0.0,0.0,0.0,0.0,0.0,3538.0,76.2,148.0,46.0,3686.0,74.3,746.0,21.1,7.0,4.7,753.0,20.4,168.0,22.5,0.0,0.0,168.0,22.3,11.1271,78.6569,2023-08-25,South
394,Telangana,0.0,0.0,0.0,0.0,0.0,0.0,0.0,0.0,0.0,0.0,0.0,0.0,0.0,0.0,0.0,0.0,0.0,0.0,0.0,0.0,0.0,0.0,0.0,0.0,0.0,0.0,0.0,0.0,0.0,0.0,0.0,0.0,0.0,0.0,0.0,0.0,2025.0,97.1,20.0,100.0,2045.0,97.1,240.0,11.9,2.0,10.0,242.0,11.8,105.0,43.8,0.0,0.0,105.0,43.4,18.1124,79.0193,2023-04-04,South
395,Tamil Nadu,0.0,0.0,0.0,0.0,0.0,0.0,0.0,0.0,0.0,0.0,0.0,0.0,0.0,0.0,0.0,0.0,0.0,0.0,0.0,0.0,0.0,0.0,0.0,0.0,0.0,0.0,0.0,0.0,0.0,0.0,0.0,0.0,0.0,0.0,0.0,0.0,3127.0,82.2,351.0,94.1,3478.0,83.2,312.0,10.0,10.0,2.8,322.0,9.3,198.0,63.5,0.0,0.0,198.0,61.5,23.9408,91.9882,2023-05-08,South
396,Goa,0.0,0.0,0.0,0.0,0.0,0.0,0.0,0.0,0.0,0.0,0.0,0.0,0.0,0.0,0.0,0.0,0.0,0.0,0.0,0.0,0.0,0.0,0.0,0.0,0.0,0.0,0.0,0.0,0.0,0.0,0.0,0.0,0.0,0.0,0.0,0.0,52157.0,93.9,3969.0,90.3,56126.0,93.6,8665.0,16.6,251.0,6.3,8916.0,15.9,4024.0,46.4,103.0,41.0,4127.0,46.3,26.8467,80.9462,2023-12-04,West
397,Odisha,0.0,0.0,0.0,0.0,0.0,0.0,0.0,0.0,0.0,0.0,0.0,0.0,0.0,0.0,0.0,0.0,0.0,0.0,0.0,0.0,0.0,0.0,0.0,0.0,0.0,0.0,0.0,0.0,0.0,0.0,0.0,0.0,0.0,0.0,0.0,0.0,1467.0,96.2,2.0,100.0,1469.0,96.2,320.0,21.8,0.0,0.0,320.0,21.8,315.0,98.4,0.0,0.0,315.0,98.4,30.0668,79.0193,2023-03-29,East
398,Himachal Pradesh,0.0,0.0,0.0,0.0,0.0,0.0,0.0,0.0,0.0,0.0,0.0,0.0,0.0,0.0,0.0,0.0,0.0,0.0,0.0,0.0,0.0,0.0,0.0,0.0,0.0,0.0,0.0,0.0,0.0,0.0,0.0,0.0,0.0,0.0,0.0,0.0,40121.0,84.1,7502.0,76.4,47623.0,82.8,1531.0,3.8,72.0,1.0,1603.0,3.4,280.0,18.3,6.0,8.3,286.0,17.8,22.9868,87.855,2023-07-07,North
399,West Bengal,0.0,0.0,0.0,0.0,0.0,0.0,0.0,0.0,0.0,0.0,0.0,0.0,0.0,0.0,0.0,0.0,0.0,0.0,0.0,0.0,0.0,0.0,0.0,0.0,0.0,0.0,0.0,0.0,0.0,0.0,0.0,0.0,0.0,0.0,0.0,0.0,104335.0,79.3,28427.0,73.6,132762.0,78.0,3343.0,3.2,450.0,1.6,3793.0,2.9,1071.0,32.0,191.0,42.4,1262.0,33.3,20.5937,78.9629,2023-01-27,East
400,Punjab,0.0,0.0,0.0,0.0,0.0,0.0,0.0,0.0,0.0,0.0,0.0,0.0,0.0,0.0,0.0,0.0,0.0,0.0,0.0,0.0,0.0,0.0,0.0,0.0,0.0,0.0,0.0,0.0,0.0,0.0,0.0,0.0,0.0,0.0,0.0,0.0,983.0,73.5,48.0,64.9,1031.0,73.0,60.0,6.1,2.0,4.2,62.0,6.0,4.0,6.7,1.0,50.0,5.0,8.1,11.667,92.735,2023-07-30,North
401,Kerala,0.0,0.0,0.0,0.0,0.0,0.0,0.0,0.0,0.0,0.0,0.0,0.0,0.0,0.0,0.0,0.0,0.0,0.0,0.0,0.0,0.0,0.0,0.0,0.0,0.0,0.0,0.0,0.0,0.0,0.0,0.0,0.0,0.0,0.0,0.0,0.0,71063.0,90.8,12009.0,68.0,83072.0,86.6,16475.0,23.2,979.0,8.2,17454.0,21.0,3754.0,22.8,170.0,17.4,3924.0,22.5,15.9129,79.74,2023-11-01,South
402,Arunachal Pradesh,0.0,0.0,0.0,0.0,0.0,0.0,0.0,0.0,0.0,0.0,0.0,0.0,0.0,0.0,0.0,0.0,0.0,0.0,0.0,0.0,0.0,0.0,0.0,0.0,0.0,0.0,0.0,0.0,0.0,0.0,0.0,0.0,0.0,0.0,0.0,0.0,50793.0,93.1,16883.0,90.4,67676.0,92.4,7172.0,14.1,871.0,5.2,8043.0,11.9,3827.0,53.4,474.0,54.4,4301.0,53.5,28.218,94.7278,2023-12-04,North East
403,Tamil Nadu,0.0,0.0,0.0,0.0,0.0,0.0,0.0,0.0,0.0,0.0,0.0,0.0,0.0,0.0,0.0,0.0,0.0,0.0,0.0,0.0,0.0,0.0,0.0,0.0,0.0,0.0,0.0,0.0,0.0,0.0,0.0,0.0,0.0,0.0,0.0,0.0,2177.0,66.9,32.0,80.0,2209.0,67.0,495.0,22.7,0.0,0.0,495.0,22.4,72.0,14.5,0.0,0.0,72.0,14.5,26.2006,92.9376,2023-08-19,South
404,Odisha,0.0,0.0,0.0,0.0,0.0,0.0,0.0,0.0,0.0,0.0,0.0,0.0,0.0,0.0,0.0,0.0,0.0,0.0,0.0,0.0,0.0,0.0,0.0,0.0,0.0,0.0,0.0,0.0,0.0,0.0,0.0,0.0,0.0,0.0,0.0,0.0,291692.0,69.6,56031.0,48.0,347723.0,64.9,9876.0,3.4,506.0,0.9,10382.0,3.0,2846.0,28.8,76.0,15.0,2922.0,28.1,25.0961,85.3131,2023-04-21,East
405,Uttarakhand,0.0,0.0,0.0,0.0,0.0,0.0,0.0,0.0,0.0,0.0,0.0,0.0,0.0,0.0,0.0,0.0,0.0,0.0,0.0,0.0,0.0,0.0,0.0,0.0,0.0,0.0,0.0,0.0,0.0,0.0,0.0,0.0,0.0,0.0,0.0,0.0,21322.0,93.9,4180.0,89.9,25502.0,93.2,1645.0,7.7,106.0,2.5,1751.0,6.9,610.0,37.1,21.0,19.8,631.0,36.0,30.7333,76.7794,2023-02-06,North
406,Maharashtra,0.0,0.0,0.0,0.0,0.0,0.0,0.0,0.0,0.0,0.0,0.0,0.0,0.0,0.0,0.0,0.0,0.0,0.0,0.0,0.0,0.0,0.0,0.0,0.0,0.0,0.0,0.0,0.0,0.0,0.0,0.0,0.0,0.0,0.0,0.0,0.0,79395.0,84.6,6058.0,75.7,85453.0,83.9,10784.0,13.6,587.0,9.7,11371.0,13.3,3814.0,35.4,218.0,37.1,4032.0,35.5,21.2787,81.8661,2023-02-08,West
407,Punjab,0.0,0.0,0.0,0.0,0.0,0.0,0.0,0.0,0.0,0.0,0.0,0.0,0.0,0.0,0.0,0.0,0.0,0.0,0.0,0.0,0.0,0.0,0.0,0.0,0.0,0.0,0.0,0.0,0.0,0.0,0.0,0.0,0.0,0.0,0.0,0.0,1448433.0,78.1,348682.0,61.4,1797115.0,74.2,121545.0,8.4,8068.0,2.3,129613.0,7.2,40900.0,33.7,2535.0,31.4,43435.0,33.5,28.7041,77.1025,2023-11-04,North
408,Tripura,518.0,95.2,3.0,75.0,521.0,95.1,97.0,18.7,1.0,33.3,98.0,18.8,69.0,71.1,1.0,100.0,70.0,71.4,0.0,0.0,0.0,0.0,0.0,0.0,0.0,0.0,0.0,0.0,0.0,0.0,0.0,0.0,0.0,0.0,0.0,0.0,0.0,0.0,0.0,0.0,0.0,0.0,0.0,0.0,0.0,0.0,0.0,0.0,0.0,0.0,0.0,0.0,0.0,0.0,15.2993,74.124,2023-04-21,North East
409,Haryana,65235.0,98.7,26883.0,99.6,92118.0,98.9,8816.0,13.5,2940.0,10.9,11756.0,12.8,6282.0,71.3,1671.0,56.8,7953.0,67.7,0.0,0.0,0.0,0.0,0.0,0.0,0.0,0.0,0.0,0.0,0.0,0.0,0.0,0.0,0.0,0.0,0.0,0.0,0.0,0.0,0.0,0.0,0.0,0.0,0.0,0.0,0.0,0.0,0.0,0.0,0.0,0.0,0.0,0.0,0.0,0.0,22.2587,71.1924,2023-08-20,North
410,Odisha,2378.0,79.0,3.0,50.0,2381.0,79.0,59.0,2.5,0.0,0.0,59.0,2.5,28.0,47.5,0.0,0.0,28.0,47.5,0.0,0.0,0.0,0.0,0.0,0.0,0.0,0.0,0.0,0.0,0.0,0.0,0.0,0.0,0.0,0.0,0.0,0.0,0.0,0.0,0.0,0.0,0.0,0.0,0.0,0.0,0.0,0.0,0.0,0.0,0.0,0.0,0.0,0.0,0.0,0.0,29.0588,76.0856,2023-01-11,East
411,Tamil Nadu,34011.0,81.0,4929.0,83.2,38940.0,81.2,2554.0,7.5,499.0,10.1,3053.0,7.8,1003.0,39.3,179.0,35.9,1182.0,38.7,0.0,0.0,0.0,0.0,0.0,0.0,0.0,0.0,0.0,0.0,0.0,0.0,0.0,0.0,0.0,0.0,0.0,0.0,0.0,0.0,0.0,0.0,0.0,0.0,0.0,0.0,0.0,0.0,0.0,0.0,0.0,0.0,0.0,0.0,0.0,0.0,31.1048,77.1734,2023-12-13,South
412,Andhra Pradesh,53768.0,66.1,74114.0,87.7,127882.0,77.1,3062.0,5.7,3801.0,5.1,6863.0,5.4,1489.0,48.6,811.0,21.3,2300.0,33.5,0.0,0.0,0.0,0.0,0.0,0.0,0.0,0.0,0.0,0.0,0.0,0.0,0.0,0.0,0.0,0.0,0.0,0.0,0.0,0.0,0.0,0.0,0.0,0.0,0.0,0.0,0.0,0.0,0.0,0.0,0.0,0.0,0.0,0.0,0.0,0.0,33.7782,76.5762,2023-08-18,South
413,Chhattisgarh,3531.0,94.9,47.0,73.4,3578.0,94.6,316.0,8.9,5.0,10.6,321.0,9.0,248.0,78.5,5.0,100.0,253.0,78.8,0.0,0.0,0.0,0.0,0.0,0.0,0.0,0.0,0.0,0.0,0.0,0.0,0.0,0.0,0.0,0.0,0.0,0.0,0.0,0.0,0.0,0.0,0.0,0.0,0.0,0.0,0.0,0.0,0.0,0.0,0.0,0.0,0.0,0.0,0.0,0.0,23.6102,85.2799,2023-06-17,Central
414,Odisha,26987.0,91.6,8243.0,88.8,35230.0,91.0,2473.0,9.2,639.0,7.8,3112.0,8.8,1184.0,47.9,155.0,24.3,1339.0,43.0,0.0,0.0,0.0,0.0,0.0,0.0,0.0,0.0,0.0,0.0,0.0,0.0,0.0,0.0,0.0,0.0,0.0,0.0,0.0,0.0,0.0,0.0,0.0,0.0,0.0,0.0,0.0,0.0,0.0,0.0,0.0,0.0,0.0,0.0,0.0,0.0,15.3173,75.7139,2023-09-28,East
415,Odisha,838.0,99.2,76.0,100.0,914.0,99.2,56.0,6.7,3.0,3.9,59.0,6.5,46.0,82.1,2.0,66.7,48.0,81.4,0.0,0.0,0.0,0.0,0.0,0.0,0.0,0.0,0.0,0.0,0.0,0.0,0.0,0.0,0.0,0.0,0.0,0.0,0.0,0.0,0.0,0.0,0.0,0.0,0.0,0.0,0.0,0.0,0.0,0.0,0.0,0.0,0.0,0.0,0.0,0.0,10.8505,76.2711,2023-10-07,East
416,Odisha,65700.0,84.2,5628.0,55.0,71328.0,80.8,5323.0,8.1,621.0,11.0,5944.0,8.3,2661.0,50.0,168.0,27.1,2829.0,47.6,0.0,0.0,0.0,0.0,0.0,0.0,0.0,0.0,0.0,0.0,0.0,0.0,0.0,0.0,0.0,0.0,0.0,0.0,0.0,0.0,0.0,0.0,0.0,0.0,0.0,0.0,0.0,0.0,0.0,0.0,0.0,0.0,0.0,0.0,0.0,0.0,34.1526,77.577,2023-01-20,East
417,Mizoram,1659.0,98.9,288.0,72.7,1947.0,93.9,332.0,20.0,45.0,15.6,377.0,19.4,300.0,90.4,25.0,55.6,325.0,86.2,0.0,0.0,0.0,0.0,0.0,0.0,0.0,0.0,0.0,0.0,0.0,0.0,0.0,0.0,0.0,0.0,0.0,0.0,0.0,0.0,0.0,0.0,0.0,0.0,0.0,0.0,0.0,0.0,0.0,0.0,0.0,0.0,0.0,0.0,0.0,0.0,10.328,72.7846,2023-05-30,North East
418,Kerala,106333.0,97.8,35899.0,90.9,142232.0,96.0,5343.0,5.0,1250.0,3.5,6593.0,4.6,4304.0,80.6,991.0,79.3,5295.0,80.3,0.0,0.0,0.0,0.0,0.0,0.0,0.0,0.0,0.0,0.0,0.0,0.0,0.0,0.0,0.0,0.0,0.0,0.0,0.0,0.0,0.0,0.0,0.0,0.0,0.0,0.0,0.0,0.0,0.0,0.0,0.0,0.0,0.0,0.0,0.0,0.0,22.9734,78.6569,2023-05-26,South
419,Karnataka,58171.0,95.0,15853.0,91.1,74024.0,94.1,4463.0,7.7,837.0,5.3,5300.0,7.2,3357.0,75.2,560.0,66.9,3917.0,73.9,0.0,0.0,0.0,0.0,0.0,0.0,0.0,0.0,0.0,0.0,0.0,0.0,0.0,0.0,0.0,0.0,0.0,0.0,0.0,0.0,0.0,0.0,0.0,0.0,0.0,0.0,0.0,0.0,0.0,0.0,0.0,0.0,0.0,0.0,0.0,0.0,19.7515,75.7139,2023-06-02,South
420,Kerala,15885.0,99.1,455.0,97.2,16340.0,99.0,1484.0,9.3,27.0,5.9,1511.0,9.2,1136.0,76.5,21.0,77.8,1157.0,76.6,0.0,0.0,0.0,0.0,0.0,0.0,0.0,0.0,0.0,0.0,0.0,0.0,0.0,0.0,0.0,0.0,0.0,0.0,0.0,0.0,0.0,0.0,0.0,0.0,0.0,0.0,0.0,0.0,0.0,0.0,0.0,0.0,0.0,0.0,0.0,0.0,24.6637,93.9063,2023-08-14,South
421,Andhra Pradesh,10855.0,95.4,552.0,94.8,11407.0,95.4,729.0,6.7,40.0,7.2,769.0,6.7,378.0,51.9,31.0,77.5,409.0,53.2,0.0,0.0,0.0,0.0,0.0,0.0,0.0,0.0,0.0,0.0,0.0,0.0,0.0,0.0,0.0,0.0,0.0,0.0,0.0,0.0,0.0,0.0,0.0,0.0,0.0,0.0,0.0,0.0,0.0,0.0,0.0,0.0,0.0,0.0,0.0,0.0,25.467,91.3662,2023-02-27,South
422,Maharashtra,42246.0,90.0,9644.0,83.8,51890.0,88.8,2305.0,5.5,648.0,6.7,2953.0,5.7,1266.0,54.9,260.0,40.1,1526.0,51.7,0.0,0.0,0.0,0.0,0.0,0.0,0.0,0.0,0.0,0.0,0.0,0.0,0.0,0.0,0.0,0.0,0.0,0.0,0.0,0.0,0.0,0.0,0.0,0.0,0.0,0.0,0.0,0.0,0.0,0.0,0.0,0.0,0.0,0.0,0.0,0.0,23.1645,92.9376,2023-02-28,West
423,Kerala,64615.0,95.9,10593.0,90.0,75208.0,95.0,9616.0,14.9,975.0,9.2,10591.0,14.1,7379.0,76.7,742.0,76.1,8121.0,76.7,0.0,0.0,0.0,0.0,0.0,0.0,0.0,0.0,0.0,0.0,0.0,0.0,0.0,0.0,0.0,0.0,0.0,0.0,0.0,0.0,0.0,0.0,0.0,0.0,0.0,0.0,0.0,0.0,0.0,0.0,0.0,0.0,0.0,0.0,0.0,0.0,26.1584,94.5624,2023-05-09,South
424,Sikkim,19388.0,94.1,2557.0,88.2,21945.0,93.3,6376.0,32.9,770.0,30.1,7146.0,32.6,4163.0,65.3,446.0,57.9,4609.0,64.5,0.0,0.0,0.0,0.0,0.0,0.0,0.0,0.0,0.0,0.0,0.0,0.0,0.0,0.0,0.0,0.0,0.0,0.0,0.0,0.0,0.0,0.0,0.0,0.0,0.0,0.0,0.0,0.0,0.0,0.0,0.0,0.0,0.0,0.0,0.0,0.0,20.9517,85.0985,2023-11-11,North East
425,Kerala,306.0,91.6,9.0,81.8,315.0,91.3,7.0,2.3,1.0,11.1,8.0,2.5,6.0,85.7,1.0,100.0,7.0,87.5,0.0,0.0,0.0,0.0,0.0,0.0,0.0,0.0,0.0,0.0,0.0,0.0,0.0,0.0,0.0,0.0,0.0,0.0,0.0,0.0,0.0,0.0,0.0,0.0,0.0,0.0,0.0,0.0,0.0,0.0,0.0,0.0,0.0,0.0,0.0,0.0,11.9416,79.8083,2023-09-18,South
426,Jharkhand,21.0,95.5,0.0,0.0,21.0,95.5,5.0,23.8,0.0,0.0,5.0,23.8,4.0,80.0,0.0,0.0,4.0,80.0,0.0,0.0,0.0,0.0,0.0,0.0,0.0,0.0,0.0,0.0,0.0,0.0,0.0,0.0,0.0,0.0,0.0,0.0,0.0,0.0,0.0,0.0,0.0,0.0,0.0,0.0,0.0,0.0,0.0,0.0,0.0,0.0,0.0,0.0,0.0,0.0,31.1471,75.3412,2023-12-20,East
427,Tripura,125381.0,89.8,46026.0,93.5,171407.0,90.7,6816.0,5.4,3221.0,7.0,10037.0,5.9,2983.0,43.8,1196.0,37.1,4179.0,41.6,0.0,0.0,0.0,0.0,0.0,0.0,0.0,0.0,0.0,0.0,0.0,0.0,0.0,0.0,0.0,0.0,0.0,0.0,0.0,0.0,0.0,0.0,0.0,0.0,0.0,0.0,0.0,0.0,0.0,0.0,0.0,0.0,0.0,0.0,0.0,0.0,27.0238,74.2179,2023-06-29,North East
428,Rajasthan,148268.0,97.3,73877.0,95.5,222145.0,96.7,9416.0,6.4,4376.0,5.9,13792.0,6.2,6493.0,69.0,2543.0,58.1,9036.0,65.5,0.0,0.0,0.0,0.0,0.0,0.0,0.0,0.0,0.0,0.0,0.0,0.0,0.0,0.0,0.0,0.0,0.0,0.0,0.0,0.0,0.0,0.0,0.0,0.0,0.0,0.0,0.0,0.0,0.0,0.0,0.0,0.0,0.0,0.0,0.0,0.0,27.532,88.5122,2023-01-29,North
429,Tripura,1808.0,76.3,143.0,55.6,1951.0,74.3,275.0,15.2,11.0,7.7,286.0,14.7,129.0,46.9,2.0,18.2,131.0,45.8,0.0,0.0,0.0,0.0,0.0,0.0,0.0,0.0,0.0,0.0,0.0,0.0,0.0,0.0,0.0,0.0,0.0,0.0,0.0,0.0,0.0,0.0,0.0,0.0,0.0,0.0,0.0,0.0,0.0,0.0,0.0,0.0,0.0,0.0,0.0,0.0,11.1271,78.6569,2023-09-01,North East
430,Karnataka,3646.0,78.6,165.0,51.2,3811.0,76.8,216.0,5.9,4.0,2.4,220.0,5.8,142.0,65.7,3.0,75.0,145.0,65.9,0.0,0.0,0.0,0.0,0.0,0.0,0.0,0.0,0.0,0.0,0.0,0.0,0.0,0.0,0.0,0.0,0.0,0.0,0.0,0.0,0.0,0.0,0.0,0.0,0.0,0.0,0.0,0.0,0.0,0.0,0.0,0.0,0.0,0.0,0.0,0.0,18.1124,79.0193,2023-11-17,South
431,Tripura,2056.0,98.6,20.0,100.0,2076.0,98.6,129.0,6.3,6.0,30.0,135.0,6.5,125.0,96.9,6.0,100.0,131.0,97.0,0.0,0.0,0.0,0.0,0.0,0.0,0.0,0.0,0.0,0.0,0.0,0.0,0.0,0.0,0.0,0.0,0.0,0.0,0.0,0.0,0.0,0.0,0.0,0.0,0.0,0.0,0.0,0.0,0.0,0.0,0.0,0.0,0.0,0.0,0.0,0.0,23.9408,91.9882,2023-04-09,North East
432,Nagaland,3165.0,83.2,349.0,93.6,3514.0,84.1,175.0,5.5,20.0,5.7,195.0,5.5,86.0,49.1,2.0,10.0,88.0,45.1,0.0,0.0,0.0,0.0,0.0,0.0,0.0,0.0,0.0,0.0,0.0,0.0,0.0,0.0,0.0,0.0,0.0,0.0,0.0,0.0,0.0,0.0,0.0,0.0,0.0,0.0,0.0,0.0,0.0,0.0,0.0,0.0,0.0,0.0,0.0,0.0,26.8467,80.9462,2023-10-02,North East
433,Tamil Nadu,53597.0,96.5,4141.0,94.2,57738.0,96.3,4047.0,7.6,274.0,6.6,4321.0,7.5,3105.0,76.7,211.0,77.0,3316.0,76.7,0.0,0.0,0.0,0.0,0.0,0.0,0.0,0.0,0.0,0.0,0.0,0.0,0.0,0.0,0.0,0.0,0.0,0.0,0.0,0.0,0.0,0.0,0.0,0.0,0.0,0.0,0.0,0.0,0.0,0.0,0.0,0.0,0.0,0.0,0.0,0.0,30.0668,79.0193,2023-06-05,South
434,Uttarakhand,1510.0,99.0,2.0,100.0,1512.0,99.0,464.0,30.7,0.0,0.0,464.0,30.7,445.0,95.9,0.0,0.0,445.0,95.9,0.0,0.0,0.0,0.0,0.0,0.0,0.0,0.0,0.0,0.0,0.0,0.0,0.0,0.0,0.0,0.0,0.0,0.0,0.0,0.0,0.0,0.0,0.0,0.0,0.0,0.0,0.0,0.0,0.0,0.0,0.0,0.0,0.0,0.0,0.0,0.0,22.9868,87.855,2023-12-25,North
435,Bihar,43665.0,91.5,9006.0,91.8,52671.0,91.5,4930.0,11.3,676.0,7.5,5606.0,10.6,2266.0,46.0,170.0,25.1,2436.0,43.5,0.0,0.0,0.0,0.0,0.0,0.0,0.0,0.0,0.0,0.0,0.0,0.0,0.0,0.0,0.0,0.0,0.0,0.0,0.0,0.0,0.0,0.0,0.0,0.0,0.0,0.0,0.0,0.0,0.0,0.0,0.0,0.0,0.0,0.0,0.0,0.0,20.5937,78.9629,2023-08-08,East
436,Rajasthan,119170.0,90.5,34317.0,88.8,153487.0,90.1,3484.0,2.9,1208.0,3.5,4692.0,3.1,2276.0,65.3,538.0,44.5,2814.0,60.0,0.0,0.0,0.0,0.0,0.0,0.0,0.0,0.0,0.0,0.0,0.0,0.0,0.0,0.0,0.0,0.0,0.0,0.0,0.0,0.0,0.0,0.0,0.0,0.0,0.0,0.0,0.0,0.0,0.0,0.0,0.0,0.0,0.0,0.0,0.0,0.0,11.667,92.735,2023-04-18,North
437,Maharashtra,1305.0,97.5,71.0,95.9,1376.0,97.5,118.0,9.0,4.0,5.6,122.0,8.9,106.0,89.8,3.0,75.0,109.0,89.3,0.0,0.0,0.0,0.0,0.0,0.0,0.0,0.0,0.0,0.0,0.0,0.0,0.0,0.0,0.0,0.0,0.0,0.0,0.0,0.0,0.0,0.0,0.0,0.0,0.0,0.0,0.0,0.0,0.0,0.0,0.0,0.0,0.0,0.0,0.0,0.0,15.9129,79.74,2023-08-07,West
438,Arunachal Pradesh,76635.0,97.9,16054.0,90.8,92689.0,96.6,20196.0,26.4,3655.0,22.8,23851.0,25.7,19144.0,94.8,3179.0,87.0,22323.0,93.6,0.0,0.0,0.0,0.0,0.0,0.0,0.0,0.0,0.0,0.0,0.0,0.0,0.0,0.0,0.0,0.0,0.0,0.0,0.0,0.0,0.0,0.0,0.0,0.0,0.0,0.0,0.0,0.0,0.0,0.0,0.0,0.0,0.0,0.0,0.0,0.0,28.218,94.7278,2023-07-07,North East
439,Andhra Pradesh,51411.0,94.3,17215.0,92.2,68626.0,93.7,3250.0,6.3,892.0,5.2,4142.0,6.0,2691.0,82.8,738.0,82.7,3429.0,82.8,0.0,0.0,0.0,0.0,0.0,0.0,0.0,0.0,0.0,0.0,0.0,0.0,0.0,0.0,0.0,0.0,0.0,0.0,0.0,0.0,0.0,0.0,0.0,0.0,0.0,0.0,0.0,0.0,0.0,0.0,0.0,0.0,0.0,0.0,0.0,0.0,26.2006,92.9376,2023-04-01,South
440,Odisha,3078.0,94.6,34.0,85.0,3112.0,94.4,473.0,15.4,6.0,17.6,479.0,15.4,182.0,38.5,0.0,0.0,182.0,38.0,0.0,0.0,0.0,0.0,0.0,0.0,0.0,0.0,0.0,0.0,0.0,0.0,0.0,0.0,0.0,0.0,0.0,0.0,0.0,0.0,0.0,0.0,0.0,0.0,0.0,0.0,0.0,0.0,0.0,0.0,0.0,0.0,0.0,0.0,0.0,0.0,25.0961,85.3131,2023-12-11,East
441,Jharkhand,390088.0,93.0,100893.0,86.5,490981.0,91.6,21480.0,5.5,1968.0,2.0,23448.0,4.8,8161.0,38.0,670.0,34.0,8831.0,37.7,0.0,0.0,0.0,0.0,0.0,0.0,0.0,0.0,0.0,0.0,0.0,0.0,0.0,0.0,0.0,0.0,0.0,0.0,0.0,0.0,0.0,0.0,0.0,0.0,0.0,0.0,0.0,0.0,0.0,0.0,0.0,0.0,0.0,0.0,0.0,0.0,30.7333,76.7794,2023-01-11,East
442,Punjab,21948.0,96.6,4339.0,93.3,26287.0,96.1,1741.0,7.9,231.0,5.3,1972.0,7.5,670.0,38.5,121.0,52.4,791.0,40.1,0.0,0.0,0.0,0.0,0.0,0.0,0.0,0.0,0.0,0.0,0.0,0.0,0.0,0.0,0.0,0.0,0.0,0.0,0.0,0.0,0.0,0.0,0.0,0.0,0.0,0.0,0.0,0.0,0.0,0.0,0.0,0.0,0.0,0.0,0.0,0.0,21.2787,81.8661,2023-08-24,North
443,West Bengal,87854.0,93.6,6472.0,80.9,94326.0,92.6,12541.0,14.3,910.0,14.1,13451.0,14.3,9590.0,76.5,710.0,78.0,10300.0,76.6,0.0,0.0,0.0,0.0,0.0,0.0,0.0,0.0,0.0,0.0,0.0,0.0,0.0,0.0,0.0,0.0,0.0,0.0,0.0,0.0,0.0,0.0,0.0,0.0,0.0,0.0,0.0,0.0,0.0,0.0,0.0,0.0,0.0,0.0,0.0,0.0,28.7041,77.1025,2023-08-22,East
444,Assam,1707030.0,92.1,508900.0,89.6,2215930.0,91.5,143167.0,8.4,30564.0,6.0,173731.0,7.8,93897.0,65.6,16161.0,52.9,110058.0,63.3,0.0,0.0,0.0,0.0,0.0,0.0,0.0,0.0,0.0,0.0,0.0,0.0,0.0,0.0,0.0,0.0,0.0,0.0,0.0,0.0,0.0,0.0,0.0,0.0,0.0,0.0,0.0,0.0,0.0,0.0,0.0,0.0,0.0,0.0,0.0,0.0,15.2993,74.124,2023-06-10,North East
445,Uttar Pradesh,0.0,0.0,0.0,0.0,0.0,0.0,0.0,0.0,0.0,0.0,0.0,0.0,0.0,0.0,0.0,0.0,0.0,0.0,495.0,91.0,3.0,75.0,498.0,90.9,89.0,18.0,0.0,0.0,89.0,17.9,30.0,33.7,0.0,0.0,30.0,33.7,0.0,0.0,0.0,0.0,0.0,0.0,0.0,0.0,0.0,0.0,0.0,0.0,0.0,0.0,0.0,0.0,0.0,0.0,22.2587,71.1924,2023-12-13,North
446,Chhattisgarh,0.0,0.0,0.0,0.0,0.0,0.0,0.0,0.0,0.0,0.0,0.0,0.0,0.0,0.0,0.0,0.0,0.0,0.0,63627.0,96.2,26477.0,98.1,90104.0,96.8,9786.0,15.4,1409.0,5.3,11195.0,12.4,2456.0,25.1,326.0,23.1,2782.0,24.9,0.0,0.0,0.0,0.0,0.0,0.0,0.0,0.0,0.0,0.0,0.0,0.0,0.0,0.0,0.0,0.0,0.0,0.0,29.0588,76.0856,2023-04-11,Central
447,Manipur,0.0,0.0,0.0,0.0,0.0,0.0,0.0,0.0,0.0,0.0,0.0,0.0,0.0,0.0,0.0,0.0,0.0,0.0,2256.0,75.0,3.0,50.0,2259.0,74.9,303.0,13.4,0.0,0.0,303.0,13.4,171.0,56.4,0.0,0.0,171.0,56.4,0.0,0.0,0.0,0.0,0.0,0.0,0.0,0.0,0.0,0.0,0.0,0.0,0.0,0.0,0.0,0.0,0.0,0.0,31.1048,77.1734,2023-09-13,North East
448,Sikkim,0.0,0.0,0.0,0.0,0.0,0.0,0.0,0.0,0.0,0.0,0.0,0.0,0.0,0.0,0.0,0.0,0.0,0.0,30134.0,71.7,4074.0,68.8,34208.0,71.4,7929.0,26.3,325.0,8.0,8254.0,24.1,1497.0,18.9,93.0,28.6,1590.0,19.3,0.0,0.0,0.0,0.0,0.0,0.0,0.0,0.0,0.0,0.0,0.0,0.0,0.0,0.0,0.0,0.0,0.0,0.0,33.7782,76.5762,2023-11-05,North East
449,Andhra Pradesh,0.0,0.0,0.0,0.0,0.0,0.0,0.0,0.0,0.0,0.0,0.0,0.0,0.0,0.0,0.0,0.0,0.0,0.0,44248.0,54.4,36165.0,42.8,80413.0,48.5,4139.0,9.4,1152.0,3.2,5291.0,6.6,917.0,22.2,41.0,3.6,958.0,18.1,0.0,0.0,0.0,0.0,0.0,0.0,0.0,0.0,0.0,0.0,0.0,0.0,0.0,0.0,0.0,0.0,0.0,0.0,23.6102,85.2799,2023-05-17,South
450,Madhya Pradesh,0.0,0.0,0.0,0.0,0.0,0.0,0.0,0.0,0.0,0.0,0.0,0.0,0.0,0.0,0.0,0.0,0.0,0.0,3508.0,94.3,47.0,73.4,3555.0,94.0,305.0,8.7,2.0,4.3,307.0,8.6,60.0,19.7,0.0,0.0,60.0,19.5,0.0,0.0,0.0,0.0,0.0,0.0,0.0,0.0,0.0,0.0,0.0,0.0,0.0,0.0,0.0,0.0,0.0,0.0,15.3173,75.7139,2023-11-18,Central
451,Uttar Pradesh,0.0,0.0,0.0,0.0,0.0,0.0,0.0,0.0,0.0,0.0,0.0,0.0,0.0,0.0,0.0,0.0,0.0,0.0,25332.0,86.0,5815.0,62.7,31147.0,80.4,7986.0,31.5,336.0,5.8,8322.0,26.7,3595.0,45.0,140.0,41.7,3735.0,44.9,0.0,0.0,0.0,0.0,0.0,0.0,0.0,0.0,0.0,0.0,0.0,0.0,0.0,0.0,0.0,0.0,0.0,0.0,10.8505,76.2711,2023-05-15,North
452,Haryana,0.0,0.0,0.0,0.0,0.0,0.0,0.0,0.0,0.0,0.0,0.0,0.0,0.0,0.0,0.0,0.0,0.0,0.0,548.0,64.9,57.0,75.0,605.0,65.7,67.0,12.2,2.0,3.5,69.0,11.4,38.0,56.7,2.0,100.0,40.0,58.0,0.0,0.0,0.0,0.0,0.0,0.0,0.0,0.0,0.0,0.0,0.0,0.0,0.0,0.0,0.0,0.0,0.0,0.0,34.1526,77.577,2023-06-08,North
453,Mizoram,0.0,0.0,0.0,0.0,0.0,0.0,0.0,0.0,0.0,0.0,0.0,0.0,0.0,0.0,0.0,0.0,0.0,0.0,51623.0,66.2,1686.0,16.5,53309.0,60.4,3440.0,6.7,16.0,0.9,3456.0,6.5,777.0,22.6,5.0,31.3,782.0,22.6,0.0,0.0,0.0,0.0,0.0,0.0,0.0,0.0,0.0,0.0,0.0,0.0,0.0,0.0,0.0,0.0,0.0,0.0,10.328,72.7846,2023-06-13,North East
454,Nagaland,0.0,0.0,0.0,0.0,0.0,0.0,0.0,0.0,0.0,0.0,0.0,0.0,0.0,0.0,0.0,0.0,0.0,0.0,1553.0,92.6,27.0,6.8,1580.0,76.2,105.0,6.8,1.0,3.7,106.0,6.7,8.0,7.6,1.0,100.0,9.0,8.5,0.0,0.0,0.0,0.0,0.0,0.0,0.0,0.0,0.0,0.0,0.0,0.0,0.0,0.0,0.0,0.0,0.0,0.0,22.9734,78.6569,2023-10-30,North East
455,Andhra Pradesh,0.0,0.0,0.0,0.0,0.0,0.0,0.0,0.0,0.0,0.0,0.0,0.0,0.0,0.0,0.0,0.0,0.0,0.0,104192.0,95.9,35780.0,90.6,139972.0,94.5,16920.0,16.2,2365.0,6.6,19285.0,13.8,7145.0,42.2,895.0,37.8,8040.0,41.7,0.0,0.0,0.0,0.0,0.0,0.0,0.0,0.0,0.0,0.0,0.0,0.0,0.0,0.0,0.0,0.0,0.0,0.0,19.7515,75.7139,2023-06-24,South
456,Manipur,0.0,0.0,0.0,0.0,0.0,0.0,0.0,0.0,0.0,0.0,0.0,0.0,0.0,0.0,0.0,0.0,0.0,0.0,54848.0,89.5,14373.0,82.6,69221.0,88.0,2572.0,4.7,486.0,3.4,3058.0,4.4,1044.0,40.6,161.0,33.1,1205.0,39.4,0.0,0.0,0.0,0.0,0.0,0.0,0.0,0.0,0.0,0.0,0.0,0.0,0.0,0.0,0.0,0.0,0.0,0.0,24.6637,93.9063,2023-07-30,North East
457,Meghalaya,0.0,0.0,0.0,0.0,0.0,0.0,0.0,0.0,0.0,0.0,0.0,0.0,0.0,0.0,0.0,0.0,0.0,0.0,15625.0,97.5,437.0,93.4,16062.0,97.4,1855.0,11.9,22.0,5.0,1877.0,11.7,1674.0,90.2,18.0,81.8,1692.0,90.1,0.0,0.0,0.0,0.0,0.0,0.0,0.0,0.0,0.0,0.0,0.0,0.0,0.0,0.0,0.0,0.0,0.0,0.0,25.467,91.3662,2023-05-11,North East
458,Nagaland,0.0,0.0,0.0,0.0,0.0,0.0,0.0,0.0,0.0,0.0,0.0,0.0,0.0,0.0,0.0,0.0,0.0,0.0,10254.0,90.1,513.0,88.1,10767.0,90.0,769.0,7.5,24.0,4.7,793.0,7.4,438.0,57.0,15.0,62.5,453.0,57.1,0.0,0.0,0.0,0.0,0.0,0.0,0.0,0.0,0.0,0.0,0.0,0.0,0.0,0.0,0.0,0.0,0.0,0.0,23.1645,92.9376,2023-08-12,North East
459,Jharkhand,0.0,0.0,0.0,0.0,0.0,0.0,0.0,0.0,0.0,0.0,0.0,0.0,0.0,0.0,0.0,0.0,0.0,0.0,36887.0,78.6,4611.0,40.1,41498.0,71.0,4280.0,11.6,91.0,2.0,4371.0,10.5,1349.0,31.5,33.0,36.3,1382.0,31.6,0.0,0.0,0.0,0.0,0.0,0.0,0.0,0.0,0.0,0.0,0.0,0.0,0.0,0.0,0.0,0.0,0.0,0.0,26.1584,94.5624,2023-09-18,East
460,Bihar,0.0,0.0,0.0,0.0,0.0,0.0,0.0,0.0,0.0,0.0,0.0,0.0,0.0,0.0,0.0,0.0,0.0,0.0,59878.0,88.9,9824.0,83.5,69702.0,88.1,11159.0,18.6,566.0,5.8,11725.0,16.8,3326.0,29.8,168.0,29.7,3494.0,29.8,0.0,0.0,0.0,0.0,0.0,0.0,0.0,0.0,0.0,0.0,0.0,0.0,0.0,0.0,0.0,0.0,0.0,0.0,20.9517,85.0985,2023-10-11,East
461,Odisha,0.0,0.0,0.0,0.0,0.0,0.0,0.0,0.0,0.0,0.0,0.0,0.0,0.0,0.0,0.0,0.0,0.0,0.0,17712.0,85.9,2070.0,71.4,19782.0,84.1,2614.0,14.8,110.0,5.3,2724.0,13.8,1567.0,59.9,64.0,58.2,1631.0,59.9,0.0,0.0,0.0,0.0,0.0,0.0,0.0,0.0,0.0,0.0,0.0,0.0,0.0,0.0,0.0,0.0,0.0,0.0,11.9416,79.8083,2023-09-27,East
462,Chhattisgarh,0.0,0.0,0.0,0.0,0.0,0.0,0.0,0.0,0.0,0.0,0.0,0.0,0.0,0.0,0.0,0.0,0.0,0.0,297.0,88.9,9.0,81.8,306.0,88.7,7.0,2.4,1.0,11.1,8.0,2.6,4.0,57.1,1.0,100.0,5.0,62.5,0.0,0.0,0.0,0.0,0.0,0.0,0.0,0.0,0.0,0.0,0.0,0.0,0.0,0.0,0.0,0.0,0.0,0.0,31.1471,75.3412,2023-08-03,Central
463,West Bengal,0.0,0.0,0.0,0.0,0.0,0.0,0.0,0.0,0.0,0.0,0.0,0.0,0.0,0.0,0.0,0.0,0.0,0.0,22.0,100.0,0.0,0.0,22.0,100.0,1.0,4.5,0.0,0.0,1.0,4.5,1.0,100.0,0.0,0.0,1.0,100.0,0.0,0.0,0.0,0.0,0.0,0.0,0.0,0.0,0.0,0.0,0.0,0.0,0.0,0.0,0.0,0.0,0.0,0.0,27.0238,74.2179,2023-03-26,East
464,Punjab,0.0,0.0,0.0,0.0,0.0,0.0,0.0,0.0,0.0,0.0,0.0,0.0,0.0,0.0,0.0,0.0,0.0,0.0,81505.0,58.3,20132.0,40.9,101637.0,53.8,13625.0,16.7,974.0,4.8,14599.0,14.4,2697.0,19.8,92.0,9.4,2789.0,19.1,0.0,0.0,0.0,0.0,0.0,0.0,0.0,0.0,0.0,0.0,0.0,0.0,0.0,0.0,0.0,0.0,0.0,0.0,27.532,88.5122,2023-10-15,North
465,Uttarakhand,0.0,0.0,0.0,0.0,0.0,0.0,0.0,0.0,0.0,0.0,0.0,0.0,0.0,0.0,0.0,0.0,0.0,0.0,128562.0,84.4,53968.0,69.8,182530.0,79.5,11941.0,9.3,1409.0,2.6,13350.0,7.3,4069.0,34.1,404.0,28.7,4473.0,33.5,0.0,0.0,0.0,0.0,0.0,0.0,0.0,0.0,0.0,0.0,0.0,0.0,0.0,0.0,0.0,0.0,0.0,0.0,11.1271,78.6569,2023-08-25,North
466,Madhya Pradesh,0.0,0.0,0.0,0.0,0.0,0.0,0.0,0.0,0.0,0.0,0.0,0.0,0.0,0.0,0.0,0.0,0.0,0.0,1709.0,72.1,135.0,52.5,1844.0,70.2,330.0,19.3,12.0,8.9,342.0,18.5,82.0,24.8,1.0,8.3,83.0,24.3,0.0,0.0,0.0,0.0,0.0,0.0,0.0,0.0,0.0,0.0,0.0,0.0,0.0,0.0,0.0,0.0,0.0,0.0,18.1124,79.0193,2023-10-01,Central
467,Karnataka,0.0,0.0,0.0,0.0,0.0,0.0,0.0,0.0,0.0,0.0,0.0,0.0,0.0,0.0,0.0,0.0,0.0,0.0,3586.0,77.3,182.0,56.5,3768.0,75.9,1384.0,38.6,60.0,33.0,1444.0,38.3,254.0,18.4,3.0,5.0,257.0,17.8,0.0,0.0,0.0,0.0,0.0,0.0,0.0,0.0,0.0,0.0,0.0,0.0,0.0,0.0,0.0,0.0,0.0,0.0,23.9408,91.9882,2023-07-20,South
468,Madhya Pradesh,0.0,0.0,0.0,0.0,0.0,0.0,0.0,0.0,0.0,0.0,0.0,0.0,0.0,0.0,0.0,0.0,0.0,0.0,2042.0,97.9,19.0,95.0,2061.0,97.9,616.0,30.2,5.0,26.3,621.0,30.1,548.0,89.0,5.0,100.0,553.0,89.0,0.0,0.0,0.0,0.0,0.0,0.0,0.0,0.0,0.0,0.0,0.0,0.0,0.0,0.0,0.0,0.0,0.0,0.0,26.8467,80.9462,2023-03-18,Central
469,Chhattisgarh,0.0,0.0,0.0,0.0,0.0,0.0,0.0,0.0,0.0,0.0,0.0,0.0,0.0,0.0,0.0,0.0,0.0,0.0,3141.0,82.5,357.0,95.7,3498.0,83.7,591.0,18.8,70.0,19.6,661.0,18.9,381.0,64.5,24.0,34.3,405.0,61.3,0.0,0.0,0.0,0.0,0.0,0.0,0.0,0.0,0.0,0.0,0.0,0.0,0.0,0.0,0.0,0.0,0.0,0.0,30.0668,79.0193,2023-06-23,Central
470,Mizoram,0.0,0.0,0.0,0.0,0.0,0.0,0.0,0.0,0.0,0.0,0.0,0.0,0.0,0.0,0.0,0.0,0.0,0.0,52549.0,94.6,4025.0,91.6,56574.0,94.4,9966.0,19.0,262.0,6.5,10228.0,18.1,4454.0,44.7,114.0,43.5,4568.0,44.7,0.0,0.0,0.0,0.0,0.0,0.0,0.0,0.0,0.0,0.0,0.0,0.0,0.0,0.0,0.0,0.0,0.0,0.0,22.9868,87.855,2023-10-02,North East
471,Maharashtra,0.0,0.0,0.0,0.0,0.0,0.0,0.0,0.0,0.0,0.0,0.0,0.0,0.0,0.0,0.0,0.0,0.0,0.0,1480.0,97.0,2.0,100.0,1482.0,97.1,224.0,15.1,1.0,50.0,225.0,15.2,220.0,98.2,1.0,100.0,221.0,98.2,0.0,0.0,0.0,0.0,0.0,0.0,0.0,0.0,0.0,0.0,0.0,0.0,0.0,0.0,0.0,0.0,0.0,0.0,20.5937,78.9629,2023-02-07,West
472,Karnataka,0.0,0.0,0.0,0.0,0.0,0.0,0.0,0.0,0.0,0.0,0.0,0.0,0.0,0.0,0.0,0.0,0.0,0.0,40507.0,84.9,7662.0,78.1,48169.0,83.7,1693.0,4.2,85.0,1.1,1778.0,3.7,278.0,16.4,4.0,4.7,282.0,15.9,0.0,0.0,0.0,0.0,0.0,0.0,0.0,0.0,0.0,0.0,0.0,0.0,0.0,0.0,0.0,0.0,0.0,0.0,11.667,92.735,2023-06-07,South
473,Punjab,0.0,0.0,0.0,0.0,0.0,0.0,0.0,0.0,0.0,0.0,0.0,0.0,0.0,0.0,0.0,0.0,0.0,0.0,106155.0,80.6,28475.0,73.7,134630.0,79.1,9100.0,8.6,1541.0,5.4,10641.0,7.9,3141.0,34.5,572.0,37.1,3713.0,34.9,0.0,0.0,0.0,0.0,0.0,0.0,0.0,0.0,0.0,0.0,0.0,0.0,0.0,0.0,0.0,0.0,0.0,0.0,15.9129,79.74,2023-06-03,North
474,Karnataka,0.0,0.0,0.0,0.0,0.0,0.0,0.0,0.0,0.0,0.0,0.0,0.0,0.0,0.0,0.0,0.0,0.0,0.0,947.0,70.8,49.0,66.2,996.0,70.5,77.0,8.1,2.0,4.1,79.0,7.9,5.0,6.5,1.0,50.0,6.0,7.6,0.0,0.0,0.0,0.0,0.0,0.0,0.0,0.0,0.0,0.0,0.0,0.0,0.0,0.0,0.0,0.0,0.0,0.0,28.218,94.7278,2023-01-29,South
475,Bihar,0.0,0.0,0.0,0.0,0.0,0.0,0.0,0.0,0.0,0.0,0.0,0.0,0.0,0.0,0.0,0.0,0.0,0.0,71409.0,91.2,12182.0,68.9,83591.0,87.1,13718.0,19.2,958.0,7.9,14676.0,17.6,3231.0,23.6,165.0,17.2,3396.0,23.1,0.0,0.0,0.0,0.0,0.0,0.0,0.0,0.0,0.0,0.0,0.0,0.0,0.0,0.0,0.0,0.0,0.0,0.0,26.2006,92.9376,2023-06-23,East
476,Karnataka,0.0,0.0,0.0,0.0,0.0,0.0,0.0,0.0,0.0,0.0,0.0,0.0,0.0,0.0,0.0,0.0,0.0,0.0,51000.0,93.5,16920.0,90.6,67920.0,92.8,6533.0,12.8,754.0,4.5,7287.0,10.7,3455.0,52.9,428.0,56.8,3883.0,53.3,0.0,0.0,0.0,0.0,0.0,0.0,0.0,0.0,0.0,0.0,0.0,0.0,0.0,0.0,0.0,0.0,0.0,0.0,25.0961,85.3131,2023-06-01,South
477,Punjab,0.0,0.0,0.0,0.0,0.0,0.0,0.0,0.0,0.0,0.0,0.0,0.0,0.0,0.0,0.0,0.0,0.0,0.0,2215.0,68.0,31.0,77.5,2246.0,68.2,478.0,21.6,0.0,0.0,478.0,21.3,44.0,9.2,0.0,0.0,44.0,9.2,0.0,0.0,0.0,0.0,0.0,0.0,0.0,0.0,0.0,0.0,0.0,0.0,0.0,0.0,0.0,0.0,0.0,0.0,30.7333,76.7794,2023-07-13,North
478,Tamil Nadu,0.0,0.0,0.0,0.0,0.0,0.0,0.0,0.0,0.0,0.0,0.0,0.0,0.0,0.0,0.0,0.0,0.0,0.0,301001.0,71.8,57695.0,49.4,358696.0,66.9,29311.0,9.7,1686.0,2.9,30997.0,8.6,6824.0,23.3,236.0,14.0,7060.0,22.8,0.0,0.0,0.0,0.0,0.0,0.0,0.0,0.0,0.0,0.0,0.0,0.0,0.0,0.0,0.0,0.0,0.0,0.0,21.2787,81.8661,2023-11-01,South
479,Odisha,0.0,0.0,0.0,0.0,0.0,0.0,0.0,0.0,0.0,0.0,0.0,0.0,0.0,0.0,0.0,0.0,0.0,0.0,21611.0,95.1,4206.0,90.5,25817.0,94.4,2492.0,11.5,185.0,4.4,2677.0,10.4,800.0,32.1,38.0,20.5,838.0,31.3,0.0,0.0,0.0,0.0,0.0,0.0,0.0,0.0,0.0,0.0,0.0,0.0,0.0,0.0,0.0,0.0,0.0,0.0,28.7041,77.1025,2023-03-16,East
480,Odisha,0.0,0.0,0.0,0.0,0.0,0.0,0.0,0.0,0.0,0.0,0.0,0.0,0.0,0.0,0.0,0.0,0.0,0.0,80975.0,86.3,6168.0,77.1,87143.0,85.6,18126.0,22.4,1100.0,17.8,19226.0,22.1,6173.0,34.1,353.0,32.1,6526.0,33.9,0.0,0.0,0.0,0.0,0.0,0.0,0.0,0.0,0.0,0.0,0.0,0.0,0.0,0.0,0.0,0.0,0.0,0.0,15.2993,74.124,2023-09-13,East
481,Rajasthan,0.0,0.0,0.0,0.0,0.0,0.0,0.0,0.0,0.0,0.0,0.0,0.0,0.0,0.0,0.0,0.0,0.0,0.0,1473433.0,79.5,354179.0,62.4,1827612.0,75.5,194531.0,13.2,16012.0,4.5,210543.0,11.5,62753.0,32.3,4404.0,27.5,67157.0,31.9,0.0,0.0,0.0,0.0,0.0,0.0,0.0,0.0,0.0,0.0,0.0,0.0,0.0,0.0,0.0,0.0,0.0,0.0,22.2587,71.1924,2023-07-08,North
482,Telangana,0.0,0.0,0.0,0.0,0.0,0.0,0.0,0.0,0.0,0.0,0.0,0.0,0.0,0.0,0.0,0.0,0.0,0.0,0.0,0.0,0.0,0.0,0.0,0.0,0.0,0.0,0.0,0.0,0.0,0.0,0.0,0.0,0.0,0.0,0.0,0.0,490.0,90.1,3.0,75.0,493.0,90.0,90.0,18.4,0.0,0.0,90.0,18.3,26.0,28.9,0.0,0.0,26.0,28.9,29.0588,76.0856,2023-12-01,South
483,Bihar,0.0,0.0,0.0,0.0,0.0,0.0,0.0,0.0,0.0,0.0,0.0,0.0,0.0,0.0,0.0,0.0,0.0,0.0,0.0,0.0,0.0,0.0,0.0,0.0,0.0,0.0,0.0,0.0,0.0,0.0,0.0,0.0,0.0,0.0,0.0,0.0,63257.0,95.7,26303.0,97.5,89560.0,96.2,8187.0,12.9,1208.0,4.6,9395.0,10.5,1901.0,23.2,265.0,21.9,2166.0,23.1,31.1048,77.1734,2023-02-09,East
484,Assam,0.0,0.0,0.0,0.0,0.0,0.0,0.0,0.0,0.0,0.0,0.0,0.0,0.0,0.0,0.0,0.0,0.0,0.0,0.0,0.0,0.0,0.0,0.0,0.0,0.0,0.0,0.0,0.0,0.0,0.0,0.0,0.0,0.0,0.0,0.0,0.0,2240.0,74.4,3.0,50.0,2243.0,74.4,245.0,10.9,0.0,0.0,245.0,10.9,140.0,57.1,0.0,0.0,140.0,57.1,33.7782,76.5762,2023-12-22,North East
485,Rajasthan,0.0,0.0,0.0,0.0,0.0,0.0,0.0,0.0,0.0,0.0,0.0,0.0,0.0,0.0,0.0,0.0,0.0,0.0,0.0,0.0,0.0,0.0,0.0,0.0,0.0,0.0,0.0,0.0,0.0,0.0,0.0,0.0,0.0,0.0,0.0,0.0,29582.0,70.4,4366.0,73.7,33948.0,70.8,5161.0,17.4,179.0,4.1,5340.0,15.7,1244.0,24.1,71.0,39.7,1315.0,24.6,23.6102,85.2799,2023-05-15,North
486,Odisha,0.0,0.0,0.0,0.0,0.0,0.0,0.0,0.0,0.0,0.0,0.0,0.0,0.0,0.0,0.0,0.0,0.0,0.0,0.0,0.0,0.0,0.0,0.0,0.0,0.0,0.0,0.0,0.0,0.0,0.0,0.0,0.0,0.0,0.0,0.0,0.0,44246.0,54.4,35745.0,42.3,79991.0,48.2,781.0,1.8,254.0,0.7,1035.0,1.3,254.0,32.5,9.0,3.5,263.0,25.4,15.3173,75.7139,2023-01-09,East
487,Uttar Pradesh,0.0,0.0,0.0,0.0,0.0,0.0,0.0,0.0,0.0,0.0,0.0,0.0,0.0,0.0,0.0,0.0,0.0,0.0,0.0,0.0,0.0,0.0,0.0,0.0,0.0,0.0,0.0,0.0,0.0,0.0,0.0,0.0,0.0,0.0,0.0,0.0,3487.0,93.8,47.0,73.4,3534.0,93.4,209.0,6.0,1.0,2.1,210.0,5.9,39.0,18.7,1.0,100.0,40.0,19.0,10.8505,76.2711,2023-12-06,North
488,Assam,0.0,0.0,0.0,0.0,0.0,0.0,0.0,0.0,0.0,0.0,0.0,0.0,0.0,0.0,0.0,0.0,0.0,0.0,0.0,0.0,0.0,0.0,0.0,0.0,0.0,0.0,0.0,0.0,0.0,0.0,0.0,0.0,0.0,0.0,0.0,0.0,24653.0,83.7,5734.0,61.8,30387.0,78.5,5395.0,21.9,247.0,4.3,5642.0,18.6,2606.0,48.3,114.0,46.2,2720.0,48.2,34.1526,77.577,2023-12-24,North East
489,West Bengal,0.0,0.0,0.0,0.0,0.0,0.0,0.0,0.0,0.0,0.0,0.0,0.0,0.0,0.0,0.0,0.0,0.0,0.0,0.0,0.0,0.0,0.0,0.0,0.0,0.0,0.0,0.0,0.0,0.0,0.0,0.0,0.0,0.0,0.0,0.0,0.0,562.0,66.5,58.0,76.3,620.0,67.3,59.0,10.5,3.0,5.2,62.0,10.0,31.0,52.5,1.0,33.3,32.0,51.6,10.328,72.7846,2023-11-16,East
490,Goa,0.0,0.0,0.0,0.0,0.0,0.0,0.0,0.0,0.0,0.0,0.0,0.0,0.0,0.0,0.0,0.0,0.0,0.0,0.0,0.0,0.0,0.0,0.0,0.0,0.0,0.0,0.0,0.0,0.0,0.0,0.0,0.0,0.0,0.0,0.0,0.0,50682.0,65.0,1660.0,16.2,52342.0,59.3,3074.0,6.1,18.0,1.1,3092.0,5.9,619.0,20.1,4.0,22.2,623.0,20.1,22.9734,78.6569,2023-04-03,West
491,Jharkhand,0.0,0.0,0.0,0.0,0.0,0.0,0.0,0.0,0.0,0.0,0.0,0.0,0.0,0.0,0.0,0.0,0.0,0.0,0.0,0.0,0.0,0.0,0.0,0.0,0.0,0.0,0.0,0.0,0.0,0.0,0.0,0.0,0.0,0.0,0.0,0.0,1563.0,93.2,28.0,7.1,1591.0,76.7,120.0,7.7,2.0,7.1,122.0,7.7,16.0,13.3,0.0,0.0,16.0,13.1,19.7515,75.7139,2023-01-02,East
492,Manipur,0.0,0.0,0.0,0.0,0.0,0.0,0.0,0.0,0.0,0.0,0.0,0.0,0.0,0.0,0.0,0.0,0.0,0.0,0.0,0.0,0.0,0.0,0.0,0.0,0.0,0.0,0.0,0.0,0.0,0.0,0.0,0.0,0.0,0.0,0.0,0.0,103459.0,95.2,35556.0,90.1,139015.0,93.8,5707.0,5.5,493.0,1.4,6200.0,4.5,2455.0,43.0,252.0,51.1,2707.0,43.7,24.6637,93.9063,2023-06-01,North East
493,Himachal Pradesh,0.0,0.0,0.0,0.0,0.0,0.0,0.0,0.0,0.0,0.0,0.0,0.0,0.0,0.0,0.0,0.0,0.0,0.0,0.0,0.0,0.0,0.0,0.0,0.0,0.0,0.0,0.0,0.0,0.0,0.0,0.0,0.0,0.0,0.0,0.0,0.0,54295.0,88.6,14079.0,80.9,68374.0,86.9,1790.0,3.3,238.0,1.7,2028.0,3.0,729.0,40.7,99.0,41.6,828.0,40.8,25.467,91.3662,2023-05-29,North
494,Madhya Pradesh,0.0,0.0,0.0,0.0,0.0,0.0,0.0,0.0,0.0,0.0,0.0,0.0,0.0,0.0,0.0,0.0,0.0,0.0,0.0,0.0,0.0,0.0,0.0,0.0,0.0,0.0,0.0,0.0,0.0,0.0,0.0,0.0,0.0,0.0,0.0,0.0,15509.0,96.7,429.0,91.7,15938.0,96.6,1379.0,8.9,17.0,4.0,1396.0,8.8,1176.0,85.3,10.0,58.8,1186.0,85.0,23.1645,92.9376,2023-04-16,Central
495,Maharashtra,0.0,0.0,0.0,0.0,0.0,0.0,0.0,0.0,0.0,0.0,0.0,0.0,0.0,0.0,0.0,0.0,0.0,0.0,0.0,0.0,0.0,0.0,0.0,0.0,0.0,0.0,0.0,0.0,0.0,0.0,0.0,0.0,0.0,0.0,0.0,0.0,10172.0,89.4,514.0,88.3,10686.0,89.3,430.0,4.2,5.0,1.0,435.0,4.1,222.0,51.6,4.0,80.0,226.0,52.0,26.1584,94.5624,2023-03-30,West
496,Madhya Pradesh,0.0,0.0,0.0,0.0,0.0,0.0,0.0,0.0,0.0,0.0,0.0,0.0,0.0,0.0,0.0,0.0,0.0,0.0,0.0,0.0,0.0,0.0,0.0,0.0,0.0,0.0,0.0,0.0,0.0,0.0,0.0,0.0,0.0,0.0,0.0,0.0,35773.0,76.2,4537.0,39.4,40310.0,68.9,3335.0,9.3,48.0,1.1,3383.0,8.4,885.0,26.5,16.0,33.3,901.0,26.6,20.9517,85.0985,2023-06-18,Central
497,Sikkim,0.0,0.0,0.0,0.0,0.0,0.0,0.0,0.0,0.0,0.0,0.0,0.0,0.0,0.0,0.0,0.0,0.0,0.0,0.0,0.0,0.0,0.0,0.0,0.0,0.0,0.0,0.0,0.0,0.0,0.0,0.0,0.0,0.0,0.0,0.0,0.0,59273.0,88.0,9629.0,81.8,68902.0,87.1,8964.0,15.1,409.0,4.2,9373.0,13.6,2538.0,28.3,110.0,26.9,2648.0,28.3,11.9416,79.8083,2023-05-05,North East
498,Tripura,0.0,0.0,0.0,0.0,0.0,0.0,0.0,0.0,0.0,0.0,0.0,0.0,0.0,0.0,0.0,0.0,0.0,0.0,0.0,0.0,0.0,0.0,0.0,0.0,0.0,0.0,0.0,0.0,0.0,0.0,0.0,0.0,0.0,0.0,0.0,0.0,17510.0,84.9,2003.0,69.1,19513.0,83.0,2660.0,15.2,101.0,5.0,2761.0,14.1,1270.0,47.7,38.0,37.6,1308.0,47.4,31.1471,75.3412,2023-01-22,North East
499,Chhattisgarh,0.0,0.0,0.0,0.0,0.0,0.0,0.0,0.0,0.0,0.0,0.0,0.0,0.0,0.0,0.0,0.0,0.0,0.0,0.0,0.0,0.0,0.0,0.0,0.0,0.0,0.0,0.0,0.0,0.0,0.0,0.0,0.0,0.0,0.0,0.0,0.0,292.0,87.4,8.0,72.7,300.0,87.0,17.0,5.8,1.0,12.5,18.0,6.0,3.0,17.6,1.0,100.0,4.0,22.2,27.0238,74.2179,2023-04-20,Central
500,Bihar,0.0,0.0,0.0,0.0,0.0,0.0,0.0,0.0,0.0,0.0,0.0,0.0,0.0,0.0,0.0,0.0,0.0,0.0,0.0,0.0,0.0,0.0,0.0,0.0,0.0,0.0,0.0,0.0,0.0,0.0,0.0,0.0,0.0,0.0,0.0,0.0,22.0,100.0,0.0,0.0,22.0,100.0,0.0,0.0,0.0,0.0,0.0,0.0,0.0,0.0,0.0,0.0,0.0,0.0,27.532,88.5122,2023-10-31,East
501,Rajasthan,0.0,0.0,0.0,0.0,0.0,0.0,0.0,0.0,0.0,0.0,0.0,0.0,0.0,0.0,0.0,0.0,0.0,0.0,0.0,0.0,0.0,0.0,0.0,0.0,0.0,0.0,0.0,0.0,0.0,0.0,0.0,0.0,0.0,0.0,0.0,0.0,79128.0,56.6,19701.0,40.0,98829.0,52.3,5170.0,6.5,275.0,1.4,5445.0,5.5,1110.0,21.5,53.0,19.3,1163.0,21.4,11.1271,78.6569,2023-06-06,North
502,Andhra Pradesh,0.0,0.0,0.0,0.0,0.0,0.0,0.0,0.0,0.0,0.0,0.0,0.0,0.0,0.0,0.0,0.0,0.0,0.0,0.0,0.0,0.0,0.0,0.0,0.0,0.0,0.0,0.0,0.0,0.0,0.0,0.0,0.0,0.0,0.0,0.0,0.0,126323.0,82.9,52493.0,67.9,178816.0,77.8,6857.0,5.4,718.0,1.4,7575.0,4.2,2469.0,36.0,226.0,31.5,2695.0,35.6,18.1124,79.0193,2023-10-21,South
503,Odisha,0.0,0.0,0.0,0.0,0.0,0.0,0.0,0.0,0.0,0.0,0.0,0.0,0.0,0.0,0.0,0.0,0.0,0.0,0.0,0.0,0.0,0.0,0.0,0.0,0.0,0.0,0.0,0.0,0.0,0.0,0.0,0.0,0.0,0.0,0.0,0.0,1720.0,72.6,126.0,49.0,1846.0,70.3,251.0,14.6,8.0,6.3,259.0,14.0,79.0,31.5,1.0,12.5,80.0,30.9,23.9408,91.9882,2023-05-06,East
504,Tripura,0.0,0.0,0.0,0.0,0.0,0.0,0.0,0.0,0.0,0.0,0.0,0.0,0.0,0.0,0.0,0.0,0.0,0.0,0.0,0.0,0.0,0.0,0.0,0.0,0.0,0.0,0.0,0.0,0.0,0.0,0.0,0.0,0.0,0.0,0.0,0.0,3538.0,76.2,148.0,46.0,3686.0,74.3,746.0,21.1,7.0,4.7,753.0,20.4,168.0,22.5,0.0,0.0,168.0,22.3,26.8467,80.9462,2023-12-29,North East
505,Andhra Pradesh,0.0,0.0,0.0,0.0,0.0,0.0,0.0,0.0,0.0,0.0,0.0,0.0,0.0,0.0,0.0,0.0,0.0,0.0,0.0,0.0,0.0,0.0,0.0,0.0,0.0,0.0,0.0,0.0,0.0,0.0,0.0,0.0,0.0,0.0,0.0,0.0,2025.0,97.1,20.0,100.0,2045.0,97.1,240.0,11.9,2.0,10.0,242.0,11.8,105.0,43.8,0.0,0.0,105.0,43.4,30.0668,79.0193,2023-04-16,South
506,West Bengal,0.0,0.0,0.0,0.0,0.0,0.0,0.0,0.0,0.0,0.0,0.0,0.0,0.0,0.0,0.0,0.0,0.0,0.0,0.0,0.0,0.0,0.0,0.0,0.0,0.0,0.0,0.0,0.0,0.0,0.0,0.0,0.0,0.0,0.0,0.0,0.0,3127.0,82.2,351.0,94.1,3478.0,83.2,312.0,10.0,10.0,2.8,322.0,9.3,198.0,63.5,0.0,0.0,198.0,61.5,22.9868,87.855,2023-12-02,East
507,Himachal Pradesh,0.0,0.0,0.0,0.0,0.0,0.0,0.0,0.0,0.0,0.0,0.0,0.0,0.0,0.0,0.0,0.0,0.0,0.0,0.0,0.0,0.0,0.0,0.0,0.0,0.0,0.0,0.0,0.0,0.0,0.0,0.0,0.0,0.0,0.0,0.0,0.0,52157.0,93.9,3969.0,90.3,56126.0,93.6,8665.0,16.6,251.0,6.3,8916.0,15.9,4024.0,46.4,103.0,41.0,4127.0,46.3,20.5937,78.9629,2023-12-28,North
508,Nagaland,0.0,0.0,0.0,0.0,0.0,0.0,0.0,0.0,0.0,0.0,0.0,0.0,0.0,0.0,0.0,0.0,0.0,0.0,0.0,0.0,0.0,0.0,0.0,0.0,0.0,0.0,0.0,0.0,0.0,0.0,0.0,0.0,0.0,0.0,0.0,0.0,1467.0,96.2,2.0,100.0,1469.0,96.2,320.0,21.8,0.0,0.0,320.0,21.8,315.0,98.4,0.0,0.0,315.0,98.4,11.667,92.735,2023-07-19,North East
509,Assam,0.0,0.0,0.0,0.0,0.0,0.0,0.0,0.0,0.0,0.0,0.0,0.0,0.0,0.0,0.0,0.0,0.0,0.0,0.0,0.0,0.0,0.0,0.0,0.0,0.0,0.0,0.0,0.0,0.0,0.0,0.0,0.0,0.0,0.0,0.0,0.0,40121.0,84.1,7502.0,76.4,47623.0,82.8,1531.0,3.8,72.0,1.0,1603.0,3.4,280.0,18.3,6.0,8.3,286.0,17.8,15.9129,79.74,2023-08-21,North East
510,Goa,0.0,0.0,0.0,0.0,0.0,0.0,0.0,0.0,0.0,0.0,0.0,0.0,0.0,0.0,0.0,0.0,0.0,0.0,0.0,0.0,0.0,0.0,0.0,0.0,0.0,0.0,0.0,0.0,0.0,0.0,0.0,0.0,0.0,0.0,0.0,0.0,104335.0,79.3,28427.0,73.6,132762.0,78.0,3343.0,3.2,450.0,1.6,3793.0,2.9,1071.0,32.0,191.0,42.4,1262.0,33.3,28.218,94.7278,2023-12-25,West
511,Sikkim,0.0,0.0,0.0,0.0,0.0,0.0,0.0,0.0,0.0,0.0,0.0,0.0,0.0,0.0,0.0,0.0,0.0,0.0,0.0,0.0,0.0,0.0,0.0,0.0,0.0,0.0,0.0,0.0,0.0,0.0,0.0,0.0,0.0,0.0,0.0,0.0,983.0,73.5,48.0,64.9,1031.0,73.0,60.0,6.1,2.0,4.2,62.0,6.0,4.0,6.7,1.0,50.0,5.0,8.1,26.2006,92.9376,2023-03-20,North East
512,Manipur,0.0,0.0,0.0,0.0,0.0,0.0,0.0,0.0,0.0,0.0,0.0,0.0,0.0,0.0,0.0,0.0,0.0,0.0,0.0,0.0,0.0,0.0,0.0,0.0,0.0,0.0,0.0,0.0,0.0,0.0,0.0,0.0,0.0,0.0,0.0,0.0,71063.0,90.8,12009.0,68.0,83072.0,86.6,16475.0,23.2,979.0,8.2,17454.0,21.0,3754.0,22.8,170.0,17.4,3924.0,22.5,25.0961,85.3131,2023-04-17,North East
513,West Bengal,0.0,0.0,0.0,0.0,0.0,0.0,0.0,0.0,0.0,0.0,0.0,0.0,0.0,0.0,0.0,0.0,0.0,0.0,0.0,0.0,0.0,0.0,0.0,0.0,0.0,0.0,0.0,0.0,0.0,0.0,0.0,0.0,0.0,0.0,0.0,0.0,50793.0,93.1,16883.0,90.4,67676.0,92.4,7172.0,14.1,871.0,5.2,8043.0,11.9,3827.0,53.4,474.0,54.4,4301.0,53.5,30.7333,76.7794,2023-10-09,East
514,Mizoram,0.0,0.0,0.0,0.0,0.0,0.0,0.0,0.0,0.0,0.0,0.0,0.0,0.0,0.0,0.0,0.0,0.0,0.0,0.0,0.0,0.0,0.0,0.0,0.0,0.0,0.0,0.0,0.0,0.0,0.0,0.0,0.0,0.0,0.0,0.0,0.0,2177.0,66.9,32.0,80.0,2209.0,67.0,495.0,22.7,0.0,0.0,495.0,22.4,72.0,14.5,0.0,0.0,72.0,14.5,21.2787,81.8661,2023-01-19,North East
515,Chhattisgarh,0.0,0.0,0.0,0.0,0.0,0.0,0.0,0.0,0.0,0.0,0.0,0.0,0.0,0.0,0.0,0.0,0.0,0.0,0.0,0.0,0.0,0.0,0.0,0.0,0.0,0.0,0.0,0.0,0.0,0.0,0.0,0.0,0.0,0.0,0.0,0.0,291692.0,69.6,56031.0,48.0,347723.0,64.9,9876.0,3.4,506.0,0.9,10382.0,3.0,2846.0,28.8,76.0,15.0,2922.0,28.1,28.7041,77.1025,2023-03-05,Central
516,Haryana,0.0,0.0,0.0,0.0,0.0,0.0,0.0,0.0,0.0,0.0,0.0,0.0,0.0,0.0,0.0,0.0,0.0,0.0,0.0,0.0,0.0,0.0,0.0,0.0,0.0,0.0,0.0,0.0,0.0,0.0,0.0,0.0,0.0,0.0,0.0,0.0,21322.0,93.9,4180.0,89.9,25502.0,93.2,1645.0,7.7,106.0,2.5,1751.0,6.9,610.0,37.1,21.0,19.8,631.0,36.0,15.2993,74.124,2023-12-05,North
517,Meghalaya,0.0,0.0,0.0,0.0,0.0,0.0,0.0,0.0,0.0,0.0,0.0,0.0,0.0,0.0,0.0,0.0,0.0,0.0,0.0,0.0,0.0,0.0,0.0,0.0,0.0,0.0,0.0,0.0,0.0,0.0,0.0,0.0,0.0,0.0,0.0,0.0,79395.0,84.6,6058.0,75.7,85453.0,83.9,10784.0,13.6,587.0,9.7,11371.0,13.3,3814.0,35.4,218.0,37.1,4032.0,35.5,22.2587,71.1924,2023-03-29,North East
518,Nagaland,0.0,0.0,0.0,0.0,0.0,0.0,0.0,0.0,0.0,0.0,0.0,0.0,0.0,0.0,0.0,0.0,0.0,0.0,0.0,0.0,0.0,0.0,0.0,0.0,0.0,0.0,0.0,0.0,0.0,0.0,0.0,0.0,0.0,0.0,0.0,0.0,1448433.0,78.1,348682.0,61.4,1797115.0,74.2,121545.0,8.4,8068.0,2.3,129613.0,7.2,40900.0,33.7,2535.0,31.4,43435.0,33.5,29.0588,76.0856,2023-02-18,North East
519,Rajasthan,518.0,95.2,3.0,75.0,521.0,95.1,97.0,18.7,1.0,33.3,98.0,18.8,69.0,71.1,1.0,100.0,70.0,71.4,0.0,0.0,0.0,0.0,0.0,0.0,0.0,0.0,0.0,0.0,0.0,0.0,0.0,0.0,0.0,0.0,0.0,0.0,0.0,0.0,0.0,0.0,0.0,0.0,0.0,0.0,0.0,0.0,0.0,0.0,0.0,0.0,0.0,0.0,0.0,0.0,31.1048,77.1734,2023-08-19,North
520,Nagaland,65235.0,98.7,26883.0,99.6,92118.0,98.9,8816.0,13.5,2940.0,10.9,11756.0,12.8,6282.0,71.3,1671.0,56.8,7953.0,67.7,0.0,0.0,0.0,0.0,0.0,0.0,0.0,0.0,0.0,0.0,0.0,0.0,0.0,0.0,0.0,0.0,0.0,0.0,0.0,0.0,0.0,0.0,0.0,0.0,0.0,0.0,0.0,0.0,0.0,0.0,0.0,0.0,0.0,0.0,0.0,0.0,33.7782,76.5762,2023-05-06,North East
521,Haryana,2378.0,79.0,3.0,50.0,2381.0,79.0,59.0,2.5,0.0,0.0,59.0,2.5,28.0,47.5,0.0,0.0,28.0,47.5,0.0,0.0,0.0,0.0,0.0,0.0,0.0,0.0,0.0,0.0,0.0,0.0,0.0,0.0,0.0,0.0,0.0,0.0,0.0,0.0,0.0,0.0,0.0,0.0,0.0,0.0,0.0,0.0,0.0,0.0,0.0,0.0,0.0,0.0,0.0,0.0,23.6102,85.2799,2023-01-29,North
522,Maharashtra,34011.0,81.0,4929.0,83.2,38940.0,81.2,2554.0,7.5,499.0,10.1,3053.0,7.8,1003.0,39.3,179.0,35.9,1182.0,38.7,0.0,0.0,0.0,0.0,0.0,0.0,0.0,0.0,0.0,0.0,0.0,0.0,0.0,0.0,0.0,0.0,0.0,0.0,0.0,0.0,0.0,0.0,0.0,0.0,0.0,0.0,0.0,0.0,0.0,0.0,0.0,0.0,0.0,0.0,0.0,0.0,15.3173,75.7139,2023-12-19,West
523,Punjab,53768.0,66.1,74114.0,87.7,127882.0,77.1,3062.0,5.7,3801.0,5.1,6863.0,5.4,1489.0,48.6,811.0,21.3,2300.0,33.5,0.0,0.0,0.0,0.0,0.0,0.0,0.0,0.0,0.0,0.0,0.0,0.0,0.0,0.0,0.0,0.0,0.0,0.0,0.0,0.0,0.0,0.0,0.0,0.0,0.0,0.0,0.0,0.0,0.0,0.0,0.0,0.0,0.0,0.0,0.0,0.0,10.8505,76.2711,2023-11-25,North
524,Punjab,3531.0,94.9,47.0,73.4,3578.0,94.6,316.0,8.9,5.0,10.6,321.0,9.0,248.0,78.5,5.0,100.0,253.0,78.8,0.0,0.0,0.0,0.0,0.0,0.0,0.0,0.0,0.0,0.0,0.0,0.0,0.0,0.0,0.0,0.0,0.0,0.0,0.0,0.0,0.0,0.0,0.0,0.0,0.0,0.0,0.0,0.0,0.0,0.0,0.0,0.0,0.0,0.0,0.0,0.0,34.1526,77.577,2023-05-28,North
525,Haryana,26987.0,91.6,8243.0,88.8,35230.0,91.0,2473.0,9.2,639.0,7.8,3112.0,8.8,1184.0,47.9,155.0,24.3,1339.0,43.0,0.0,0.0,0.0,0.0,0.0,0.0,0.0,0.0,0.0,0.0,0.0,0.0,0.0,0.0,0.0,0.0,0.0,0.0,0.0,0.0,0.0,0.0,0.0,0.0,0.0,0.0,0.0,0.0,0.0,0.0,0.0,0.0,0.0,0.0,0.0,0.0,10.328,72.7846,2023-11-27,North
526,Chhattisgarh,838.0,99.2,76.0,100.0,914.0,99.2,56.0,6.7,3.0,3.9,59.0,6.5,46.0,82.1,2.0,66.7,48.0,81.4,0.0,0.0,0.0,0.0,0.0,0.0,0.0,0.0,0.0,0.0,0.0,0.0,0.0,0.0,0.0,0.0,0.0,0.0,0.0,0.0,0.0,0.0,0.0,0.0,0.0,0.0,0.0,0.0,0.0,0.0,0.0,0.0,0.0,0.0,0.0,0.0,22.9734,78.6569,2023-05-09,Central
527,Maharashtra,65700.0,84.2,5628.0,55.0,71328.0,80.8,5323.0,8.1,621.0,11.0,5944.0,8.3,2661.0,50.0,168.0,27.1,2829.0,47.6,0.0,0.0,0.0,0.0,0.0,0.0,0.0,0.0,0.0,0.0,0.0,0.0,0.0,0.0,0.0,0.0,0.0,0.0,0.0,0.0,0.0,0.0,0.0,0.0,0.0,0.0,0.0,0.0,0.0,0.0,0.0,0.0,0.0,0.0,0.0,0.0,19.7515,75.7139,2023-05-11,West
528,Goa,1659.0,98.9,288.0,72.7,1947.0,93.9,332.0,20.0,45.0,15.6,377.0,19.4,300.0,90.4,25.0,55.6,325.0,86.2,0.0,0.0,0.0,0.0,0.0,0.0,0.0,0.0,0.0,0.0,0.0,0.0,0.0,0.0,0.0,0.0,0.0,0.0,0.0,0.0,0.0,0.0,0.0,0.0,0.0,0.0,0.0,0.0,0.0,0.0,0.0,0.0,0.0,0.0,0.0,0.0,24.6637,93.9063,2023-03-17,West
529,Karnataka,106333.0,97.8,35899.0,90.9,142232.0,96.0,5343.0,5.0,1250.0,3.5,6593.0,4.6,4304.0,80.6,991.0,79.3,5295.0,80.3,0.0,0.0,0.0,0.0,0.0,0.0,0.0,0.0,0.0,0.0,0.0,0.0,0.0,0.0,0.0,0.0,0.0,0.0,0.0,0.0,0.0,0.0,0.0,0.0,0.0,0.0,0.0,0.0,0.0,0.0,0.0,0.0,0.0,0.0,0.0,0.0,25.467,91.3662,2023-03-20,South
530,Mizoram,58171.0,95.0,15853.0,91.1,74024.0,94.1,4463.0,7.7,837.0,5.3,5300.0,7.2,3357.0,75.2,560.0,66.9,3917.0,73.9,0.0,0.0,0.0,0.0,0.0,0.0,0.0,0.0,0.0,0.0,0.0,0.0,0.0,0.0,0.0,0.0,0.0,0.0,0.0,0.0,0.0,0.0,0.0,0.0,0.0,0.0,0.0,0.0,0.0,0.0,0.0,0.0,0.0,0.0,0.0,0.0,23.1645,92.9376,2023-07-14,North East
531,Karnataka,15885.0,99.1,455.0,97.2,16340.0,99.0,1484.0,9.3,27.0,5.9,1511.0,9.2,1136.0,76.5,21.0,77.8,1157.0,76.6,0.0,0.0,0.0,0.0,0.0,0.0,0.0,0.0,0.0,0.0,0.0,0.0,0.0,0.0,0.0,0.0,0.0,0.0,0.0,0.0,0.0,0.0,0.0,0.0,0.0,0.0,0.0,0.0,0.0,0.0,0.0,0.0,0.0,0.0,0.0,0.0,26.1584,94.5624,2023-11-22,South
532,Bihar,10855.0,95.4,552.0,94.8,11407.0,95.4,729.0,6.7,40.0,7.2,769.0,6.7,378.0,51.9,31.0,77.5,409.0,53.2,0.0,0.0,0.0,0.0,0.0,0.0,0.0,0.0,0.0,0.0,0.0,0.0,0.0,0.0,0.0,0.0,0.0,0.0,0.0,0.0,0.0,0.0,0.0,0.0,0.0,0.0,0.0,0.0,0.0,0.0,0.0,0.0,0.0,0.0,0.0,0.0,20.9517,85.0985,2023-03-05,East
533,Odisha,42246.0,90.0,9644.0,83.8,51890.0,88.8,2305.0,5.5,648.0,6.7,2953.0,5.7,1266.0,54.9,260.0,40.1,1526.0,51.7,0.0,0.0,0.0,0.0,0.0,0.0,0.0,0.0,0.0,0.0,0.0,0.0,0.0,0.0,0.0,0.0,0.0,0.0,0.0,0.0,0.0,0.0,0.0,0.0,0.0,0.0,0.0,0.0,0.0,0.0,0.0,0.0,0.0,0.0,0.0,0.0,11.9416,79.8083,2023-12-14,East
534,Maharashtra,64615.0,95.9,10593.0,90.0,75208.0,95.0,9616.0,14.9,975.0,9.2,10591.0,14.1,7379.0,76.7,742.0,76.1,8121.0,76.7,0.0,0.0,0.0,0.0,0.0,0.0,0.0,0.0,0.0,0.0,0.0,0.0,0.0,0.0,0.0,0.0,0.0,0.0,0.0,0.0,0.0,0.0,0.0,0.0,0.0,0.0,0.0,0.0,0.0,0.0,0.0,0.0,0.0,0.0,0.0,0.0,31.1471,75.3412,2023-09-07,West
535,Assam,19388.0,94.1,2557.0,88.2,21945.0,93.3,6376.0,32.9,770.0,30.1,7146.0,32.6,4163.0,65.3,446.0,57.9,4609.0,64.5,0.0,0.0,0.0,0.0,0.0,0.0,0.0,0.0,0.0,0.0,0.0,0.0,0.0,0.0,0.0,0.0,0.0,0.0,0.0,0.0,0.0,0.0,0.0,0.0,0.0,0.0,0.0,0.0,0.0,0.0,0.0,0.0,0.0,0.0,0.0,0.0,27.0238,74.2179,2023-03-19,North East
536,Tamil Nadu,306.0,91.6,9.0,81.8,315.0,91.3,7.0,2.3,1.0,11.1,8.0,2.5,6.0,85.7,1.0,100.0,7.0,87.5,0.0,0.0,0.0,0.0,0.0,0.0,0.0,0.0,0.0,0.0,0.0,0.0,0.0,0.0,0.0,0.0,0.0,0.0,0.0,0.0,0.0,0.0,0.0,0.0,0.0,0.0,0.0,0.0,0.0,0.0,0.0,0.0,0.0,0.0,0.0,0.0,27.532,88.5122,2023-03-13,South
537,Haryana,21.0,95.5,0.0,0.0,21.0,95.5,5.0,23.8,0.0,0.0,5.0,23.8,4.0,80.0,0.0,0.0,4.0,80.0,0.0,0.0,0.0,0.0,0.0,0.0,0.0,0.0,0.0,0.0,0.0,0.0,0.0,0.0,0.0,0.0,0.0,0.0,0.0,0.0,0.0,0.0,0.0,0.0,0.0,0.0,0.0,0.0,0.0,0.0,0.0,0.0,0.0,0.0,0.0,0.0,11.1271,78.6569,2023-10-05,North
538,Bihar,125381.0,89.8,46026.0,93.5,171407.0,90.7,6816.0,5.4,3221.0,7.0,10037.0,5.9,2983.0,43.8,1196.0,37.1,4179.0,41.6,0.0,0.0,0.0,0.0,0.0,0.0,0.0,0.0,0.0,0.0,0.0,0.0,0.0,0.0,0.0,0.0,0.0,0.0,0.0,0.0,0.0,0.0,0.0,0.0,0.0,0.0,0.0,0.0,0.0,0.0,0.0,0.0,0.0,0.0,0.0,0.0,18.1124,79.0193,2023-06-12,East
539,Rajasthan,148268.0,97.3,73877.0,95.5,222145.0,96.7,9416.0,6.4,4376.0,5.9,13792.0,6.2,6493.0,69.0,2543.0,58.1,9036.0,65.5,0.0,0.0,0.0,0.0,0.0,0.0,0.0,0.0,0.0,0.0,0.0,0.0,0.0,0.0,0.0,0.0,0.0,0.0,0.0,0.0,0.0,0.0,0.0,0.0,0.0,0.0,0.0,0.0,0.0,0.0,0.0,0.0,0.0,0.0,0.0,0.0,23.9408,91.9882,2023-08-03,North
540,Bihar,1808.0,76.3,143.0,55.6,1951.0,74.3,275.0,15.2,11.0,7.7,286.0,14.7,129.0,46.9,2.0,18.2,131.0,45.8,0.0,0.0,0.0,0.0,0.0,0.0,0.0,0.0,0.0,0.0,0.0,0.0,0.0,0.0,0.0,0.0,0.0,0.0,0.0,0.0,0.0,0.0,0.0,0.0,0.0,0.0,0.0,0.0,0.0,0.0,0.0,0.0,0.0,0.0,0.0,0.0,26.8467,80.9462,2023-08-11,East
541,Uttarakhand,3646.0,78.6,165.0,51.2,3811.0,76.8,216.0,5.9,4.0,2.4,220.0,5.8,142.0,65.7,3.0,75.0,145.0,65.9,0.0,0.0,0.0,0.0,0.0,0.0,0.0,0.0,0.0,0.0,0.0,0.0,0.0,0.0,0.0,0.0,0.0,0.0,0.0,0.0,0.0,0.0,0.0,0.0,0.0,0.0,0.0,0.0,0.0,0.0,0.0,0.0,0.0,0.0,0.0,0.0,30.0668,79.0193,2023-06-07,North
542,Telangana,2056.0,98.6,20.0,100.0,2076.0,98.6,129.0,6.3,6.0,30.0,135.0,6.5,125.0,96.9,6.0,100.0,131.0,97.0,0.0,0.0,0.0,0.0,0.0,0.0,0.0,0.0,0.0,0.0,0.0,0.0,0.0,0.0,0.0,0.0,0.0,0.0,0.0,0.0,0.0,0.0,0.0,0.0,0.0,0.0,0.0,0.0,0.0,0.0,0.0,0.0,0.0,0.0,0.0,0.0,22.9868,87.855,2023-06-01,South
543,Tripura,3165.0,83.2,349.0,93.6,3514.0,84.1,175.0,5.5,20.0,5.7,195.0,5.5,86.0,49.1,2.0,10.0,88.0,45.1,0.0,0.0,0.0,0.0,0.0,0.0,0.0,0.0,0.0,0.0,0.0,0.0,0.0,0.0,0.0,0.0,0.0,0.0,0.0,0.0,0.0,0.0,0.0,0.0,0.0,0.0,0.0,0.0,0.0,0.0,0.0,0.0,0.0,0.0,0.0,0.0,20.5937,78.9629,2023-03-30,North East
544,Uttar Pradesh,53597.0,96.5,4141.0,94.2,57738.0,96.3,4047.0,7.6,274.0,6.6,4321.0,7.5,3105.0,76.7,211.0,77.0,3316.0,76.7,0.0,0.0,0.0,0.0,0.0,0.0,0.0,0.0,0.0,0.0,0.0,0.0,0.0,0.0,0.0,0.0,0.0,0.0,0.0,0.0,0.0,0.0,0.0,0.0,0.0,0.0,0.0,0.0,0.0,0.0,0.0,0.0,0.0,0.0,0.0,0.0,11.667,92.735,2023-07-21,North
545,Haryana,1510.0,99.0,2.0,100.0,1512.0,99.0,464.0,30.7,0.0,0.0,464.0,30.7,445.0,95.9,0.0,0.0,445.0,95.9,0.0,0.0,0.0,0.0,0.0,0.0,0.0,0.0,0.0,0.0,0.0,0.0,0.0,0.0,0.0,0.0,0.0,0.0,0.0,0.0,0.0,0.0,0.0,0.0,0.0,0.0,0.0,0.0,0.0,0.0,0.0,0.0,0.0,0.0,0.0,0.0,15.9129,79.74,2023-08-22,North
546,Andhra Pradesh,43665.0,91.5,9006.0,91.8,52671.0,91.5,4930.0,11.3,676.0,7.5,5606.0,10.6,2266.0,46.0,170.0,25.1,2436.0,43.5,0.0,0.0,0.0,0.0,0.0,0.0,0.0,0.0,0.0,0.0,0.0,0.0,0.0,0.0,0.0,0.0,0.0,0.0,0.0,0.0,0.0,0.0,0.0,0.0,0.0,0.0,0.0,0.0,0.0,0.0,0.0,0.0,0.0,0.0,0.0,0.0,28.218,94.7278,2023-01-16,South
547,Tamil Nadu,119170.0,90.5,34317.0,88.8,153487.0,90.1,3484.0,2.9,1208.0,3.5,4692.0,3.1,2276.0,65.3,538.0,44.5,2814.0,60.0,0.0,0.0,0.0,0.0,0.0,0.0,0.0,0.0,0.0,0.0,0.0,0.0,0.0,0.0,0.0,0.0,0.0,0.0,0.0,0.0,0.0,0.0,0.0,0.0,0.0,0.0,0.0,0.0,0.0,0.0,0.0,0.0,0.0,0.0,0.0,0.0,26.2006,92.9376,2023-12-12,South
548,Goa,1305.0,97.5,71.0,95.9,1376.0,97.5,118.0,9.0,4.0,5.6,122.0,8.9,106.0,89.8,3.0,75.0,109.0,89.3,0.0,0.0,0.0,0.0,0.0,0.0,0.0,0.0,0.0,0.0,0.0,0.0,0.0,0.0,0.0,0.0,0.0,0.0,0.0,0.0,0.0,0.0,0.0,0.0,0.0,0.0,0.0,0.0,0.0,0.0,0.0,0.0,0.0,0.0,0.0,0.0,25.0961,85.3131,2023-07-22,West
549,Jharkhand,76635.0,97.9,16054.0,90.8,92689.0,96.6,20196.0,26.4,3655.0,22.8,23851.0,25.7,19144.0,94.8,3179.0,87.0,22323.0,93.6,0.0,0.0,0.0,0.0,0.0,0.0,0.0,0.0,0.0,0.0,0.0,0.0,0.0,0.0,0.0,0.0,0.0,0.0,0.0,0.0,0.0,0.0,0.0,0.0,0.0,0.0,0.0,0.0,0.0,0.0,0.0,0.0,0.0,0.0,0.0,0.0,30.7333,76.7794,2023-09-29,East
550,Rajasthan,51411.0,94.3,17215.0,92.2,68626.0,93.7,3250.0,6.3,892.0,5.2,4142.0,6.0,2691.0,82.8,738.0,82.7,3429.0,82.8,0.0,0.0,0.0,0.0,0.0,0.0,0.0,0.0,0.0,0.0,0.0,0.0,0.0,0.0,0.0,0.0,0.0,0.0,0.0,0.0,0.0,0.0,0.0,0.0,0.0,0.0,0.0,0.0,0.0,0.0,0.0,0.0,0.0,0.0,0.0,0.0,21.2787,81.8661,2023-02-18,North
551,Tamil Nadu,3078.0,94.6,34.0,85.0,3112.0,94.4,473.0,15.4,6.0,17.6,479.0,15.4,182.0,38.5,0.0,0.0,182.0,38.0,0.0,0.0,0.0,0.0,0.0,0.0,0.0,0.0,0.0,0.0,0.0,0.0,0.0,0.0,0.0,0.0,0.0,0.0,0.0,0.0,0.0,0.0,0.0,0.0,0.0,0.0,0.0,0.0,0.0,0.0,0.0,0.0,0.0,0.0,0.0,0.0,28.7041,77.1025,2023-08-27,South
552,Madhya Pradesh,390088.0,93.0,100893.0,86.5,490981.0,91.6,21480.0,5.5,1968.0,2.0,23448.0,4.8,8161.0,38.0,670.0,34.0,8831.0,37.7,0.0,0.0,0.0,0.0,0.0,0.0,0.0,0.0,0.0,0.0,0.0,0.0,0.0,0.0,0.0,0.0,0.0,0.0,0.0,0.0,0.0,0.0,0.0,0.0,0.0,0.0,0.0,0.0,0.0,0.0,0.0,0.0,0.0,0.0,0.0,0.0,15.2993,74.124,2023-09-17,Central
553,Bihar,21948.0,96.6,4339.0,93.3,26287.0,96.1,1741.0,7.9,231.0,5.3,1972.0,7.5,670.0,38.5,121.0,52.4,791.0,40.1,0.0,0.0,0.0,0.0,0.0,0.0,0.0,0.0,0.0,0.0,0.0,0.0,0.0,0.0,0.0,0.0,0.0,0.0,0.0,0.0,0.0,0.0,0.0,0.0,0.0,0.0,0.0,0.0,0.0,0.0,0.0,0.0,0.0,0.0,0.0,0.0,22.2587,71.1924,2023-11-11,East
554,Haryana,87854.0,93.6,6472.0,80.9,94326.0,92.6,12541.0,14.3,910.0,14.1,13451.0,14.3,9590.0,76.5,710.0,78.0,10300.0,76.6,0.0,0.0,0.0,0.0,0.0,0.0,0.0,0.0,0.0,0.0,0.0,0.0,0.0,0.0,0.0,0.0,0.0,0.0,0.0,0.0,0.0,0.0,0.0,0.0,0.0,0.0,0.0,0.0,0.0,0.0,0.0,0.0,0.0,0.0,0.0,0.0,29.0588,76.0856,2023-01-30,North
555,Madhya Pradesh,1707030.0,92.1,508900.0,89.6,2215930.0,91.5,143167.0,8.4,30564.0,6.0,173731.0,7.8,93897.0,65.6,16161.0,52.9,110058.0,63.3,0.0,0.0,0.0,0.0,0.0,0.0,0.0,0.0,0.0,0.0,0.0,0.0,0.0,0.0,0.0,0.0,0.0,0.0,0.0,0.0,0.0,0.0,0.0,0.0,0.0,0.0,0.0,0.0,0.0,0.0,0.0,0.0,0.0,0.0,0.0,0.0,31.1048,77.1734,2023-03-01,Central
556,Gujarat,0.0,0.0,0.0,0.0,0.0,0.0,0.0,0.0,0.0,0.0,0.0,0.0,0.0,0.0,0.0,0.0,0.0,0.0,495.0,91.0,3.0,75.0,498.0,90.9,89.0,18.0,0.0,0.0,89.0,17.9,30.0,33.7,0.0,0.0,30.0,33.7,0.0,0.0,0.0,0.0,0.0,0.0,0.0,0.0,0.0,0.0,0.0,0.0,0.0,0.0,0.0,0.0,0.0,0.0,33.7782,76.5762,2023-11-16,West
557,Bihar,0.0,0.0,0.0,0.0,0.0,0.0,0.0,0.0,0.0,0.0,0.0,0.0,0.0,0.0,0.0,0.0,0.0,0.0,63627.0,96.2,26477.0,98.1,90104.0,96.8,9786.0,15.4,1409.0,5.3,11195.0,12.4,2456.0,25.1,326.0,23.1,2782.0,24.9,0.0,0.0,0.0,0.0,0.0,0.0,0.0,0.0,0.0,0.0,0.0,0.0,0.0,0.0,0.0,0.0,0.0,0.0,23.6102,85.2799,2023-06-25,East
558,Uttarakhand,0.0,0.0,0.0,0.0,0.0,0.0,0.0,0.0,0.0,0.0,0.0,0.0,0.0,0.0,0.0,0.0,0.0,0.0,2256.0,75.0,3.0,50.0,2259.0,74.9,303.0,13.4,0.0,0.0,303.0,13.4,171.0,56.4,0.0,0.0,171.0,56.4,0.0,0.0,0.0,0.0,0.0,0.0,0.0,0.0,0.0,0.0,0.0,0.0,0.0,0.0,0.0,0.0,0.0,0.0,15.3173,75.7139,2023-07-27,North
559,Madhya Pradesh,0.0,0.0,0.0,0.0,0.0,0.0,0.0,0.0,0.0,0.0,0.0,0.0,0.0,0.0,0.0,0.0,0.0,0.0,30134.0,71.7,4074.0,68.8,34208.0,71.4,7929.0,26.3,325.0,8.0,8254.0,24.1,1497.0,18.9,93.0,28.6,1590.0,19.3,0.0,0.0,0.0,0.0,0.0,0.0,0.0,0.0,0.0,0.0,0.0,0.0,0.0,0.0,0.0,0.0,0.0,0.0,10.8505,76.2711,2023-06-13,Central
560,Uttar Pradesh,0.0,0.0,0.0,0.0,0.0,0.0,0.0,0.0,0.0,0.0,0.0,0.0,0.0,0.0,0.0,0.0,0.0,0.0,44248.0,54.4,36165.0,42.8,80413.0,48.5,4139.0,9.4,1152.0,3.2,5291.0,6.6,917.0,22.2,41.0,3.6,958.0,18.1,0.0,0.0,0.0,0.0,0.0,0.0,0.0,0.0,0.0,0.0,0.0,0.0,0.0,0.0,0.0,0.0,0.0,0.0,34.1526,77.577,2023-10-13,North
561,Nagaland,0.0,0.0,0.0,0.0,0.0,0.0,0.0,0.0,0.0,0.0,0.0,0.0,0.0,0.0,0.0,0.0,0.0,0.0,3508.0,94.3,47.0,73.4,3555.0,94.0,305.0,8.7,2.0,4.3,307.0,8.6,60.0,19.7,0.0,0.0,60.0,19.5,0.0,0.0,0.0,0.0,0.0,0.0,0.0,0.0,0.0,0.0,0.0,0.0,0.0,0.0,0.0,0.0,0.0,0.0,10.328,72.7846,2023-04-29,North East
562,West Bengal,0.0,0.0,0.0,0.0,0.0,0.0,0.0,0.0,0.0,0.0,0.0,0.0,0.0,0.0,0.0,0.0,0.0,0.0,25332.0,86.0,5815.0,62.7,31147.0,80.4,7986.0,31.5,336.0,5.8,8322.0,26.7,3595.0,45.0,140.0,41.7,3735.0,44.9,0.0,0.0,0.0,0.0,0.0,0.0,0.0,0.0,0.0,0.0,0.0,0.0,0.0,0.0,0.0,0.0,0.0,0.0,22.9734,78.6569,2023-10-08,East
563,Haryana,0.0,0.0,0.0,0.0,0.0,0.0,0.0,0.0,0.0,0.0,0.0,0.0,0.0,0.0,0.0,0.0,0.0,0.0,548.0,64.9,57.0,75.0,605.0,65.7,67.0,12.2,2.0,3.5,69.0,11.4,38.0,56.7,2.0,100.0,40.0,58.0,0.0,0.0,0.0,0.0,0.0,0.0,0.0,0.0,0.0,0.0,0.0,0.0,0.0,0.0,0.0,0.0,0.0,0.0,19.7515,75.7139,2023-03-16,North
564,Maharashtra,0.0,0.0,0.0,0.0,0.0,0.0,0.0,0.0,0.0,0.0,0.0,0.0,0.0,0.0,0.0,0.0,0.0,0.0,51623.0,66.2,1686.0,16.5,53309.0,60.4,3440.0,6.7,16.0,0.9,3456.0,6.5,777.0,22.6,5.0,31.3,782.0,22.6,0.0,0.0,0.0,0.0,0.0,0.0,0.0,0.0,0.0,0.0,0.0,0.0,0.0,0.0,0.0,0.0,0.0,0.0,24.6637,93.9063,2023-09-23,West
565,Bihar,0.0,0.0,0.0,0.0,0.0,0.0,0.0,0.0,0.0,0.0,0.0,0.0,0.0,0.0,0.0,0.0,0.0,0.0,1553.0,92.6,27.0,6.8,1580.0,76.2,105.0,6.8,1.0,3.7,106.0,6.7,8.0,7.6,1.0,100.0,9.0,8.5,0.0,0.0,0.0,0.0,0.0,0.0,0.0,0.0,0.0,0.0,0.0,0.0,0.0,0.0,0.0,0.0,0.0,0.0,25.467,91.3662,2023-02-06,East
566,Goa,0.0,0.0,0.0,0.0,0.0,0.0,0.0,0.0,0.0,0.0,0.0,0.0,0.0,0.0,0.0,0.0,0.0,0.0,104192.0,95.9,35780.0,90.6,139972.0,94.5,16920.0,16.2,2365.0,6.6,19285.0,13.8,7145.0,42.2,895.0,37.8,8040.0,41.7,0.0,0.0,0.0,0.0,0.0,0.0,0.0,0.0,0.0,0.0,0.0,0.0,0.0,0.0,0.0,0.0,0.0,0.0,23.1645,92.9376,2023-10-07,West
567,Andhra Pradesh,0.0,0.0,0.0,0.0,0.0,0.0,0.0,0.0,0.0,0.0,0.0,0.0,0.0,0.0,0.0,0.0,0.0,0.0,54848.0,89.5,14373.0,82.6,69221.0,88.0,2572.0,4.7,486.0,3.4,3058.0,4.4,1044.0,40.6,161.0,33.1,1205.0,39.4,0.0,0.0,0.0,0.0,0.0,0.0,0.0,0.0,0.0,0.0,0.0,0.0,0.0,0.0,0.0,0.0,0.0,0.0,26.1584,94.5624,2023-12-19,South
568,Sikkim,0.0,0.0,0.0,0.0,0.0,0.0,0.0,0.0,0.0,0.0,0.0,0.0,0.0,0.0,0.0,0.0,0.0,0.0,15625.0,97.5,437.0,93.4,16062.0,97.4,1855.0,11.9,22.0,5.0,1877.0,11.7,1674.0,90.2,18.0,81.8,1692.0,90.1,0.0,0.0,0.0,0.0,0.0,0.0,0.0,0.0,0.0,0.0,0.0,0.0,0.0,0.0,0.0,0.0,0.0,0.0,20.9517,85.0985,2023-04-21,North East
569,Gujarat,0.0,0.0,0.0,0.0,0.0,0.0,0.0,0.0,0.0,0.0,0.0,0.0,0.0,0.0,0.0,0.0,0.0,0.0,10254.0,90.1,513.0,88.1,10767.0,90.0,769.0,7.5,24.0,4.7,793.0,7.4,438.0,57.0,15.0,62.5,453.0,57.1,0.0,0.0,0.0,0.0,0.0,0.0,0.0,0.0,0.0,0.0,0.0,0.0,0.0,0.0,0.0,0.0,0.0,0.0,11.9416,79.8083,2023-03-19,West
570,Arunachal Pradesh,0.0,0.0,0.0,0.0,0.0,0.0,0.0,0.0,0.0,0.0,0.0,0.0,0.0,0.0,0.0,0.0,0.0,0.0,36887.0,78.6,4611.0,40.1,41498.0,71.0,4280.0,11.6,91.0,2.0,4371.0,10.5,1349.0,31.5,33.0,36.3,1382.0,31.6,0.0,0.0,0.0,0.0,0.0,0.0,0.0,0.0,0.0,0.0,0.0,0.0,0.0,0.0,0.0,0.0,0.0,0.0,31.1471,75.3412,2023-11-30,North East
571,Karnataka,0.0,0.0,0.0,0.0,0.0,0.0,0.0,0.0,0.0,0.0,0.0,0.0,0.0,0.0,0.0,0.0,0.0,0.0,59878.0,88.9,9824.0,83.5,69702.0,88.1,11159.0,18.6,566.0,5.8,11725.0,16.8,3326.0,29.8,168.0,29.7,3494.0,29.8,0.0,0.0,0.0,0.0,0.0,0.0,0.0,0.0,0.0,0.0,0.0,0.0,0.0,0.0,0.0,0.0,0.0,0.0,27.0238,74.2179,2023-04-05,South
572,Punjab,0.0,0.0,0.0,0.0,0.0,0.0,0.0,0.0,0.0,0.0,0.0,0.0,0.0,0.0,0.0,0.0,0.0,0.0,17712.0,85.9,2070.0,71.4,19782.0,84.1,2614.0,14.8,110.0,5.3,2724.0,13.8,1567.0,59.9,64.0,58.2,1631.0,59.9,0.0,0.0,0.0,0.0,0.0,0.0,0.0,0.0,0.0,0.0,0.0,0.0,0.0,0.0,0.0,0.0,0.0,0.0,27.532,88.5122,2023-09-05,North
573,Punjab,0.0,0.0,0.0,0.0,0.0,0.0,0.0,0.0,0.0,0.0,0.0,0.0,0.0,0.0,0.0,0.0,0.0,0.0,297.0,88.9,9.0,81.8,306.0,88.7,7.0,2.4,1.0,11.1,8.0,2.6,4.0,57.1,1.0,100.0,5.0,62.5,0.0,0.0,0.0,0.0,0.0,0.0,0.0,0.0,0.0,0.0,0.0,0.0,0.0,0.0,0.0,0.0,0.0,0.0,11.1271,78.6569,2023-11-05,North
574,Himachal Pradesh,0.0,0.0,0.0,0.0,0.0,0.0,0.0,0.0,0.0,0.0,0.0,0.0,0.0,0.0,0.0,0.0,0.0,0.0,22.0,100.0,0.0,0.0,22.0,100.0,1.0,4.5,0.0,0.0,1.0,4.5,1.0,100.0,0.0,0.0,1.0,100.0,0.0,0.0,0.0,0.0,0.0,0.0,0.0,0.0,0.0,0.0,0.0,0.0,0.0,0.0,0.0,0.0,0.0,0.0,18.1124,79.0193,2023-10-11,North
575,Maharashtra,0.0,0.0,0.0,0.0,0.0,0.0,0.0,0.0,0.0,0.0,0.0,0.0,0.0,0.0,0.0,0.0,0.0,0.0,81505.0,58.3,20132.0,40.9,101637.0,53.8,13625.0,16.7,974.0,4.8,14599.0,14.4,2697.0,19.8,92.0,9.4,2789.0,19.1,0.0,0.0,0.0,0.0,0.0,0.0,0.0,0.0,0.0,0.0,0.0,0.0,0.0,0.0,0.0,0.0,0.0,0.0,23.9408,91.9882,2023-01-26,West
576,Haryana,0.0,0.0,0.0,0.0,0.0,0.0,0.0,0.0,0.0,0.0,0.0,0.0,0.0,0.0,0.0,0.0,0.0,0.0,128562.0,84.4,53968.0,69.8,182530.0,79.5,11941.0,9.3,1409.0,2.6,13350.0,7.3,4069.0,34.1,404.0,28.7,4473.0,33.5,0.0,0.0,0.0,0.0,0.0,0.0,0.0,0.0,0.0,0.0,0.0,0.0,0.0,0.0,0.0,0.0,0.0,0.0,26.8467,80.9462,2023-05-22,North
577,Tripura,0.0,0.0,0.0,0.0,0.0,0.0,0.0,0.0,0.0,0.0,0.0,0.0,0.0,0.0,0.0,0.0,0.0,0.0,1709.0,72.1,135.0,52.5,1844.0,70.2,330.0,19.3,12.0,8.9,342.0,18.5,82.0,24.8,1.0,8.3,83.0,24.3,0.0,0.0,0.0,0.0,0.0,0.0,0.0,0.0,0.0,0.0,0.0,0.0,0.0,0.0,0.0,0.0,0.0,0.0,30.0668,79.0193,2023-04-21,North East
578,Sikkim,0.0,0.0,0.0,0.0,0.0,0.0,0.0,0.0,0.0,0.0,0.0,0.0,0.0,0.0,0.0,0.0,0.0,0.0,3586.0,77.3,182.0,56.5,3768.0,75.9,1384.0,38.6,60.0,33.0,1444.0,38.3,254.0,18.4,3.0,5.0,257.0,17.8,0.0,0.0,0.0,0.0,0.0,0.0,0.0,0.0,0.0,0.0,0.0,0.0,0.0,0.0,0.0,0.0,0.0,0.0,22.9868,87.855,2023-03-09,North East
579,Gujarat,0.0,0.0,0.0,0.0,0.0,0.0,0.0,0.0,0.0,0.0,0.0,0.0,0.0,0.0,0.0,0.0,0.0,0.0,2042.0,97.9,19.0,95.0,2061.0,97.9,616.0,30.2,5.0,26.3,621.0,30.1,548.0,89.0,5.0,100.0,553.0,89.0,0.0,0.0,0.0,0.0,0.0,0.0,0.0,0.0,0.0,0.0,0.0,0.0,0.0,0.0,0.0,0.0,0.0,0.0,20.5937,78.9629,2023-05-25,West
580,Odisha,0.0,0.0,0.0,0.0,0.0,0.0,0.0,0.0,0.0,0.0,0.0,0.0,0.0,0.0,0.0,0.0,0.0,0.0,3141.0,82.5,357.0,95.7,3498.0,83.7,591.0,18.8,70.0,19.6,661.0,18.9,381.0,64.5,24.0,34.3,405.0,61.3,0.0,0.0,0.0,0.0,0.0,0.0,0.0,0.0,0.0,0.0,0.0,0.0,0.0,0.0,0.0,0.0,0.0,0.0,11.667,92.735,2023-02-21,East
581,Madhya Pradesh,0.0,0.0,0.0,0.0,0.0,0.0,0.0,0.0,0.0,0.0,0.0,0.0,0.0,0.0,0.0,0.0,0.0,0.0,52549.0,94.6,4025.0,91.6,56574.0,94.4,9966.0,19.0,262.0,6.5,10228.0,18.1,4454.0,44.7,114.0,43.5,4568.0,44.7,0.0,0.0,0.0,0.0,0.0,0.0,0.0,0.0,0.0,0.0,0.0,0.0,0.0,0.0,0.0,0.0,0.0,0.0,15.9129,79.74,2023-04-27,Central
582,Nagaland,0.0,0.0,0.0,0.0,0.0,0.0,0.0,0.0,0.0,0.0,0.0,0.0,0.0,0.0,0.0,0.0,0.0,0.0,1480.0,97.0,2.0,100.0,1482.0,97.1,224.0,15.1,1.0,50.0,225.0,15.2,220.0,98.2,1.0,100.0,221.0,98.2,0.0,0.0,0.0,0.0,0.0,0.0,0.0,0.0,0.0,0.0,0.0,0.0,0.0,0.0,0.0,0.0,0.0,0.0,28.218,94.7278,2023-05-10,North East
583,Arunachal Pradesh,0.0,0.0,0.0,0.0,0.0,0.0,0.0,0.0,0.0,0.0,0.0,0.0,0.0,0.0,0.0,0.0,0.0,0.0,40507.0,84.9,7662.0,78.1,48169.0,83.7,1693.0,4.2,85.0,1.1,1778.0,3.7,278.0,16.4,4.0,4.7,282.0,15.9,0.0,0.0,0.0,0.0,0.0,0.0,0.0,0.0,0.0,0.0,0.0,0.0,0.0,0.0,0.0,0.0,0.0,0.0,26.2006,92.9376,2023-06-06,North East
584,Gujarat,0.0,0.0,0.0,0.0,0.0,0.0,0.0,0.0,0.0,0.0,0.0,0.0,0.0,0.0,0.0,0.0,0.0,0.0,106155.0,80.6,28475.0,73.7,134630.0,79.1,9100.0,8.6,1541.0,5.4,10641.0,7.9,3141.0,34.5,572.0,37.1,3713.0,34.9,0.0,0.0,0.0,0.0,0.0,0.0,0.0,0.0,0.0,0.0,0.0,0.0,0.0,0.0,0.0,0.0,0.0,0.0,25.0961,85.3131,2023-03-11,West
585,Gujarat,0.0,0.0,0.0,0.0,0.0,0.0,0.0,0.0,0.0,0.0,0.0,0.0,0.0,0.0,0.0,0.0,0.0,0.0,947.0,70.8,49.0,66.2,996.0,70.5,77.0,8.1,2.0,4.1,79.0,7.9,5.0,6.5,1.0,50.0,6.0,7.6,0.0,0.0,0.0,0.0,0.0,0.0,0.0,0.0,0.0,0.0,0.0,0.0,0.0,0.0,0.0,0.0,0.0,0.0,30.7333,76.7794,2023-05-21,West
586,Telangana,0.0,0.0,0.0,0.0,0.0,0.0,0.0,0.0,0.0,0.0,0.0,0.0,0.0,0.0,0.0,0.0,0.0,0.0,71409.0,91.2,12182.0,68.9,83591.0,87.1,13718.0,19.2,958.0,7.9,14676.0,17.6,3231.0,23.6,165.0,17.2,3396.0,23.1,0.0,0.0,0.0,0.0,0.0,0.0,0.0,0.0,0.0,0.0,0.0,0.0,0.0,0.0,0.0,0.0,0.0,0.0,21.2787,81.8661,2023-09-29,South
587,Uttar Pradesh,0.0,0.0,0.0,0.0,0.0,0.0,0.0,0.0,0.0,0.0,0.0,0.0,0.0,0.0,0.0,0.0,0.0,0.0,51000.0,93.5,16920.0,90.6,67920.0,92.8,6533.0,12.8,754.0,4.5,7287.0,10.7,3455.0,52.9,428.0,56.8,3883.0,53.3,0.0,0.0,0.0,0.0,0.0,0.0,0.0,0.0,0.0,0.0,0.0,0.0,0.0,0.0,0.0,0.0,0.0,0.0,28.7041,77.1025,2023-11-17,North
588,Tripura,0.0,0.0,0.0,0.0,0.0,0.0,0.0,0.0,0.0,0.0,0.0,0.0,0.0,0.0,0.0,0.0,0.0,0.0,2215.0,68.0,31.0,77.5,2246.0,68.2,478.0,21.6,0.0,0.0,478.0,21.3,44.0,9.2,0.0,0.0,44.0,9.2,0.0,0.0,0.0,0.0,0.0,0.0,0.0,0.0,0.0,0.0,0.0,0.0,0.0,0.0,0.0,0.0,0.0,0.0,15.2993,74.124,2023-07-12,North East
589,Rajasthan,0.0,0.0,0.0,0.0,0.0,0.0,0.0,0.0,0.0,0.0,0.0,0.0,0.0,0.0,0.0,0.0,0.0,0.0,301001.0,71.8,57695.0,49.4,358696.0,66.9,29311.0,9.7,1686.0,2.9,30997.0,8.6,6824.0,23.3,236.0,14.0,7060.0,22.8,0.0,0.0,0.0,0.0,0.0,0.0,0.0,0.0,0.0,0.0,0.0,0.0,0.0,0.0,0.0,0.0,0.0,0.0,22.2587,71.1924,2023-07-17,North
590,Gujarat,0.0,0.0,0.0,0.0,0.0,0.0,0.0,0.0,0.0,0.0,0.0,0.0,0.0,0.0,0.0,0.0,0.0,0.0,21611.0,95.1,4206.0,90.5,25817.0,94.4,2492.0,11.5,185.0,4.4,2677.0,10.4,800.0,32.1,38.0,20.5,838.0,31.3,0.0,0.0,0.0,0.0,0.0,0.0,0.0,0.0,0.0,0.0,0.0,0.0,0.0,0.0,0.0,0.0,0.0,0.0,29.0588,76.0856,2023-09-22,West
591,Andhra Pradesh,0.0,0.0,0.0,0.0,0.0,0.0,0.0,0.0,0.0,0.0,0.0,0.0,0.0,0.0,0.0,0.0,0.0,0.0,80975.0,86.3,6168.0,77.1,87143.0,85.6,18126.0,22.4,1100.0,17.8,19226.0,22.1,6173.0,34.1,353.0,32.1,6526.0,33.9,0.0,0.0,0.0,0.0,0.0,0.0,0.0,0.0,0.0,0.0,0.0,0.0,0.0,0.0,0.0,0.0,0.0,0.0,31.1048,77.1734,2023-07-14,South
592,Arunachal Pradesh,0.0,0.0,0.0,0.0,0.0,0.0,0.0,0.0,0.0,0.0,0.0,0.0,0.0,0.0,0.0,0.0,0.0,0.0,1473433.0,79.5,354179.0,62.4,1827612.0,75.5,194531.0,13.2,16012.0,4.5,210543.0,11.5,62753.0,32.3,4404.0,27.5,67157.0,31.9,0.0,0.0,0.0,0.0,0.0,0.0,0.0,0.0,0.0,0.0,0.0,0.0,0.0,0.0,0.0,0.0,0.0,0.0,33.7782,76.5762,2023-01-01,North East
593,Gujarat,0.0,0.0,0.0,0.0,0.0,0.0,0.0,0.0,0.0,0.0,0.0,0.0,0.0,0.0,0.0,0.0,0.0,0.0,0.0,0.0,0.0,0.0,0.0,0.0,0.0,0.0,0.0,0.0,0.0,0.0,0.0,0.0,0.0,0.0,0.0,0.0,490.0,90.1,3.0,75.0,493.0,90.0,90.0,18.4,0.0,0.0,90.0,18.3,26.0,28.9,0.0,0.0,26.0,28.9,23.6102,85.2799,2023-10-10,West
594,Maharashtra,0.0,0.0,0.0,0.0,0.0,0.0,0.0,0.0,0.0,0.0,0.0,0.0,0.0,0.0,0.0,0.0,0.0,0.0,0.0,0.0,0.0,0.0,0.0,0.0,0.0,0.0,0.0,0.0,0.0,0.0,0.0,0.0,0.0,0.0,0.0,0.0,63257.0,95.7,26303.0,97.5,89560.0,96.2,8187.0,12.9,1208.0,4.6,9395.0,10.5,1901.0,23.2,265.0,21.9,2166.0,23.1,15.3173,75.7139,2023-10-04,West
595,Chhattisgarh,0.0,0.0,0.0,0.0,0.0,0.0,0.0,0.0,0.0,0.0,0.0,0.0,0.0,0.0,0.0,0.0,0.0,0.0,0.0,0.0,0.0,0.0,0.0,0.0,0.0,0.0,0.0,0.0,0.0,0.0,0.0,0.0,0.0,0.0,0.0,0.0,2240.0,74.4,3.0,50.0,2243.0,74.4,245.0,10.9,0.0,0.0,245.0,10.9,140.0,57.1,0.0,0.0,140.0,57.1,10.8505,76.2711,2023-12-14,Central
596,Uttarakhand,0.0,0.0,0.0,0.0,0.0,0.0,0.0,0.0,0.0,0.0,0.0,0.0,0.0,0.0,0.0,0.0,0.0,0.0,0.0,0.0,0.0,0.0,0.0,0.0,0.0,0.0,0.0,0.0,0.0,0.0,0.0,0.0,0.0,0.0,0.0,0.0,29582.0,70.4,4366.0,73.7,33948.0,70.8,5161.0,17.4,179.0,4.1,5340.0,15.7,1244.0,24.1,71.0,39.7,1315.0,24.6,34.1526,77.577,2023-01-04,North
597,Kerala,0.0,0.0,0.0,0.0,0.0,0.0,0.0,0.0,0.0,0.0,0.0,0.0,0.0,0.0,0.0,0.0,0.0,0.0,0.0,0.0,0.0,0.0,0.0,0.0,0.0,0.0,0.0,0.0,0.0,0.0,0.0,0.0,0.0,0.0,0.0,0.0,44246.0,54.4,35745.0,42.3,79991.0,48.2,781.0,1.8,254.0,0.7,1035.0,1.3,254.0,32.5,9.0,3.5,263.0,25.4,10.328,72.7846,2023-03-22,South
598,Bihar,0.0,0.0,0.0,0.0,0.0,0.0,0.0,0.0,0.0,0.0,0.0,0.0,0.0,0.0,0.0,0.0,0.0,0.0,0.0,0.0,0.0,0.0,0.0,0.0,0.0,0.0,0.0,0.0,0.0,0.0,0.0,0.0,0.0,0.0,0.0,0.0,3487.0,93.8,47.0,73.4,3534.0,93.4,209.0,6.0,1.0,2.1,210.0,5.9,39.0,18.7,1.0,100.0,40.0,19.0,22.9734,78.6569,2023-03-21,East
599,Nagaland,0.0,0.0,0.0,0.0,0.0,0.0,0.0,0.0,0.0,0.0,0.0,0.0,0.0,0.0,0.0,0.0,0.0,0.0,0.0,0.0,0.0,0.0,0.0,0.0,0.0,0.0,0.0,0.0,0.0,0.0,0.0,0.0,0.0,0.0,0.0,0.0,24653.0,83.7,5734.0,61.8,30387.0,78.5,5395.0,21.9,247.0,4.3,5642.0,18.6,2606.0,48.3,114.0,46.2,2720.0,48.2,19.7515,75.7139,2023-12-28,North East
600,Andhra Pradesh,0.0,0.0,0.0,0.0,0.0,0.0,0.0,0.0,0.0,0.0,0.0,0.0,0.0,0.0,0.0,0.0,0.0,0.0,0.0,0.0,0.0,0.0,0.0,0.0,0.0,0.0,0.0,0.0,0.0,0.0,0.0,0.0,0.0,0.0,0.0,0.0,562.0,66.5,58.0,76.3,620.0,67.3,59.0,10.5,3.0,5.2,62.0,10.0,31.0,52.5,1.0,33.3,32.0,51.6,24.6637,93.9063,2023-11-18,South
601,Sikkim,0.0,0.0,0.0,0.0,0.0,0.0,0.0,0.0,0.0,0.0,0.0,0.0,0.0,0.0,0.0,0.0,0.0,0.0,0.0,0.0,0.0,0.0,0.0,0.0,0.0,0.0,0.0,0.0,0.0,0.0,0.0,0.0,0.0,0.0,0.0,0.0,50682.0,65.0,1660.0,16.2,52342.0,59.3,3074.0,6.1,18.0,1.1,3092.0,5.9,619.0,20.1,4.0,22.2,623.0,20.1,25.467,91.3662,2023-12-20,North East
602,Madhya Pradesh,0.0,0.0,0.0,0.0,0.0,0.0,0.0,0.0,0.0,0.0,0.0,0.0,0.0,0.0,0.0,0.0,0.0,0.0,0.0,0.0,0.0,0.0,0.0,0.0,0.0,0.0,0.0,0.0,0.0,0.0,0.0,0.0,0.0,0.0,0.0,0.0,1563.0,93.2,28.0,7.1,1591.0,76.7,120.0,7.7,2.0,7.1,122.0,7.7,16.0,13.3,0.0,0.0,16.0,13.1,23.1645,92.9376,2023-06-11,Central
603,Tripura,0.0,0.0,0.0,0.0,0.0,0.0,0.0,0.0,0.0,0.0,0.0,0.0,0.0,0.0,0.0,0.0,0.0,0.0,0.0,0.0,0.0,0.0,0.0,0.0,0.0,0.0,0.0,0.0,0.0,0.0,0.0,0.0,0.0,0.0,0.0,0.0,103459.0,95.2,35556.0,90.1,139015.0,93.8,5707.0,5.5,493.0,1.4,6200.0,4.5,2455.0,43.0,252.0,51.1,2707.0,43.7,26.1584,94.5624,2023-11-22,North East
604,Telangana,0.0,0.0,0.0,0.0,0.0,0.0,0.0,0.0,0.0,0.0,0.0,0.0,0.0,0.0,0.0,0.0,0.0,0.0,0.0,0.0,0.0,0.0,0.0,0.0,0.0,0.0,0.0,0.0,0.0,0.0,0.0,0.0,0.0,0.0,0.0,0.0,54295.0,88.6,14079.0,80.9,68374.0,86.9,1790.0,3.3,238.0,1.7,2028.0,3.0,729.0,40.7,99.0,41.6,828.0,40.8,20.9517,85.0985,2023-05-27,South
605,Sikkim,0.0,0.0,0.0,0.0,0.0,0.0,0.0,0.0,0.0,0.0,0.0,0.0,0.0,0.0,0.0,0.0,0.0,0.0,0.0,0.0,0.0,0.0,0.0,0.0,0.0,0.0,0.0,0.0,0.0,0.0,0.0,0.0,0.0,0.0,0.0,0.0,15509.0,96.7,429.0,91.7,15938.0,96.6,1379.0,8.9,17.0,4.0,1396.0,8.8,1176.0,85.3,10.0,58.8,1186.0,85.0,11.9416,79.8083,2023-01-09,North East
606,Maharashtra,0.0,0.0,0.0,0.0,0.0,0.0,0.0,0.0,0.0,0.0,0.0,0.0,0.0,0.0,0.0,0.0,0.0,0.0,0.0,0.0,0.0,0.0,0.0,0.0,0.0,0.0,0.0,0.0,0.0,0.0,0.0,0.0,0.0,0.0,0.0,0.0,10172.0,89.4,514.0,88.3,10686.0,89.3,430.0,4.2,5.0,1.0,435.0,4.1,222.0,51.6,4.0,80.0,226.0,52.0,31.1471,75.3412,2023-05-20,West
607,Telangana,0.0,0.0,0.0,0.0,0.0,0.0,0.0,0.0,0.0,0.0,0.0,0.0,0.0,0.0,0.0,0.0,0.0,0.0,0.0,0.0,0.0,0.0,0.0,0.0,0.0,0.0,0.0,0.0,0.0,0.0,0.0,0.0,0.0,0.0,0.0,0.0,35773.0,76.2,4537.0,39.4,40310.0,68.9,3335.0,9.3,48.0,1.1,3383.0,8.4,885.0,26.5,16.0,33.3,901.0,26.6,27.0238,74.2179,2023-01-19,South
608,Rajasthan,0.0,0.0,0.0,0.0,0.0,0.0,0.0,0.0,0.0,0.0,0.0,0.0,0.0,0.0,0.0,0.0,0.0,0.0,0.0,0.0,0.0,0.0,0.0,0.0,0.0,0.0,0.0,0.0,0.0,0.0,0.0,0.0,0.0,0.0,0.0,0.0,59273.0,88.0,9629.0,81.8,68902.0,87.1,8964.0,15.1,409.0,4.2,9373.0,13.6,2538.0,28.3,110.0,26.9,2648.0,28.3,27.532,88.5122,2023-03-07,North
609,Gujarat,0.0,0.0,0.0,0.0,0.0,0.0,0.0,0.0,0.0,0.0,0.0,0.0,0.0,0.0,0.0,0.0,0.0,0.0,0.0,0.0,0.0,0.0,0.0,0.0,0.0,0.0,0.0,0.0,0.0,0.0,0.0,0.0,0.0,0.0,0.0,0.0,17510.0,84.9,2003.0,69.1,19513.0,83.0,2660.0,15.2,101.0,5.0,2761.0,14.1,1270.0,47.7,38.0,37.6,1308.0,47.4,11.1271,78.6569,2023-02-17,West
610,Telangana,0.0,0.0,0.0,0.0,0.0,0.0,0.0,0.0,0.0,0.0,0.0,0.0,0.0,0.0,0.0,0.0,0.0,0.0,0.0,0.0,0.0,0.0,0.0,0.0,0.0,0.0,0.0,0.0,0.0,0.0,0.0,0.0,0.0,0.0,0.0,0.0,292.0,87.4,8.0,72.7,300.0,87.0,17.0,5.8,1.0,12.5,18.0,6.0,3.0,17.6,1.0,100.0,4.0,22.2,18.1124,79.0193,2023-10-04,South
611,Meghalaya,0.0,0.0,0.0,0.0,0.0,0.0,0.0,0.0,0.0,0.0,0.0,0.0,0.0,0.0,0.0,0.0,0.0,0.0,0.0,0.0,0.0,0.0,0.0,0.0,0.0,0.0,0.0,0.0,0.0,0.0,0.0,0.0,0.0,0.0,0.0,0.0,22.0,100.0,0.0,0.0,22.0,100.0,0.0,0.0,0.0,0.0,0.0,0.0,0.0,0.0,0.0,0.0,0.0,0.0,23.9408,91.9882,2023-12-01,North East
612,Punjab,0.0,0.0,0.0,0.0,0.0,0.0,0.0,0.0,0.0,0.0,0.0,0.0,0.0,0.0,0.0,0.0,0.0,0.0,0.0,0.0,0.0,0.0,0.0,0.0,0.0,0.0,0.0,0.0,0.0,0.0,0.0,0.0,0.0,0.0,0.0,0.0,79128.0,56.6,19701.0,40.0,98829.0,52.3,5170.0,6.5,275.0,1.4,5445.0,5.5,1110.0,21.5,53.0,19.3,1163.0,21.4,26.8467,80.9462,2023-03-12,North
613,Mizoram,0.0,0.0,0.0,0.0,0.0,0.0,0.0,0.0,0.0,0.0,0.0,0.0,0.0,0.0,0.0,0.0,0.0,0.0,0.0,0.0,0.0,0.0,0.0,0.0,0.0,0.0,0.0,0.0,0.0,0.0,0.0,0.0,0.0,0.0,0.0,0.0,126323.0,82.9,52493.0,67.9,178816.0,77.8,6857.0,5.4,718.0,1.4,7575.0,4.2,2469.0,36.0,226.0,31.5,2695.0,35.6,30.0668,79.0193,2023-10-28,North East
614,Maharashtra,0.0,0.0,0.0,0.0,0.0,0.0,0.0,0.0,0.0,0.0,0.0,0.0,0.0,0.0,0.0,0.0,0.0,0.0,0.0,0.0,0.0,0.0,0.0,0.0,0.0,0.0,0.0,0.0,0.0,0.0,0.0,0.0,0.0,0.0,0.0,0.0,1720.0,72.6,126.0,49.0,1846.0,70.3,251.0,14.6,8.0,6.3,259.0,14.0,79.0,31.5,1.0,12.5,80.0,30.9,22.9868,87.855,2023-08-03,West
615,Tripura,0.0,0.0,0.0,0.0,0.0,0.0,0.0,0.0,0.0,0.0,0.0,0.0,0.0,0.0,0.0,0.0,0.0,0.0,0.0,0.0,0.0,0.0,0.0,0.0,0.0,0.0,0.0,0.0,0.0,0.0,0.0,0.0,0.0,0.0,0.0,0.0,3538.0,76.2,148.0,46.0,3686.0,74.3,746.0,21.1,7.0,4.7,753.0,20.4,168.0,22.5,0.0,0.0,168.0,22.3,20.5937,78.9629,2023-11-22,North East
616,Sikkim,0.0,0.0,0.0,0.0,0.0,0.0,0.0,0.0,0.0,0.0,0.0,0.0,0.0,0.0,0.0,0.0,0.0,0.0,0.0,0.0,0.0,0.0,0.0,0.0,0.0,0.0,0.0,0.0,0.0,0.0,0.0,0.0,0.0,0.0,0.0,0.0,2025.0,97.1,20.0,100.0,2045.0,97.1,240.0,11.9,2.0,10.0,242.0,11.8,105.0,43.8,0.0,0.0,105.0,43.4,11.667,92.735,2023-12-19,North East
617,Andhra Pradesh,0.0,0.0,0.0,0.0,0.0,0.0,0.0,0.0,0.0,0.0,0.0,0.0,0.0,0.0,0.0,0.0,0.0,0.0,0.0,0.0,0.0,0.0,0.0,0.0,0.0,0.0,0.0,0.0,0.0,0.0,0.0,0.0,0.0,0.0,0.0,0.0,3127.0,82.2,351.0,94.1,3478.0,83.2,312.0,10.0,10.0,2.8,322.0,9.3,198.0,63.5,0.0,0.0,198.0,61.5,15.9129,79.74,2023-02-16,South
618,Andhra Pradesh,0.0,0.0,0.0,0.0,0.0,0.0,0.0,0.0,0.0,0.0,0.0,0.0,0.0,0.0,0.0,0.0,0.0,0.0,0.0,0.0,0.0,0.0,0.0,0.0,0.0,0.0,0.0,0.0,0.0,0.0,0.0,0.0,0.0,0.0,0.0,0.0,52157.0,93.9,3969.0,90.3,56126.0,93.6,8665.0,16.6,251.0,6.3,8916.0,15.9,4024.0,46.4,103.0,41.0,4127.0,46.3,28.218,94.7278,2023-12-29,South
619,Meghalaya,0.0,0.0,0.0,0.0,0.0,0.0,0.0,0.0,0.0,0.0,0.0,0.0,0.0,0.0,0.0,0.0,0.0,0.0,0.0,0.0,0.0,0.0,0.0,0.0,0.0,0.0,0.0,0.0,0.0,0.0,0.0,0.0,0.0,0.0,0.0,0.0,1467.0,96.2,2.0,100.0,1469.0,96.2,320.0,21.8,0.0,0.0,320.0,21.8,315.0,98.4,0.0,0.0,315.0,98.4,26.2006,92.9376,2023-04-02,North East
620,Nagaland,0.0,0.0,0.0,0.0,0.0,0.0,0.0,0.0,0.0,0.0,0.0,0.0,0.0,0.0,0.0,0.0,0.0,0.0,0.0,0.0,0.0,0.0,0.0,0.0,0.0,0.0,0.0,0.0,0.0,0.0,0.0,0.0,0.0,0.0,0.0,0.0,40121.0,84.1,7502.0,76.4,47623.0,82.8,1531.0,3.8,72.0,1.0,1603.0,3.4,280.0,18.3,6.0,8.3,286.0,17.8,25.0961,85.3131,2023-11-07,North East
621,Odisha,0.0,0.0,0.0,0.0,0.0,0.0,0.0,0.0,0.0,0.0,0.0,0.0,0.0,0.0,0.0,0.0,0.0,0.0,0.0,0.0,0.0,0.0,0.0,0.0,0.0,0.0,0.0,0.0,0.0,0.0,0.0,0.0,0.0,0.0,0.0,0.0,104335.0,79.3,28427.0,73.6,132762.0,78.0,3343.0,3.2,450.0,1.6,3793.0,2.9,1071.0,32.0,191.0,42.4,1262.0,33.3,30.7333,76.7794,2023-01-19,East
622,Mizoram,0.0,0.0,0.0,0.0,0.0,0.0,0.0,0.0,0.0,0.0,0.0,0.0,0.0,0.0,0.0,0.0,0.0,0.0,0.0,0.0,0.0,0.0,0.0,0.0,0.0,0.0,0.0,0.0,0.0,0.0,0.0,0.0,0.0,0.0,0.0,0.0,983.0,73.5,48.0,64.9,1031.0,73.0,60.0,6.1,2.0,4.2,62.0,6.0,4.0,6.7,1.0,50.0,5.0,8.1,21.2787,81.8661,2023-07-17,North East
623,Tamil Nadu,0.0,0.0,0.0,0.0,0.0,0.0,0.0,0.0,0.0,0.0,0.0,0.0,0.0,0.0,0.0,0.0,0.0,0.0,0.0,0.0,0.0,0.0,0.0,0.0,0.0,0.0,0.0,0.0,0.0,0.0,0.0,0.0,0.0,0.0,0.0,0.0,71063.0,90.8,12009.0,68.0,83072.0,86.6,16475.0,23.2,979.0,8.2,17454.0,21.0,3754.0,22.8,170.0,17.4,3924.0,22.5,28.7041,77.1025,2023-03-04,South
624,Uttarakhand,0.0,0.0,0.0,0.0,0.0,0.0,0.0,0.0,0.0,0.0,0.0,0.0,0.0,0.0,0.0,0.0,0.0,0.0,0.0,0.0,0.0,0.0,0.0,0.0,0.0,0.0,0.0,0.0,0.0,0.0,0.0,0.0,0.0,0.0,0.0,0.0,50793.0,93.1,16883.0,90.4,67676.0,92.4,7172.0,14.1,871.0,5.2,8043.0,11.9,3827.0,53.4,474.0,54.4,4301.0,53.5,15.2993,74.124,2023-12-15,North
625,Haryana,0.0,0.0,0.0,0.0,0.0,0.0,0.0,0.0,0.0,0.0,0.0,0.0,0.0,0.0,0.0,0.0,0.0,0.0,0.0,0.0,0.0,0.0,0.0,0.0,0.0,0.0,0.0,0.0,0.0,0.0,0.0,0.0,0.0,0.0,0.0,0.0,2177.0,66.9,32.0,80.0,2209.0,67.0,495.0,22.7,0.0,0.0,495.0,22.4,72.0,14.5,0.0,0.0,72.0,14.5,22.2587,71.1924,2023-05-06,North
626,Karnataka,0.0,0.0,0.0,0.0,0.0,0.0,0.0,0.0,0.0,0.0,0.0,0.0,0.0,0.0,0.0,0.0,0.0,0.0,0.0,0.0,0.0,0.0,0.0,0.0,0.0,0.0,0.0,0.0,0.0,0.0,0.0,0.0,0.0,0.0,0.0,0.0,291692.0,69.6,56031.0,48.0,347723.0,64.9,9876.0,3.4,506.0,0.9,10382.0,3.0,2846.0,28.8,76.0,15.0,2922.0,28.1,29.0588,76.0856,2023-09-20,South
627,Gujarat,0.0,0.0,0.0,0.0,0.0,0.0,0.0,0.0,0.0,0.0,0.0,0.0,0.0,0.0,0.0,0.0,0.0,0.0,0.0,0.0,0.0,0.0,0.0,0.0,0.0,0.0,0.0,0.0,0.0,0.0,0.0,0.0,0.0,0.0,0.0,0.0,21322.0,93.9,4180.0,89.9,25502.0,93.2,1645.0,7.7,106.0,2.5,1751.0,6.9,610.0,37.1,21.0,19.8,631.0,36.0,31.1048,77.1734,2023-10-31,West
628,Uttarakhand,0.0,0.0,0.0,0.0,0.0,0.0,0.0,0.0,0.0,0.0,0.0,0.0,0.0,0.0,0.0,0.0,0.0,0.0,0.0,0.0,0.0,0.0,0.0,0.0,0.0,0.0,0.0,0.0,0.0,0.0,0.0,0.0,0.0,0.0,0.0,0.0,79395.0,84.6,6058.0,75.7,85453.0,83.9,10784.0,13.6,587.0,9.7,11371.0,13.3,3814.0,35.4,218.0,37.1,4032.0,35.5,33.7782,76.5762,2023-06-12,North
629,Punjab,0.0,0.0,0.0,0.0,0.0,0.0,0.0,0.0,0.0,0.0,0.0,0.0,0.0,0.0,0.0,0.0,0.0,0.0,0.0,0.0,0.0,0.0,0.0,0.0,0.0,0.0,0.0,0.0,0.0,0.0,0.0,0.0,0.0,0.0,0.0,0.0,1448433.0,78.1,348682.0,61.4,1797115.0,74.2,121545.0,8.4,8068.0,2.3,129613.0,7.2,40900.0,33.7,2535.0,31.4,43435.0,33.5,23.6102,85.2799,2023-05-02,North
630,Sikkim,518.0,95.2,3.0,75.0,521.0,95.1,97.0,18.7,1.0,33.3,98.0,18.8,69.0,71.1,1.0,100.0,70.0,71.4,0.0,0.0,0.0,0.0,0.0,0.0,0.0,0.0,0.0,0.0,0.0,0.0,0.0,0.0,0.0,0.0,0.0,0.0,0.0,0.0,0.0,0.0,0.0,0.0,0.0,0.0,0.0,0.0,0.0,0.0,0.0,0.0,0.0,0.0,0.0,0.0,15.3173,75.7139,2023-01-19,North East
631,Nagaland,65235.0,98.7,26883.0,99.6,92118.0,98.9,8816.0,13.5,2940.0,10.9,11756.0,12.8,6282.0,71.3,1671.0,56.8,7953.0,67.7,0.0,0.0,0.0,0.0,0.0,0.0,0.0,0.0,0.0,0.0,0.0,0.0,0.0,0.0,0.0,0.0,0.0,0.0,0.0,0.0,0.0,0.0,0.0,0.0,0.0,0.0,0.0,0.0,0.0,0.0,0.0,0.0,0.0,0.0,0.0,0.0,10.8505,76.2711,2023-11-19,North East
632,Nagaland,2378.0,79.0,3.0,50.0,2381.0,79.0,59.0,2.5,0.0,0.0,59.0,2.5,28.0,47.5,0.0,0.0,28.0,47.5,0.0,0.0,0.0,0.0,0.0,0.0,0.0,0.0,0.0,0.0,0.0,0.0,0.0,0.0,0.0,0.0,0.0,0.0,0.0,0.0,0.0,0.0,0.0,0.0,0.0,0.0,0.0,0.0,0.0,0.0,0.0,0.0,0.0,0.0,0.0,0.0,34.1526,77.577,2023-02-15,North East
633,Meghalaya,34011.0,81.0,4929.0,83.2,38940.0,81.2,2554.0,7.5,499.0,10.1,3053.0,7.8,1003.0,39.3,179.0,35.9,1182.0,38.7,0.0,0.0,0.0,0.0,0.0,0.0,0.0,0.0,0.0,0.0,0.0,0.0,0.0,0.0,0.0,0.0,0.0,0.0,0.0,0.0,0.0,0.0,0.0,0.0,0.0,0.0,0.0,0.0,0.0,0.0,0.0,0.0,0.0,0.0,0.0,0.0,10.328,72.7846,2023-05-18,North East
634,Chhattisgarh,53768.0,66.1,74114.0,87.7,127882.0,77.1,3062.0,5.7,3801.0,5.1,6863.0,5.4,1489.0,48.6,811.0,21.3,2300.0,33.5,0.0,0.0,0.0,0.0,0.0,0.0,0.0,0.0,0.0,0.0,0.0,0.0,0.0,0.0,0.0,0.0,0.0,0.0,0.0,0.0,0.0,0.0,0.0,0.0,0.0,0.0,0.0,0.0,0.0,0.0,0.0,0.0,0.0,0.0,0.0,0.0,22.9734,78.6569,2023-04-25,Central
635,Uttarakhand,3531.0,94.9,47.0,73.4,3578.0,94.6,316.0,8.9,5.0,10.6,321.0,9.0,248.0,78.5,5.0,100.0,253.0,78.8,0.0,0.0,0.0,0.0,0.0,0.0,0.0,0.0,0.0,0.0,0.0,0.0,0.0,0.0,0.0,0.0,0.0,0.0,0.0,0.0,0.0,0.0,0.0,0.0,0.0,0.0,0.0,0.0,0.0,0.0,0.0,0.0,0.0,0.0,0.0,0.0,19.7515,75.7139,2023-05-14,North
636,Andhra Pradesh,26987.0,91.6,8243.0,88.8,35230.0,91.0,2473.0,9.2,639.0,7.8,3112.0,8.8,1184.0,47.9,155.0,24.3,1339.0,43.0,0.0,0.0,0.0,0.0,0.0,0.0,0.0,0.0,0.0,0.0,0.0,0.0,0.0,0.0,0.0,0.0,0.0,0.0,0.0,0.0,0.0,0.0,0.0,0.0,0.0,0.0,0.0,0.0,0.0,0.0,0.0,0.0,0.0,0.0,0.0,0.0,24.6637,93.9063,2023-08-13,South
637,Uttarakhand,838.0,99.2,76.0,100.0,914.0,99.2,56.0,6.7,3.0,3.9,59.0,6.5,46.0,82.1,2.0,66.7,48.0,81.4,0.0,0.0,0.0,0.0,0.0,0.0,0.0,0.0,0.0,0.0,0.0,0.0,0.0,0.0,0.0,0.0,0.0,0.0,0.0,0.0,0.0,0.0,0.0,0.0,0.0,0.0,0.0,0.0,0.0,0.0,0.0,0.0,0.0,0.0,0.0,0.0,25.467,91.3662,2023-03-26,North
638,Rajasthan,65700.0,84.2,5628.0,55.0,71328.0,80.8,5323.0,8.1,621.0,11.0,5944.0,8.3,2661.0,50.0,168.0,27.1,2829.0,47.6,0.0,0.0,0.0,0.0,0.0,0.0,0.0,0.0,0.0,0.0,0.0,0.0,0.0,0.0,0.0,0.0,0.0,0.0,0.0,0.0,0.0,0.0,0.0,0.0,0.0,0.0,0.0,0.0,0.0,0.0,0.0,0.0,0.0,0.0,0.0,0.0,23.1645,92.9376,2023-09-26,North
639,Uttar Pradesh,1659.0,98.9,288.0,72.7,1947.0,93.9,332.0,20.0,45.0,15.6,377.0,19.4,300.0,90.4,25.0,55.6,325.0,86.2,0.0,0.0,0.0,0.0,0.0,0.0,0.0,0.0,0.0,0.0,0.0,0.0,0.0,0.0,0.0,0.0,0.0,0.0,0.0,0.0,0.0,0.0,0.0,0.0,0.0,0.0,0.0,0.0,0.0,0.0,0.0,0.0,0.0,0.0,0.0,0.0,26.1584,94.5624,2023-08-26,North
640,Tripura,106333.0,97.8,35899.0,90.9,142232.0,96.0,5343.0,5.0,1250.0,3.5,6593.0,4.6,4304.0,80.6,991.0,79.3,5295.0,80.3,0.0,0.0,0.0,0.0,0.0,0.0,0.0,0.0,0.0,0.0,0.0,0.0,0.0,0.0,0.0,0.0,0.0,0.0,0.0,0.0,0.0,0.0,0.0,0.0,0.0,0.0,0.0,0.0,0.0,0.0,0.0,0.0,0.0,0.0,0.0,0.0,20.9517,85.0985,2023-04-19,North East
641,Gujarat,58171.0,95.0,15853.0,91.1,74024.0,94.1,4463.0,7.7,837.0,5.3,5300.0,7.2,3357.0,75.2,560.0,66.9,3917.0,73.9,0.0,0.0,0.0,0.0,0.0,0.0,0.0,0.0,0.0,0.0,0.0,0.0,0.0,0.0,0.0,0.0,0.0,0.0,0.0,0.0,0.0,0.0,0.0,0.0,0.0,0.0,0.0,0.0,0.0,0.0,0.0,0.0,0.0,0.0,0.0,0.0,11.9416,79.8083,2023-05-23,West
642,Uttar Pradesh,15885.0,99.1,455.0,97.2,16340.0,99.0,1484.0,9.3,27.0,5.9,1511.0,9.2,1136.0,76.5,21.0,77.8,1157.0,76.6,0.0,0.0,0.0,0.0,0.0,0.0,0.0,0.0,0.0,0.0,0.0,0.0,0.0,0.0,0.0,0.0,0.0,0.0,0.0,0.0,0.0,0.0,0.0,0.0,0.0,0.0,0.0,0.0,0.0,0.0,0.0,0.0,0.0,0.0,0.0,0.0,31.1471,75.3412,2023-07-23,North
643,Odisha,10855.0,95.4,552.0,94.8,11407.0,95.4,729.0,6.7,40.0,7.2,769.0,6.7,378.0,51.9,31.0,77.5,409.0,53.2,0.0,0.0,0.0,0.0,0.0,0.0,0.0,0.0,0.0,0.0,0.0,0.0,0.0,0.0,0.0,0.0,0.0,0.0,0.0,0.0,0.0,0.0,0.0,0.0,0.0,0.0,0.0,0.0,0.0,0.0,0.0,0.0,0.0,0.0,0.0,0.0,27.0238,74.2179,2023-01-30,East
644,Odisha,42246.0,90.0,9644.0,83.8,51890.0,88.8,2305.0,5.5,648.0,6.7,2953.0,5.7,1266.0,54.9,260.0,40.1,1526.0,51.7,0.0,0.0,0.0,0.0,0.0,0.0,0.0,0.0,0.0,0.0,0.0,0.0,0.0,0.0,0.0,0.0,0.0,0.0,0.0,0.0,0.0,0.0,0.0,0.0,0.0,0.0,0.0,0.0,0.0,0.0,0.0,0.0,0.0,0.0,0.0,0.0,27.532,88.5122,2023-01-28,East
645,Himachal Pradesh,64615.0,95.9,10593.0,90.0,75208.0,95.0,9616.0,14.9,975.0,9.2,10591.0,14.1,7379.0,76.7,742.0,76.1,8121.0,76.7,0.0,0.0,0.0,0.0,0.0,0.0,0.0,0.0,0.0,0.0,0.0,0.0,0.0,0.0,0.0,0.0,0.0,0.0,0.0,0.0,0.0,0.0,0.0,0.0,0.0,0.0,0.0,0.0,0.0,0.0,0.0,0.0,0.0,0.0,0.0,0.0,11.1271,78.6569,2023-02-26,North
646,Sikkim,19388.0,94.1,2557.0,88.2,21945.0,93.3,6376.0,32.9,770.0,30.1,7146.0,32.6,4163.0,65.3,446.0,57.9,4609.0,64.5,0.0,0.0,0.0,0.0,0.0,0.0,0.0,0.0,0.0,0.0,0.0,0.0,0.0,0.0,0.0,0.0,0.0,0.0,0.0,0.0,0.0,0.0,0.0,0.0,0.0,0.0,0.0,0.0,0.0,0.0,0.0,0.0,0.0,0.0,0.0,0.0,18.1124,79.0193,2023-09-23,North East
647,Maharashtra,306.0,91.6,9.0,81.8,315.0,91.3,7.0,2.3,1.0,11.1,8.0,2.5,6.0,85.7,1.0,100.0,7.0,87.5,0.0,0.0,0.0,0.0,0.0,0.0,0.0,0.0,0.0,0.0,0.0,0.0,0.0,0.0,0.0,0.0,0.0,0.0,0.0,0.0,0.0,0.0,0.0,0.0,0.0,0.0,0.0,0.0,0.0,0.0,0.0,0.0,0.0,0.0,0.0,0.0,23.9408,91.9882,2023-10-23,West
648,Chhattisgarh,21.0,95.5,0.0,0.0,21.0,95.5,5.0,23.8,0.0,0.0,5.0,23.8,4.0,80.0,0.0,0.0,4.0,80.0,0.0,0.0,0.0,0.0,0.0,0.0,0.0,0.0,0.0,0.0,0.0,0.0,0.0,0.0,0.0,0.0,0.0,0.0,0.0,0.0,0.0,0.0,0.0,0.0,0.0,0.0,0.0,0.0,0.0,0.0,0.0,0.0,0.0,0.0,0.0,0.0,26.8467,80.9462,2023-03-07,Central
649,Assam,125381.0,89.8,46026.0,93.5,171407.0,90.7,6816.0,5.4,3221.0,7.0,10037.0,5.9,2983.0,43.8,1196.0,37.1,4179.0,41.6,0.0,0.0,0.0,0.0,0.0,0.0,0.0,0.0,0.0,0.0,0.0,0.0,0.0,0.0,0.0,0.0,0.0,0.0,0.0,0.0,0.0,0.0,0.0,0.0,0.0,0.0,0.0,0.0,0.0,0.0,0.0,0.0,0.0,0.0,0.0,0.0,30.0668,79.0193,2023-07-04,North East
650,Arunachal Pradesh,148268.0,97.3,73877.0,95.5,222145.0,96.7,9416.0,6.4,4376.0,5.9,13792.0,6.2,6493.0,69.0,2543.0,58.1,9036.0,65.5,0.0,0.0,0.0,0.0,0.0,0.0,0.0,0.0,0.0,0.0,0.0,0.0,0.0,0.0,0.0,0.0,0.0,0.0,0.0,0.0,0.0,0.0,0.0,0.0,0.0,0.0,0.0,0.0,0.0,0.0,0.0,0.0,0.0,0.0,0.0,0.0,22.9868,87.855,2023-03-10,North East
651,Uttarakhand,1808.0,76.3,143.0,55.6,1951.0,74.3,275.0,15.2,11.0,7.7,286.0,14.7,129.0,46.9,2.0,18.2,131.0,45.8,0.0,0.0,0.0,0.0,0.0,0.0,0.0,0.0,0.0,0.0,0.0,0.0,0.0,0.0,0.0,0.0,0.0,0.0,0.0,0.0,0.0,0.0,0.0,0.0,0.0,0.0,0.0,0.0,0.0,0.0,0.0,0.0,0.0,0.0,0.0,0.0,20.5937,78.9629,2023-12-17,North
652,Arunachal Pradesh,3646.0,78.6,165.0,51.2,3811.0,76.8,216.0,5.9,4.0,2.4,220.0,5.8,142.0,65.7,3.0,75.0,145.0,65.9,0.0,0.0,0.0,0.0,0.0,0.0,0.0,0.0,0.0,0.0,0.0,0.0,0.0,0.0,0.0,0.0,0.0,0.0,0.0,0.0,0.0,0.0,0.0,0.0,0.0,0.0,0.0,0.0,0.0,0.0,0.0,0.0,0.0,0.0,0.0,0.0,11.667,92.735,2023-03-31,North East
653,West Bengal,2056.0,98.6,20.0,100.0,2076.0,98.6,129.0,6.3,6.0,30.0,135.0,6.5,125.0,96.9,6.0,100.0,131.0,97.0,0.0,0.0,0.0,0.0,0.0,0.0,0.0,0.0,0.0,0.0,0.0,0.0,0.0,0.0,0.0,0.0,0.0,0.0,0.0,0.0,0.0,0.0,0.0,0.0,0.0,0.0,0.0,0.0,0.0,0.0,0.0,0.0,0.0,0.0,0.0,0.0,15.9129,79.74,2023-10-29,East
654,Haryana,3165.0,83.2,349.0,93.6,3514.0,84.1,175.0,5.5,20.0,5.7,195.0,5.5,86.0,49.1,2.0,10.0,88.0,45.1,0.0,0.0,0.0,0.0,0.0,0.0,0.0,0.0,0.0,0.0,0.0,0.0,0.0,0.0,0.0,0.0,0.0,0.0,0.0,0.0,0.0,0.0,0.0,0.0,0.0,0.0,0.0,0.0,0.0,0.0,0.0,0.0,0.0,0.0,0.0,0.0,28.218,94.7278,2023-10-02,North
655,Maharashtra,53597.0,96.5,4141.0,94.2,57738.0,96.3,4047.0,7.6,274.0,6.6,4321.0,7.5,3105.0,76.7,211.0,77.0,3316.0,76.7,0.0,0.0,0.0,0.0,0.0,0.0,0.0,0.0,0.0,0.0,0.0,0.0,0.0,0.0,0.0,0.0,0.0,0.0,0.0,0.0,0.0,0.0,0.0,0.0,0.0,0.0,0.0,0.0,0.0,0.0,0.0,0.0,0.0,0.0,0.0,0.0,26.2006,92.9376,2023-07-08,West
656,Manipur,1510.0,99.0,2.0,100.0,1512.0,99.0,464.0,30.7,0.0,0.0,464.0,30.7,445.0,95.9,0.0,0.0,445.0,95.9,0.0,0.0,0.0,0.0,0.0,0.0,0.0,0.0,0.0,0.0,0.0,0.0,0.0,0.0,0.0,0.0,0.0,0.0,0.0,0.0,0.0,0.0,0.0,0.0,0.0,0.0,0.0,0.0,0.0,0.0,0.0,0.0,0.0,0.0,0.0,0.0,25.0961,85.3131,2023-04-06,North East
657,Goa,43665.0,91.5,9006.0,91.8,52671.0,91.5,4930.0,11.3,676.0,7.5,5606.0,10.6,2266.0,46.0,170.0,25.1,2436.0,43.5,0.0,0.0,0.0,0.0,0.0,0.0,0.0,0.0,0.0,0.0,0.0,0.0,0.0,0.0,0.0,0.0,0.0,0.0,0.0,0.0,0.0,0.0,0.0,0.0,0.0,0.0,0.0,0.0,0.0,0.0,0.0,0.0,0.0,0.0,0.0,0.0,30.7333,76.7794,2023-11-26,West
658,Himachal Pradesh,119170.0,90.5,34317.0,88.8,153487.0,90.1,3484.0,2.9,1208.0,3.5,4692.0,3.1,2276.0,65.3,538.0,44.5,2814.0,60.0,0.0,0.0,0.0,0.0,0.0,0.0,0.0,0.0,0.0,0.0,0.0,0.0,0.0,0.0,0.0,0.0,0.0,0.0,0.0,0.0,0.0,0.0,0.0,0.0,0.0,0.0,0.0,0.0,0.0,0.0,0.0,0.0,0.0,0.0,0.0,0.0,21.2787,81.8661,2023-05-25,North
659,Madhya Pradesh,1305.0,97.5,71.0,95.9,1376.0,97.5,118.0,9.0,4.0,5.6,122.0,8.9,106.0,89.8,3.0,75.0,109.0,89.3,0.0,0.0,0.0,0.0,0.0,0.0,0.0,0.0,0.0,0.0,0.0,0.0,0.0,0.0,0.0,0.0,0.0,0.0,0.0,0.0,0.0,0.0,0.0,0.0,0.0,0.0,0.0,0.0,0.0,0.0,0.0,0.0,0.0,0.0,0.0,0.0,28.7041,77.1025,2023-02-28,Central
660,Telangana,76635.0,97.9,16054.0,90.8,92689.0,96.6,20196.0,26.4,3655.0,22.8,23851.0,25.7,19144.0,94.8,3179.0,87.0,22323.0,93.6,0.0,0.0,0.0,0.0,0.0,0.0,0.0,0.0,0.0,0.0,0.0,0.0,0.0,0.0,0.0,0.0,0.0,0.0,0.0,0.0,0.0,0.0,0.0,0.0,0.0,0.0,0.0,0.0,0.0,0.0,0.0,0.0,0.0,0.0,0.0,0.0,15.2993,74.124,2023-07-10,South
661,Manipur,51411.0,94.3,17215.0,92.2,68626.0,93.7,3250.0,6.3,892.0,5.2,4142.0,6.0,2691.0,82.8,738.0,82.7,3429.0,82.8,0.0,0.0,0.0,0.0,0.0,0.0,0.0,0.0,0.0,0.0,0.0,0.0,0.0,0.0,0.0,0.0,0.0,0.0,0.0,0.0,0.0,0.0,0.0,0.0,0.0,0.0,0.0,0.0,0.0,0.0,0.0,0.0,0.0,0.0,0.0,0.0,22.2587,71.1924,2023-12-20,North East
662,Karnataka,3078.0,94.6,34.0,85.0,3112.0,94.4,473.0,15.4,6.0,17.6,479.0,15.4,182.0,38.5,0.0,0.0,182.0,38.0,0.0,0.0,0.0,0.0,0.0,0.0,0.0,0.0,0.0,0.0,0.0,0.0,0.0,0.0,0.0,0.0,0.0,0.0,0.0,0.0,0.0,0.0,0.0,0.0,0.0,0.0,0.0,0.0,0.0,0.0,0.0,0.0,0.0,0.0,0.0,0.0,29.0588,76.0856,2023-05-02,South
663,Himachal Pradesh,390088.0,93.0,100893.0,86.5,490981.0,91.6,21480.0,5.5,1968.0,2.0,23448.0,4.8,8161.0,38.0,670.0,34.0,8831.0,37.7,0.0,0.0,0.0,0.0,0.0,0.0,0.0,0.0,0.0,0.0,0.0,0.0,0.0,0.0,0.0,0.0,0.0,0.0,0.0,0.0,0.0,0.0,0.0,0.0,0.0,0.0,0.0,0.0,0.0,0.0,0.0,0.0,0.0,0.0,0.0,0.0,31.1048,77.1734,2023-11-05,North
664,Andhra Pradesh,21948.0,96.6,4339.0,93.3,26287.0,96.1,1741.0,7.9,231.0,5.3,1972.0,7.5,670.0,38.5,121.0,52.4,791.0,40.1,0.0,0.0,0.0,0.0,0.0,0.0,0.0,0.0,0.0,0.0,0.0,0.0,0.0,0.0,0.0,0.0,0.0,0.0,0.0,0.0,0.0,0.0,0.0,0.0,0.0,0.0,0.0,0.0,0.0,0.0,0.0,0.0,0.0,0.0,0.0,0.0,33.7782,76.5762,2023-07-10,South
665,Uttarakhand,87854.0,93.6,6472.0,80.9,94326.0,92.6,12541.0,14.3,910.0,14.1,13451.0,14.3,9590.0,76.5,710.0,78.0,10300.0,76.6,0.0,0.0,0.0,0.0,0.0,0.0,0.0,0.0,0.0,0.0,0.0,0.0,0.0,0.0,0.0,0.0,0.0,0.0,0.0,0.0,0.0,0.0,0.0,0.0,0.0,0.0,0.0,0.0,0.0,0.0,0.0,0.0,0.0,0.0,0.0,0.0,23.6102,85.2799,2023-10-13,North
666,Goa,1707030.0,92.1,508900.0,89.6,2215930.0,91.5,143167.0,8.4,30564.0,6.0,173731.0,7.8,93897.0,65.6,16161.0,52.9,110058.0,63.3,0.0,0.0,0.0,0.0,0.0,0.0,0.0,0.0,0.0,0.0,0.0,0.0,0.0,0.0,0.0,0.0,0.0,0.0,0.0,0.0,0.0,0.0,0.0,0.0,0.0,0.0,0.0,0.0,0.0,0.0,0.0,0.0,0.0,0.0,0.0,0.0,15.3173,75.7139,2023-07-24,West
667,Madhya Pradesh,0.0,0.0,0.0,0.0,0.0,0.0,0.0,0.0,0.0,0.0,0.0,0.0,0.0,0.0,0.0,0.0,0.0,0.0,495.0,91.0,3.0,75.0,498.0,90.9,89.0,18.0,0.0,0.0,89.0,17.9,30.0,33.7,0.0,0.0,30.0,33.7,0.0,0.0,0.0,0.0,0.0,0.0,0.0,0.0,0.0,0.0,0.0,0.0,0.0,0.0,0.0,0.0,0.0,0.0,10.8505,76.2711,2023-07-31,Central
668,Manipur,0.0,0.0,0.0,0.0,0.0,0.0,0.0,0.0,0.0,0.0,0.0,0.0,0.0,0.0,0.0,0.0,0.0,0.0,63627.0,96.2,26477.0,98.1,90104.0,96.8,9786.0,15.4,1409.0,5.3,11195.0,12.4,2456.0,25.1,326.0,23.1,2782.0,24.9,0.0,0.0,0.0,0.0,0.0,0.0,0.0,0.0,0.0,0.0,0.0,0.0,0.0,0.0,0.0,0.0,0.0,0.0,34.1526,77.577,2023-05-04,North East
669,Tripura,0.0,0.0,0.0,0.0,0.0,0.0,0.0,0.0,0.0,0.0,0.0,0.0,0.0,0.0,0.0,0.0,0.0,0.0,2256.0,75.0,3.0,50.0,2259.0,74.9,303.0,13.4,0.0,0.0,303.0,13.4,171.0,56.4,0.0,0.0,171.0,56.4,0.0,0.0,0.0,0.0,0.0,0.0,0.0,0.0,0.0,0.0,0.0,0.0,0.0,0.0,0.0,0.0,0.0,0.0,10.328,72.7846,2023-08-29,North East
670,Jharkhand,0.0,0.0,0.0,0.0,0.0,0.0,0.0,0.0,0.0,0.0,0.0,0.0,0.0,0.0,0.0,0.0,0.0,0.0,30134.0,71.7,4074.0,68.8,34208.0,71.4,7929.0,26.3,325.0,8.0,8254.0,24.1,1497.0,18.9,93.0,28.6,1590.0,19.3,0.0,0.0,0.0,0.0,0.0,0.0,0.0,0.0,0.0,0.0,0.0,0.0,0.0,0.0,0.0,0.0,0.0,0.0,22.9734,78.6569,2023-05-03,East
671,Uttar Pradesh,0.0,0.0,0.0,0.0,0.0,0.0,0.0,0.0,0.0,0.0,0.0,0.0,0.0,0.0,0.0,0.0,0.0,0.0,44248.0,54.4,36165.0,42.8,80413.0,48.5,4139.0,9.4,1152.0,3.2,5291.0,6.6,917.0,22.2,41.0,3.6,958.0,18.1,0.0,0.0,0.0,0.0,0.0,0.0,0.0,0.0,0.0,0.0,0.0,0.0,0.0,0.0,0.0,0.0,0.0,0.0,19.7515,75.7139,2023-06-16,North
672,Haryana,0.0,0.0,0.0,0.0,0.0,0.0,0.0,0.0,0.0,0.0,0.0,0.0,0.0,0.0,0.0,0.0,0.0,0.0,3508.0,94.3,47.0,73.4,3555.0,94.0,305.0,8.7,2.0,4.3,307.0,8.6,60.0,19.7,0.0,0.0,60.0,19.5,0.0,0.0,0.0,0.0,0.0,0.0,0.0,0.0,0.0,0.0,0.0,0.0,0.0,0.0,0.0,0.0,0.0,0.0,24.6637,93.9063,2023-01-11,North
673,Assam,0.0,0.0,0.0,0.0,0.0,0.0,0.0,0.0,0.0,0.0,0.0,0.0,0.0,0.0,0.0,0.0,0.0,0.0,25332.0,86.0,5815.0,62.7,31147.0,80.4,7986.0,31.5,336.0,5.8,8322.0,26.7,3595.0,45.0,140.0,41.7,3735.0,44.9,0.0,0.0,0.0,0.0,0.0,0.0,0.0,0.0,0.0,0.0,0.0,0.0,0.0,0.0,0.0,0.0,0.0,0.0,25.467,91.3662,2023-09-26,North East
674,Arunachal Pradesh,0.0,0.0,0.0,0.0,0.0,0.0,0.0,0.0,0.0,0.0,0.0,0.0,0.0,0.0,0.0,0.0,0.0,0.0,548.0,64.9,57.0,75.0,605.0,65.7,67.0,12.2,2.0,3.5,69.0,11.4,38.0,56.7,2.0,100.0,40.0,58.0,0.0,0.0,0.0,0.0,0.0,0.0,0.0,0.0,0.0,0.0,0.0,0.0,0.0,0.0,0.0,0.0,0.0,0.0,23.1645,92.9376,2023-11-16,North East
675,Madhya Pradesh,0.0,0.0,0.0,0.0,0.0,0.0,0.0,0.0,0.0,0.0,0.0,0.0,0.0,0.0,0.0,0.0,0.0,0.0,51623.0,66.2,1686.0,16.5,53309.0,60.4,3440.0,6.7,16.0,0.9,3456.0,6.5,777.0,22.6,5.0,31.3,782.0,22.6,0.0,0.0,0.0,0.0,0.0,0.0,0.0,0.0,0.0,0.0,0.0,0.0,0.0,0.0,0.0,0.0,0.0,0.0,26.1584,94.5624,2023-02-15,Central
676,West Bengal,0.0,0.0,0.0,0.0,0.0,0.0,0.0,0.0,0.0,0.0,0.0,0.0,0.0,0.0,0.0,0.0,0.0,0.0,1553.0,92.6,27.0,6.8,1580.0,76.2,105.0,6.8,1.0,3.7,106.0,6.7,8.0,7.6,1.0,100.0,9.0,8.5,0.0,0.0,0.0,0.0,0.0,0.0,0.0,0.0,0.0,0.0,0.0,0.0,0.0,0.0,0.0,0.0,0.0,0.0,20.9517,85.0985,2023-11-04,East
677,Andhra Pradesh,0.0,0.0,0.0,0.0,0.0,0.0,0.0,0.0,0.0,0.0,0.0,0.0,0.0,0.0,0.0,0.0,0.0,0.0,104192.0,95.9,35780.0,90.6,139972.0,94.5,16920.0,16.2,2365.0,6.6,19285.0,13.8,7145.0,42.2,895.0,37.8,8040.0,41.7,0.0,0.0,0.0,0.0,0.0,0.0,0.0,0.0,0.0,0.0,0.0,0.0,0.0,0.0,0.0,0.0,0.0,0.0,11.9416,79.8083,2023-04-29,South
678,Meghalaya,0.0,0.0,0.0,0.0,0.0,0.0,0.0,0.0,0.0,0.0,0.0,0.0,0.0,0.0,0.0,0.0,0.0,0.0,54848.0,89.5,14373.0,82.6,69221.0,88.0,2572.0,4.7,486.0,3.4,3058.0,4.4,1044.0,40.6,161.0,33.1,1205.0,39.4,0.0,0.0,0.0,0.0,0.0,0.0,0.0,0.0,0.0,0.0,0.0,0.0,0.0,0.0,0.0,0.0,0.0,0.0,31.1471,75.3412,2023-08-24,North East
679,Karnataka,0.0,0.0,0.0,0.0,0.0,0.0,0.0,0.0,0.0,0.0,0.0,0.0,0.0,0.0,0.0,0.0,0.0,0.0,15625.0,97.5,437.0,93.4,16062.0,97.4,1855.0,11.9,22.0,5.0,1877.0,11.7,1674.0,90.2,18.0,81.8,1692.0,90.1,0.0,0.0,0.0,0.0,0.0,0.0,0.0,0.0,0.0,0.0,0.0,0.0,0.0,0.0,0.0,0.0,0.0,0.0,27.0238,74.2179,2023-01-12,South
680,Karnataka,0.0,0.0,0.0,0.0,0.0,0.0,0.0,0.0,0.0,0.0,0.0,0.0,0.0,0.0,0.0,0.0,0.0,0.0,10254.0,90.1,513.0,88.1,10767.0,90.0,769.0,7.5,24.0,4.7,793.0,7.4,438.0,57.0,15.0,62.5,453.0,57.1,0.0,0.0,0.0,0.0,0.0,0.0,0.0,0.0,0.0,0.0,0.0,0.0,0.0,0.0,0.0,0.0,0.0,0.0,27.532,88.5122,2023-05-19,South
681,Kerala,0.0,0.0,0.0,0.0,0.0,0.0,0.0,0.0,0.0,0.0,0.0,0.0,0.0,0.0,0.0,0.0,0.0,0.0,36887.0,78.6,4611.0,40.1,41498.0,71.0,4280.0,11.6,91.0,2.0,4371.0,10.5,1349.0,31.5,33.0,36.3,1382.0,31.6,0.0,0.0,0.0,0.0,0.0,0.0,0.0,0.0,0.0,0.0,0.0,0.0,0.0,0.0,0.0,0.0,0.0,0.0,11.1271,78.6569,2023-06-02,South
682,Telangana,0.0,0.0,0.0,0.0,0.0,0.0,0.0,0.0,0.0,0.0,0.0,0.0,0.0,0.0,0.0,0.0,0.0,0.0,59878.0,88.9,9824.0,83.5,69702.0,88.1,11159.0,18.6,566.0,5.8,11725.0,16.8,3326.0,29.8,168.0,29.7,3494.0,29.8,0.0,0.0,0.0,0.0,0.0,0.0,0.0,0.0,0.0,0.0,0.0,0.0,0.0,0.0,0.0,0.0,0.0,0.0,18.1124,79.0193,2023-09-19,South
683,Rajasthan,0.0,0.0,0.0,0.0,0.0,0.0,0.0,0.0,0.0,0.0,0.0,0.0,0.0,0.0,0.0,0.0,0.0,0.0,17712.0,85.9,2070.0,71.4,19782.0,84.1,2614.0,14.8,110.0,5.3,2724.0,13.8,1567.0,59.9,64.0,58.2,1631.0,59.9,0.0,0.0,0.0,0.0,0.0,0.0,0.0,0.0,0.0,0.0,0.0,0.0,0.0,0.0,0.0,0.0,0.0,0.0,23.9408,91.9882,2023-06-30,North
684,Jharkhand,0.0,0.0,0.0,0.0,0.0,0.0,0.0,0.0,0.0,0.0,0.0,0.0,0.0,0.0,0.0,0.0,0.0,0.0,297.0,88.9,9.0,81.8,306.0,88.7,7.0,2.4,1.0,11.1,8.0,2.6,4.0,57.1,1.0,100.0,5.0,62.5,0.0,0.0,0.0,0.0,0.0,0.0,0.0,0.0,0.0,0.0,0.0,0.0,0.0,0.0,0.0,0.0,0.0,0.0,26.8467,80.9462,2023-03-17,East
685,Uttar Pradesh,0.0,0.0,0.0,0.0,0.0,0.0,0.0,0.0,0.0,0.0,0.0,0.0,0.0,0.0,0.0,0.0,0.0,0.0,22.0,100.0,0.0,0.0,22.0,100.0,1.0,4.5,0.0,0.0,1.0,4.5,1.0,100.0,0.0,0.0,1.0,100.0,0.0,0.0,0.0,0.0,0.0,0.0,0.0,0.0,0.0,0.0,0.0,0.0,0.0,0.0,0.0,0.0,0.0,0.0,30.0668,79.0193,2023-10-25,North
686,Rajasthan,0.0,0.0,0.0,0.0,0.0,0.0,0.0,0.0,0.0,0.0,0.0,0.0,0.0,0.0,0.0,0.0,0.0,0.0,81505.0,58.3,20132.0,40.9,101637.0,53.8,13625.0,16.7,974.0,4.8,14599.0,14.4,2697.0,19.8,92.0,9.4,2789.0,19.1,0.0,0.0,0.0,0.0,0.0,0.0,0.0,0.0,0.0,0.0,0.0,0.0,0.0,0.0,0.0,0.0,0.0,0.0,22.9868,87.855,2023-05-08,North
687,Bihar,0.0,0.0,0.0,0.0,0.0,0.0,0.0,0.0,0.0,0.0,0.0,0.0,0.0,0.0,0.0,0.0,0.0,0.0,128562.0,84.4,53968.0,69.8,182530.0,79.5,11941.0,9.3,1409.0,2.6,13350.0,7.3,4069.0,34.1,404.0,28.7,4473.0,33.5,0.0,0.0,0.0,0.0,0.0,0.0,0.0,0.0,0.0,0.0,0.0,0.0,0.0,0.0,0.0,0.0,0.0,0.0,20.5937,78.9629,2023-12-30,East
688,Gujarat,0.0,0.0,0.0,0.0,0.0,0.0,0.0,0.0,0.0,0.0,0.0,0.0,0.0,0.0,0.0,0.0,0.0,0.0,1709.0,72.1,135.0,52.5,1844.0,70.2,330.0,19.3,12.0,8.9,342.0,18.5,82.0,24.8,1.0,8.3,83.0,24.3,0.0,0.0,0.0,0.0,0.0,0.0,0.0,0.0,0.0,0.0,0.0,0.0,0.0,0.0,0.0,0.0,0.0,0.0,11.667,92.735,2023-11-13,West
689,Arunachal Pradesh,0.0,0.0,0.0,0.0,0.0,0.0,0.0,0.0,0.0,0.0,0.0,0.0,0.0,0.0,0.0,0.0,0.0,0.0,3586.0,77.3,182.0,56.5,3768.0,75.9,1384.0,38.6,60.0,33.0,1444.0,38.3,254.0,18.4,3.0,5.0,257.0,17.8,0.0,0.0,0.0,0.0,0.0,0.0,0.0,0.0,0.0,0.0,0.0,0.0,0.0,0.0,0.0,0.0,0.0,0.0,15.9129,79.74,2023-11-09,North East
690,Himachal Pradesh,0.0,0.0,0.0,0.0,0.0,0.0,0.0,0.0,0.0,0.0,0.0,0.0,0.0,0.0,0.0,0.0,0.0,0.0,2042.0,97.9,19.0,95.0,2061.0,97.9,616.0,30.2,5.0,26.3,621.0,30.1,548.0,89.0,5.0,100.0,553.0,89.0,0.0,0.0,0.0,0.0,0.0,0.0,0.0,0.0,0.0,0.0,0.0,0.0,0.0,0.0,0.0,0.0,0.0,0.0,28.218,94.7278,2023-08-24,North
691,Andhra Pradesh,0.0,0.0,0.0,0.0,0.0,0.0,0.0,0.0,0.0,0.0,0.0,0.0,0.0,0.0,0.0,0.0,0.0,0.0,3141.0,82.5,357.0,95.7,3498.0,83.7,591.0,18.8,70.0,19.6,661.0,18.9,381.0,64.5,24.0,34.3,405.0,61.3,0.0,0.0,0.0,0.0,0.0,0.0,0.0,0.0,0.0,0.0,0.0,0.0,0.0,0.0,0.0,0.0,0.0,0.0,26.2006,92.9376,2023-02-21,South
692,Haryana,0.0,0.0,0.0,0.0,0.0,0.0,0.0,0.0,0.0,0.0,0.0,0.0,0.0,0.0,0.0,0.0,0.0,0.0,52549.0,94.6,4025.0,91.6,56574.0,94.4,9966.0,19.0,262.0,6.5,10228.0,18.1,4454.0,44.7,114.0,43.5,4568.0,44.7,0.0,0.0,0.0,0.0,0.0,0.0,0.0,0.0,0.0,0.0,0.0,0.0,0.0,0.0,0.0,0.0,0.0,0.0,25.0961,85.3131,2023-12-26,North
693,Karnataka,0.0,0.0,0.0,0.0,0.0,0.0,0.0,0.0,0.0,0.0,0.0,0.0,0.0,0.0,0.0,0.0,0.0,0.0,1480.0,97.0,2.0,100.0,1482.0,97.1,224.0,15.1,1.0,50.0,225.0,15.2,220.0,98.2,1.0,100.0,221.0,98.2,0.0,0.0,0.0,0.0,0.0,0.0,0.0,0.0,0.0,0.0,0.0,0.0,0.0,0.0,0.0,0.0,0.0,0.0,30.7333,76.7794,2023-09-11,South
694,Manipur,0.0,0.0,0.0,0.0,0.0,0.0,0.0,0.0,0.0,0.0,0.0,0.0,0.0,0.0,0.0,0.0,0.0,0.0,40507.0,84.9,7662.0,78.1,48169.0,83.7,1693.0,4.2,85.0,1.1,1778.0,3.7,278.0,16.4,4.0,4.7,282.0,15.9,0.0,0.0,0.0,0.0,0.0,0.0,0.0,0.0,0.0,0.0,0.0,0.0,0.0,0.0,0.0,0.0,0.0,0.0,21.2787,81.8661,2023-02-07,North East
695,Uttarakhand,0.0,0.0,0.0,0.0,0.0,0.0,0.0,0.0,0.0,0.0,0.0,0.0,0.0,0.0,0.0,0.0,0.0,0.0,106155.0,80.6,28475.0,73.7,134630.0,79.1,9100.0,8.6,1541.0,5.4,10641.0,7.9,3141.0,34.5,572.0,37.1,3713.0,34.9,0.0,0.0,0.0,0.0,0.0,0.0,0.0,0.0,0.0,0.0,0.0,0.0,0.0,0.0,0.0,0.0,0.0,0.0,28.7041,77.1025,2023-03-17,North
696,Madhya Pradesh,0.0,0.0,0.0,0.0,0.0,0.0,0.0,0.0,0.0,0.0,0.0,0.0,0.0,0.0,0.0,0.0,0.0,0.0,947.0,70.8,49.0,66.2,996.0,70.5,77.0,8.1,2.0,4.1,79.0,7.9,5.0,6.5,1.0,50.0,6.0,7.6,0.0,0.0,0.0,0.0,0.0,0.0,0.0,0.0,0.0,0.0,0.0,0.0,0.0,0.0,0.0,0.0,0.0,0.0,15.2993,74.124,2023-10-04,Central
697,Bihar,0.0,0.0,0.0,0.0,0.0,0.0,0.0,0.0,0.0,0.0,0.0,0.0,0.0,0.0,0.0,0.0,0.0,0.0,71409.0,91.2,12182.0,68.9,83591.0,87.1,13718.0,19.2,958.0,7.9,14676.0,17.6,3231.0,23.6,165.0,17.2,3396.0,23.1,0.0,0.0,0.0,0.0,0.0,0.0,0.0,0.0,0.0,0.0,0.0,0.0,0.0,0.0,0.0,0.0,0.0,0.0,22.2587,71.1924,2023-12-12,East
698,Assam,0.0,0.0,0.0,0.0,0.0,0.0,0.0,0.0,0.0,0.0,0.0,0.0,0.0,0.0,0.0,0.0,0.0,0.0,51000.0,93.5,16920.0,90.6,67920.0,92.8,6533.0,12.8,754.0,4.5,7287.0,10.7,3455.0,52.9,428.0,56.8,3883.0,53.3,0.0,0.0,0.0,0.0,0.0,0.0,0.0,0.0,0.0,0.0,0.0,0.0,0.0,0.0,0.0,0.0,0.0,0.0,29.0588,76.0856,2023-07-06,North East
699,Uttar Pradesh,0.0,0.0,0.0,0.0,0.0,0.0,0.0,0.0,0.0,0.0,0.0,0.0,0.0,0.0,0.0,0.0,0.0,0.0,2215.0,68.0,31.0,77.5,2246.0,68.2,478.0,21.6,0.0,0.0,478.0,21.3,44.0,9.2,0.0,0.0,44.0,9.2,0.0,0.0,0.0,0.0,0.0,0.0,0.0,0.0,0.0,0.0,0.0,0.0,0.0,0.0,0.0,0.0,0.0,0.0,31.1048,77.1734,2023-02-25,North
700,Odisha,0.0,0.0,0.0,0.0,0.0,0.0,0.0,0.0,0.0,0.0,0.0,0.0,0.0,0.0,0.0,0.0,0.0,0.0,301001.0,71.8,57695.0,49.4,358696.0,66.9,29311.0,9.7,1686.0,2.9,30997.0,8.6,6824.0,23.3,236.0,14.0,7060.0,22.8,0.0,0.0,0.0,0.0,0.0,0.0,0.0,0.0,0.0,0.0,0.0,0.0,0.0,0.0,0.0,0.0,0.0,0.0,33.7782,76.5762,2023-10-26,East
701,Haryana,0.0,0.0,0.0,0.0,0.0,0.0,0.0,0.0,0.0,0.0,0.0,0.0,0.0,0.0,0.0,0.0,0.0,0.0,21611.0,95.1,4206.0,90.5,25817.0,94.4,2492.0,11.5,185.0,4.4,2677.0,10.4,800.0,32.1,38.0,20.5,838.0,31.3,0.0,0.0,0.0,0.0,0.0,0.0,0.0,0.0,0.0,0.0,0.0,0.0,0.0,0.0,0.0,0.0,0.0,0.0,23.6102,85.2799,2023-06-03,North
702,Gujarat,0.0,0.0,0.0,0.0,0.0,0.0,0.0,0.0,0.0,0.0,0.0,0.0,0.0,0.0,0.0,0.0,0.0,0.0,80975.0,86.3,6168.0,77.1,87143.0,85.6,18126.0,22.4,1100.0,17.8,19226.0,22.1,6173.0,34.1,353.0,32.1,6526.0,33.9,0.0,0.0,0.0,0.0,0.0,0.0,0.0,0.0,0.0,0.0,0.0,0.0,0.0,0.0,0.0,0.0,0.0,0.0,15.3173,75.7139,2023-02-05,West
703,Assam,0.0,0.0,0.0,0.0,0.0,0.0,0.0,0.0,0.0,0.0,0.0,0.0,0.0,0.0,0.0,0.0,0.0,0.0,1473433.0,79.5,354179.0,62.4,1827612.0,75.5,194531.0,13.2,16012.0,4.5,210543.0,11.5,62753.0,32.3,4404.0,27.5,67157.0,31.9,0.0,0.0,0.0,0.0,0.0,0.0,0.0,0.0,0.0,0.0,0.0,0.0,0.0,0.0,0.0,0.0,0.0,0.0,10.8505,76.2711,2023-05-18,North East
704,Uttarakhand,0.0,0.0,0.0,0.0,0.0,0.0,0.0,0.0,0.0,0.0,0.0,0.0,0.0,0.0,0.0,0.0,0.0,0.0,0.0,0.0,0.0,0.0,0.0,0.0,0.0,0.0,0.0,0.0,0.0,0.0,0.0,0.0,0.0,0.0,0.0,0.0,490.0,90.1,3.0,75.0,493.0,90.0,90.0,18.4,0.0,0.0,90.0,18.3,26.0,28.9,0.0,0.0,26.0,28.9,34.1526,77.577,2023-03-13,North
705,Andhra Pradesh,0.0,0.0,0.0,0.0,0.0,0.0,0.0,0.0,0.0,0.0,0.0,0.0,0.0,0.0,0.0,0.0,0.0,0.0,0.0,0.0,0.0,0.0,0.0,0.0,0.0,0.0,0.0,0.0,0.0,0.0,0.0,0.0,0.0,0.0,0.0,0.0,63257.0,95.7,26303.0,97.5,89560.0,96.2,8187.0,12.9,1208.0,4.6,9395.0,10.5,1901.0,23.2,265.0,21.9,2166.0,23.1,10.328,72.7846,2023-01-20,South
706,Goa,0.0,0.0,0.0,0.0,0.0,0.0,0.0,0.0,0.0,0.0,0.0,0.0,0.0,0.0,0.0,0.0,0.0,0.0,0.0,0.0,0.0,0.0,0.0,0.0,0.0,0.0,0.0,0.0,0.0,0.0,0.0,0.0,0.0,0.0,0.0,0.0,2240.0,74.4,3.0,50.0,2243.0,74.4,245.0,10.9,0.0,0.0,245.0,10.9,140.0,57.1,0.0,0.0,140.0,57.1,22.9734,78.6569,2023-02-04,West
707,Haryana,0.0,0.0,0.0,0.0,0.0,0.0,0.0,0.0,0.0,0.0,0.0,0.0,0.0,0.0,0.0,0.0,0.0,0.0,0.0,0.0,0.0,0.0,0.0,0.0,0.0,0.0,0.0,0.0,0.0,0.0,0.0,0.0,0.0,0.0,0.0,0.0,29582.0,70.4,4366.0,73.7,33948.0,70.8,5161.0,17.4,179.0,4.1,5340.0,15.7,1244.0,24.1,71.0,39.7,1315.0,24.6,19.7515,75.7139,2023-07-03,North
708,Telangana,0.0,0.0,0.0,0.0,0.0,0.0,0.0,0.0,0.0,0.0,0.0,0.0,0.0,0.0,0.0,0.0,0.0,0.0,0.0,0.0,0.0,0.0,0.0,0.0,0.0,0.0,0.0,0.0,0.0,0.0,0.0,0.0,0.0,0.0,0.0,0.0,44246.0,54.4,35745.0,42.3,79991.0,48.2,781.0,1.8,254.0,0.7,1035.0,1.3,254.0,32.5,9.0,3.5,263.0,25.4,24.6637,93.9063,2023-12-12,South
709,Tripura,0.0,0.0,0.0,0.0,0.0,0.0,0.0,0.0,0.0,0.0,0.0,0.0,0.0,0.0,0.0,0.0,0.0,0.0,0.0,0.0,0.0,0.0,0.0,0.0,0.0,0.0,0.0,0.0,0.0,0.0,0.0,0.0,0.0,0.0,0.0,0.0,3487.0,93.8,47.0,73.4,3534.0,93.4,209.0,6.0,1.0,2.1,210.0,5.9,39.0,18.7,1.0,100.0,40.0,19.0,25.467,91.3662,2023-11-09,North East
710,Kerala,0.0,0.0,0.0,0.0,0.0,0.0,0.0,0.0,0.0,0.0,0.0,0.0,0.0,0.0,0.0,0.0,0.0,0.0,0.0,0.0,0.0,0.0,0.0,0.0,0.0,0.0,0.0,0.0,0.0,0.0,0.0,0.0,0.0,0.0,0.0,0.0,24653.0,83.7,5734.0,61.8,30387.0,78.5,5395.0,21.9,247.0,4.3,5642.0,18.6,2606.0,48.3,114.0,46.2,2720.0,48.2,23.1645,92.9376,2023-04-07,South
711,Meghalaya,0.0,0.0,0.0,0.0,0.0,0.0,0.0,0.0,0.0,0.0,0.0,0.0,0.0,0.0,0.0,0.0,0.0,0.0,0.0,0.0,0.0,0.0,0.0,0.0,0.0,0.0,0.0,0.0,0.0,0.0,0.0,0.0,0.0,0.0,0.0,0.0,562.0,66.5,58.0,76.3,620.0,67.3,59.0,10.5,3.0,5.2,62.0,10.0,31.0,52.5,1.0,33.3,32.0,51.6,26.1584,94.5624,2023-04-28,North East
712,Madhya Pradesh,0.0,0.0,0.0,0.0,0.0,0.0,0.0,0.0,0.0,0.0,0.0,0.0,0.0,0.0,0.0,0.0,0.0,0.0,0.0,0.0,0.0,0.0,0.0,0.0,0.0,0.0,0.0,0.0,0.0,0.0,0.0,0.0,0.0,0.0,0.0,0.0,50682.0,65.0,1660.0,16.2,52342.0,59.3,3074.0,6.1,18.0,1.1,3092.0,5.9,619.0,20.1,4.0,22.2,623.0,20.1,20.9517,85.0985,2023-07-07,Central
713,Manipur,0.0,0.0,0.0,0.0,0.0,0.0,0.0,0.0,0.0,0.0,0.0,0.0,0.0,0.0,0.0,0.0,0.0,0.0,0.0,0.0,0.0,0.0,0.0,0.0,0.0,0.0,0.0,0.0,0.0,0.0,0.0,0.0,0.0,0.0,0.0,0.0,1563.0,93.2,28.0,7.1,1591.0,76.7,120.0,7.7,2.0,7.1,122.0,7.7,16.0,13.3,0.0,0.0,16.0,13.1,11.9416,79.8083,2023-03-18,North East
714,Odisha,0.0,0.0,0.0,0.0,0.0,0.0,0.0,0.0,0.0,0.0,0.0,0.0,0.0,0.0,0.0,0.0,0.0,0.0,0.0,0.0,0.0,0.0,0.0,0.0,0.0,0.0,0.0,0.0,0.0,0.0,0.0,0.0,0.0,0.0,0.0,0.0,103459.0,95.2,35556.0,90.1,139015.0,93.8,5707.0,5.5,493.0,1.4,6200.0,4.5,2455.0,43.0,252.0,51.1,2707.0,43.7,31.1471,75.3412,2023-05-24,East
715,Rajasthan,0.0,0.0,0.0,0.0,0.0,0.0,0.0,0.0,0.0,0.0,0.0,0.0,0.0,0.0,0.0,0.0,0.0,0.0,0.0,0.0,0.0,0.0,0.0,0.0,0.0,0.0,0.0,0.0,0.0,0.0,0.0,0.0,0.0,0.0,0.0,0.0,54295.0,88.6,14079.0,80.9,68374.0,86.9,1790.0,3.3,238.0,1.7,2028.0,3.0,729.0,40.7,99.0,41.6,828.0,40.8,27.0238,74.2179,2023-10-14,North
716,Bihar,0.0,0.0,0.0,0.0,0.0,0.0,0.0,0.0,0.0,0.0,0.0,0.0,0.0,0.0,0.0,0.0,0.0,0.0,0.0,0.0,0.0,0.0,0.0,0.0,0.0,0.0,0.0,0.0,0.0,0.0,0.0,0.0,0.0,0.0,0.0,0.0,15509.0,96.7,429.0,91.7,15938.0,96.6,1379.0,8.9,17.0,4.0,1396.0,8.8,1176.0,85.3,10.0,58.8,1186.0,85.0,27.532,88.5122,2023-11-06,East
717,Gujarat,0.0,0.0,0.0,0.0,0.0,0.0,0.0,0.0,0.0,0.0,0.0,0.0,0.0,0.0,0.0,0.0,0.0,0.0,0.0,0.0,0.0,0.0,0.0,0.0,0.0,0.0,0.0,0.0,0.0,0.0,0.0,0.0,0.0,0.0,0.0,0.0,10172.0,89.4,514.0,88.3,10686.0,89.3,430.0,4.2,5.0,1.0,435.0,4.1,222.0,51.6,4.0,80.0,226.0,52.0,11.1271,78.6569,2023-07-14,West
718,Gujarat,0.0,0.0,0.0,0.0,0.0,0.0,0.0,0.0,0.0,0.0,0.0,0.0,0.0,0.0,0.0,0.0,0.0,0.0,0.0,0.0,0.0,0.0,0.0,0.0,0.0,0.0,0.0,0.0,0.0,0.0,0.0,0.0,0.0,0.0,0.0,0.0,35773.0,76.2,4537.0,39.4,40310.0,68.9,3335.0,9.3,48.0,1.1,3383.0,8.4,885.0,26.5,16.0,33.3,901.0,26.6,18.1124,79.0193,2023-01-06,West
719,Tamil Nadu,0.0,0.0,0.0,0.0,0.0,0.0,0.0,0.0,0.0,0.0,0.0,0.0,0.0,0.0,0.0,0.0,0.0,0.0,0.0,0.0,0.0,0.0,0.0,0.0,0.0,0.0,0.0,0.0,0.0,0.0,0.0,0.0,0.0,0.0,0.0,0.0,59273.0,88.0,9629.0,81.8,68902.0,87.1,8964.0,15.1,409.0,4.2,9373.0,13.6,2538.0,28.3,110.0,26.9,2648.0,28.3,23.9408,91.9882,2023-12-10,South
720,Odisha,0.0,0.0,0.0,0.0,0.0,0.0,0.0,0.0,0.0,0.0,0.0,0.0,0.0,0.0,0.0,0.0,0.0,0.0,0.0,0.0,0.0,0.0,0.0,0.0,0.0,0.0,0.0,0.0,0.0,0.0,0.0,0.0,0.0,0.0,0.0,0.0,17510.0,84.9,2003.0,69.1,19513.0,83.0,2660.0,15.2,101.0,5.0,2761.0,14.1,1270.0,47.7,38.0,37.6,1308.0,47.4,26.8467,80.9462,2023-09-13,East
721,Karnataka,0.0,0.0,0.0,0.0,0.0,0.0,0.0,0.0,0.0,0.0,0.0,0.0,0.0,0.0,0.0,0.0,0.0,0.0,0.0,0.0,0.0,0.0,0.0,0.0,0.0,0.0,0.0,0.0,0.0,0.0,0.0,0.0,0.0,0.0,0.0,0.0,292.0,87.4,8.0,72.7,300.0,87.0,17.0,5.8,1.0,12.5,18.0,6.0,3.0,17.6,1.0,100.0,4.0,22.2,30.0668,79.0193,2023-09-26,South
722,Nagaland,0.0,0.0,0.0,0.0,0.0,0.0,0.0,0.0,0.0,0.0,0.0,0.0,0.0,0.0,0.0,0.0,0.0,0.0,0.0,0.0,0.0,0.0,0.0,0.0,0.0,0.0,0.0,0.0,0.0,0.0,0.0,0.0,0.0,0.0,0.0,0.0,22.0,100.0,0.0,0.0,22.0,100.0,0.0,0.0,0.0,0.0,0.0,0.0,0.0,0.0,0.0,0.0,0.0,0.0,22.9868,87.855,2023-01-31,North East
723,Uttar Pradesh,0.0,0.0,0.0,0.0,0.0,0.0,0.0,0.0,0.0,0.0,0.0,0.0,0.0,0.0,0.0,0.0,0.0,0.0,0.0,0.0,0.0,0.0,0.0,0.0,0.0,0.0,0.0,0.0,0.0,0.0,0.0,0.0,0.0,0.0,0.0,0.0,79128.0,56.6,19701.0,40.0,98829.0,52.3,5170.0,6.5,275.0,1.4,5445.0,5.5,1110.0,21.5,53.0,19.3,1163.0,21.4,20.5937,78.9629,2023-12-05,North
724,West Bengal,0.0,0.0,0.0,0.0,0.0,0.0,0.0,0.0,0.0,0.0,0.0,0.0,0.0,0.0,0.0,0.0,0.0,0.0,0.0,0.0,0.0,0.0,0.0,0.0,0.0,0.0,0.0,0.0,0.0,0.0,0.0,0.0,0.0,0.0,0.0,0.0,126323.0,82.9,52493.0,67.9,178816.0,77.8,6857.0,5.4,718.0,1.4,7575.0,4.2,2469.0,36.0,226.0,31.5,2695.0,35.6,11.667,92.735,2023-05-01,East
725,Manipur,0.0,0.0,0.0,0.0,0.0,0.0,0.0,0.0,0.0,0.0,0.0,0.0,0.0,0.0,0.0,0.0,0.0,0.0,0.0,0.0,0.0,0.0,0.0,0.0,0.0,0.0,0.0,0.0,0.0,0.0,0.0,0.0,0.0,0.0,0.0,0.0,1720.0,72.6,126.0,49.0,1846.0,70.3,251.0,14.6,8.0,6.3,259.0,14.0,79.0,31.5,1.0,12.5,80.0,30.9,15.9129,79.74,2023-02-02,North East
726,Odisha,0.0,0.0,0.0,0.0,0.0,0.0,0.0,0.0,0.0,0.0,0.0,0.0,0.0,0.0,0.0,0.0,0.0,0.0,0.0,0.0,0.0,0.0,0.0,0.0,0.0,0.0,0.0,0.0,0.0,0.0,0.0,0.0,0.0,0.0,0.0,0.0,3538.0,76.2,148.0,46.0,3686.0,74.3,746.0,21.1,7.0,4.7,753.0,20.4,168.0,22.5,0.0,0.0,168.0,22.3,28.218,94.7278,2023-03-11,East
727,Telangana,0.0,0.0,0.0,0.0,0.0,0.0,0.0,0.0,0.0,0.0,0.0,0.0,0.0,0.0,0.0,0.0,0.0,0.0,0.0,0.0,0.0,0.0,0.0,0.0,0.0,0.0,0.0,0.0,0.0,0.0,0.0,0.0,0.0,0.0,0.0,0.0,2025.0,97.1,20.0,100.0,2045.0,97.1,240.0,11.9,2.0,10.0,242.0,11.8,105.0,43.8,0.0,0.0,105.0,43.4,26.2006,92.9376,2023-02-02,South
728,Gujarat,0.0,0.0,0.0,0.0,0.0,0.0,0.0,0.0,0.0,0.0,0.0,0.0,0.0,0.0,0.0,0.0,0.0,0.0,0.0,0.0,0.0,0.0,0.0,0.0,0.0,0.0,0.0,0.0,0.0,0.0,0.0,0.0,0.0,0.0,0.0,0.0,3127.0,82.2,351.0,94.1,3478.0,83.2,312.0,10.0,10.0,2.8,322.0,9.3,198.0,63.5,0.0,0.0,198.0,61.5,25.0961,85.3131,2023-04-06,West
729,Haryana,0.0,0.0,0.0,0.0,0.0,0.0,0.0,0.0,0.0,0.0,0.0,0.0,0.0,0.0,0.0,0.0,0.0,0.0,0.0,0.0,0.0,0.0,0.0,0.0,0.0,0.0,0.0,0.0,0.0,0.0,0.0,0.0,0.0,0.0,0.0,0.0,52157.0,93.9,3969.0,90.3,56126.0,93.6,8665.0,16.6,251.0,6.3,8916.0,15.9,4024.0,46.4,103.0,41.0,4127.0,46.3,30.7333,76.7794,2023-11-30,North
730,Tripura,0.0,0.0,0.0,0.0,0.0,0.0,0.0,0.0,0.0,0.0,0.0,0.0,0.0,0.0,0.0,0.0,0.0,0.0,0.0,0.0,0.0,0.0,0.0,0.0,0.0,0.0,0.0,0.0,0.0,0.0,0.0,0.0,0.0,0.0,0.0,0.0,1467.0,96.2,2.0,100.0,1469.0,96.2,320.0,21.8,0.0,0.0,320.0,21.8,315.0,98.4,0.0,0.0,315.0,98.4,21.2787,81.8661,2023-07-15,North East
731,Meghalaya,0.0,0.0,0.0,0.0,0.0,0.0,0.0,0.0,0.0,0.0,0.0,0.0,0.0,0.0,0.0,0.0,0.0,0.0,0.0,0.0,0.0,0.0,0.0,0.0,0.0,0.0,0.0,0.0,0.0,0.0,0.0,0.0,0.0,0.0,0.0,0.0,40121.0,84.1,7502.0,76.4,47623.0,82.8,1531.0,3.8,72.0,1.0,1603.0,3.4,280.0,18.3,6.0,8.3,286.0,17.8,28.7041,77.1025,2023-10-30,North East
732,Uttarakhand,0.0,0.0,0.0,0.0,0.0,0.0,0.0,0.0,0.0,0.0,0.0,0.0,0.0,0.0,0.0,0.0,0.0,0.0,0.0,0.0,0.0,0.0,0.0,0.0,0.0,0.0,0.0,0.0,0.0,0.0,0.0,0.0,0.0,0.0,0.0,0.0,104335.0,79.3,28427.0,73.6,132762.0,78.0,3343.0,3.2,450.0,1.6,3793.0,2.9,1071.0,32.0,191.0,42.4,1262.0,33.3,15.2993,74.124,2023-01-02,North
733,Maharashtra,0.0,0.0,0.0,0.0,0.0,0.0,0.0,0.0,0.0,0.0,0.0,0.0,0.0,0.0,0.0,0.0,0.0,0.0,0.0,0.0,0.0,0.0,0.0,0.0,0.0,0.0,0.0,0.0,0.0,0.0,0.0,0.0,0.0,0.0,0.0,0.0,983.0,73.5,48.0,64.9,1031.0,73.0,60.0,6.1,2.0,4.2,62.0,6.0,4.0,6.7,1.0,50.0,5.0,8.1,22.2587,71.1924,2023-04-20,West
734,Jharkhand,0.0,0.0,0.0,0.0,0.0,0.0,0.0,0.0,0.0,0.0,0.0,0.0,0.0,0.0,0.0,0.0,0.0,0.0,0.0,0.0,0.0,0.0,0.0,0.0,0.0,0.0,0.0,0.0,0.0,0.0,0.0,0.0,0.0,0.0,0.0,0.0,71063.0,90.8,12009.0,68.0,83072.0,86.6,16475.0,23.2,979.0,8.2,17454.0,21.0,3754.0,22.8,170.0,17.4,3924.0,22.5,29.0588,76.0856,2023-11-16,East
735,Chhattisgarh,0.0,0.0,0.0,0.0,0.0,0.0,0.0,0.0,0.0,0.0,0.0,0.0,0.0,0.0,0.0,0.0,0.0,0.0,0.0,0.0,0.0,0.0,0.0,0.0,0.0,0.0,0.0,0.0,0.0,0.0,0.0,0.0,0.0,0.0,0.0,0.0,50793.0,93.1,16883.0,90.4,67676.0,92.4,7172.0,14.1,871.0,5.2,8043.0,11.9,3827.0,53.4,474.0,54.4,4301.0,53.5,31.1048,77.1734,2023-02-09,Central
736,Andhra Pradesh,0.0,0.0,0.0,0.0,0.0,0.0,0.0,0.0,0.0,0.0,0.0,0.0,0.0,0.0,0.0,0.0,0.0,0.0,0.0,0.0,0.0,0.0,0.0,0.0,0.0,0.0,0.0,0.0,0.0,0.0,0.0,0.0,0.0,0.0,0.0,0.0,2177.0,66.9,32.0,80.0,2209.0,67.0,495.0,22.7,0.0,0.0,495.0,22.4,72.0,14.5,0.0,0.0,72.0,14.5,33.7782,76.5762,2023-11-14,South
737,Manipur,0.0,0.0,0.0,0.0,0.0,0.0,0.0,0.0,0.0,0.0,0.0,0.0,0.0,0.0,0.0,0.0,0.0,0.0,0.0,0.0,0.0,0.0,0.0,0.0,0.0,0.0,0.0,0.0,0.0,0.0,0.0,0.0,0.0,0.0,0.0,0.0,291692.0,69.6,56031.0,48.0,347723.0,64.9,9876.0,3.4,506.0,0.9,10382.0,3.0,2846.0,28.8,76.0,15.0,2922.0,28.1,23.6102,85.2799,2023-06-22,North East
738,Himachal Pradesh,0.0,0.0,0.0,0.0,0.0,0.0,0.0,0.0,0.0,0.0,0.0,0.0,0.0,0.0,0.0,0.0,0.0,0.0,0.0,0.0,0.0,0.0,0.0,0.0,0.0,0.0,0.0,0.0,0.0,0.0,0.0,0.0,0.0,0.0,0.0,0.0,21322.0,93.9,4180.0,89.9,25502.0,93.2,1645.0,7.7,106.0,2.5,1751.0,6.9,610.0,37.1,21.0,19.8,631.0,36.0,15.3173,75.7139,2023-09-13,North
739,Bihar,0.0,0.0,0.0,0.0,0.0,0.0,0.0,0.0,0.0,0.0,0.0,0.0,0.0,0.0,0.0,0.0,0.0,0.0,0.0,0.0,0.0,0.0,0.0,0.0,0.0,0.0,0.0,0.0,0.0,0.0,0.0,0.0,0.0,0.0,0.0,0.0,79395.0,84.6,6058.0,75.7,85453.0,83.9,10784.0,13.6,587.0,9.7,11371.0,13.3,3814.0,35.4,218.0,37.1,4032.0,35.5,10.8505,76.2711,2023-02-09,East
740,Odisha,0.0,0.0,0.0,0.0,0.0,0.0,0.0,0.0,0.0,0.0,0.0,0.0,0.0,0.0,0.0,0.0,0.0,0.0,0.0,0.0,0.0,0.0,0.0,0.0,0.0,0.0,0.0,0.0,0.0,0.0,0.0,0.0,0.0,0.0,0.0,0.0,1448433.0,78.1,348682.0,61.4,1797115.0,74.2,121545.0,8.4,8068.0,2.3,129613.0,7.2,40900.0,33.7,2535.0,31.4,43435.0,33.5,34.1526,77.577,2023-07-07,East
741,West Bengal,518.0,95.2,3.0,75.0,521.0,95.1,97.0,18.7,1.0,33.3,98.0,18.8,69.0,71.1,1.0,100.0,70.0,71.4,0.0,0.0,0.0,0.0,0.0,0.0,0.0,0.0,0.0,0.0,0.0,0.0,0.0,0.0,0.0,0.0,0.0,0.0,0.0,0.0,0.0,0.0,0.0,0.0,0.0,0.0,0.0,0.0,0.0,0.0,0.0,0.0,0.0,0.0,0.0,0.0,10.328,72.7846,2023-12-12,East
742,Nagaland,65235.0,98.7,26883.0,99.6,92118.0,98.9,8816.0,13.5,2940.0,10.9,11756.0,12.8,6282.0,71.3,1671.0,56.8,7953.0,67.7,0.0,0.0,0.0,0.0,0.0,0.0,0.0,0.0,0.0,0.0,0.0,0.0,0.0,0.0,0.0,0.0,0.0,0.0,0.0,0.0,0.0,0.0,0.0,0.0,0.0,0.0,0.0,0.0,0.0,0.0,0.0,0.0,0.0,0.0,0.0,0.0,22.9734,78.6569,2023-08-04,North East
743,Nagaland,2378.0,79.0,3.0,50.0,2381.0,79.0,59.0,2.5,0.0,0.0,59.0,2.5,28.0,47.5,0.0,0.0,28.0,47.5,0.0,0.0,0.0,0.0,0.0,0.0,0.0,0.0,0.0,0.0,0.0,0.0,0.0,0.0,0.0,0.0,0.0,0.0,0.0,0.0,0.0,0.0,0.0,0.0,0.0,0.0,0.0,0.0,0.0,0.0,0.0,0.0,0.0,0.0,0.0,0.0,19.7515,75.7139,2023-06-05,North East
744,Goa,34011.0,81.0,4929.0,83.2,38940.0,81.2,2554.0,7.5,499.0,10.1,3053.0,7.8,1003.0,39.3,179.0,35.9,1182.0,38.7,0.0,0.0,0.0,0.0,0.0,0.0,0.0,0.0,0.0,0.0,0.0,0.0,0.0,0.0,0.0,0.0,0.0,0.0,0.0,0.0,0.0,0.0,0.0,0.0,0.0,0.0,0.0,0.0,0.0,0.0,0.0,0.0,0.0,0.0,0.0,0.0,24.6637,93.9063,2023-04-12,West
745,Kerala,53768.0,66.1,74114.0,87.7,127882.0,77.1,3062.0,5.7,3801.0,5.1,6863.0,5.4,1489.0,48.6,811.0,21.3,2300.0,33.5,0.0,0.0,0.0,0.0,0.0,0.0,0.0,0.0,0.0,0.0,0.0,0.0,0.0,0.0,0.0,0.0,0.0,0.0,0.0,0.0,0.0,0.0,0.0,0.0,0.0,0.0,0.0,0.0,0.0,0.0,0.0,0.0,0.0,0.0,0.0,0.0,25.467,91.3662,2023-09-14,South
746,Gujarat,3531.0,94.9,47.0,73.4,3578.0,94.6,316.0,8.9,5.0,10.6,321.0,9.0,248.0,78.5,5.0,100.0,253.0,78.8,0.0,0.0,0.0,0.0,0.0,0.0,0.0,0.0,0.0,0.0,0.0,0.0,0.0,0.0,0.0,0.0,0.0,0.0,0.0,0.0,0.0,0.0,0.0,0.0,0.0,0.0,0.0,0.0,0.0,0.0,0.0,0.0,0.0,0.0,0.0,0.0,23.1645,92.9376,2023-10-22,West
747,Gujarat,26987.0,91.6,8243.0,88.8,35230.0,91.0,2473.0,9.2,639.0,7.8,3112.0,8.8,1184.0,47.9,155.0,24.3,1339.0,43.0,0.0,0.0,0.0,0.0,0.0,0.0,0.0,0.0,0.0,0.0,0.0,0.0,0.0,0.0,0.0,0.0,0.0,0.0,0.0,0.0,0.0,0.0,0.0,0.0,0.0,0.0,0.0,0.0,0.0,0.0,0.0,0.0,0.0,0.0,0.0,0.0,26.1584,94.5624,2023-08-31,West
748,Gujarat,838.0,99.2,76.0,100.0,914.0,99.2,56.0,6.7,3.0,3.9,59.0,6.5,46.0,82.1,2.0,66.7,48.0,81.4,0.0,0.0,0.0,0.0,0.0,0.0,0.0,0.0,0.0,0.0,0.0,0.0,0.0,0.0,0.0,0.0,0.0,0.0,0.0,0.0,0.0,0.0,0.0,0.0,0.0,0.0,0.0,0.0,0.0,0.0,0.0,0.0,0.0,0.0,0.0,0.0,20.9517,85.0985,2023-03-16,West
749,Mizoram,65700.0,84.2,5628.0,55.0,71328.0,80.8,5323.0,8.1,621.0,11.0,5944.0,8.3,2661.0,50.0,168.0,27.1,2829.0,47.6,0.0,0.0,0.0,0.0,0.0,0.0,0.0,0.0,0.0,0.0,0.0,0.0,0.0,0.0,0.0,0.0,0.0,0.0,0.0,0.0,0.0,0.0,0.0,0.0,0.0,0.0,0.0,0.0,0.0,0.0,0.0,0.0,0.0,0.0,0.0,0.0,11.9416,79.8083,2023-04-04,North East
750,Chhattisgarh,1659.0,98.9,288.0,72.7,1947.0,93.9,332.0,20.0,45.0,15.6,377.0,19.4,300.0,90.4,25.0,55.6,325.0,86.2,0.0,0.0,0.0,0.0,0.0,0.0,0.0,0.0,0.0,0.0,0.0,0.0,0.0,0.0,0.0,0.0,0.0,0.0,0.0,0.0,0.0,0.0,0.0,0.0,0.0,0.0,0.0,0.0,0.0,0.0,0.0,0.0,0.0,0.0,0.0,0.0,31.1471,75.3412,2023-04-15,Central
751,Uttarakhand,106333.0,97.8,35899.0,90.9,142232.0,96.0,5343.0,5.0,1250.0,3.5,6593.0,4.6,4304.0,80.6,991.0,79.3,5295.0,80.3,0.0,0.0,0.0,0.0,0.0,0.0,0.0,0.0,0.0,0.0,0.0,0.0,0.0,0.0,0.0,0.0,0.0,0.0,0.0,0.0,0.0,0.0,0.0,0.0,0.0,0.0,0.0,0.0,0.0,0.0,0.0,0.0,0.0,0.0,0.0,0.0,27.0238,74.2179,2023-01-01,North
752,Assam,58171.0,95.0,15853.0,91.1,74024.0,94.1,4463.0,7.7,837.0,5.3,5300.0,7.2,3357.0,75.2,560.0,66.9,3917.0,73.9,0.0,0.0,0.0,0.0,0.0,0.0,0.0,0.0,0.0,0.0,0.0,0.0,0.0,0.0,0.0,0.0,0.0,0.0,0.0,0.0,0.0,0.0,0.0,0.0,0.0,0.0,0.0,0.0,0.0,0.0,0.0,0.0,0.0,0.0,0.0,0.0,27.532,88.5122,2023-03-31,North East
753,Uttar Pradesh,15885.0,99.1,455.0,97.2,16340.0,99.0,1484.0,9.3,27.0,5.9,1511.0,9.2,1136.0,76.5,21.0,77.8,1157.0,76.6,0.0,0.0,0.0,0.0,0.0,0.0,0.0,0.0,0.0,0.0,0.0,0.0,0.0,0.0,0.0,0.0,0.0,0.0,0.0,0.0,0.0,0.0,0.0,0.0,0.0,0.0,0.0,0.0,0.0,0.0,0.0,0.0,0.0,0.0,0.0,0.0,11.1271,78.6569,2023-10-04,North
754,Kerala,10855.0,95.4,552.0,94.8,11407.0,95.4,729.0,6.7,40.0,7.2,769.0,6.7,378.0,51.9,31.0,77.5,409.0,53.2,0.0,0.0,0.0,0.0,0.0,0.0,0.0,0.0,0.0,0.0,0.0,0.0,0.0,0.0,0.0,0.0,0.0,0.0,0.0,0.0,0.0,0.0,0.0,0.0,0.0,0.0,0.0,0.0,0.0,0.0,0.0,0.0,0.0,0.0,0.0,0.0,18.1124,79.0193,2023-08-05,South
755,Madhya Pradesh,42246.0,90.0,9644.0,83.8,51890.0,88.8,2305.0,5.5,648.0,6.7,2953.0,5.7,1266.0,54.9,260.0,40.1,1526.0,51.7,0.0,0.0,0.0,0.0,0.0,0.0,0.0,0.0,0.0,0.0,0.0,0.0,0.0,0.0,0.0,0.0,0.0,0.0,0.0,0.0,0.0,0.0,0.0,0.0,0.0,0.0,0.0,0.0,0.0,0.0,0.0,0.0,0.0,0.0,0.0,0.0,23.9408,91.9882,2023-10-29,Central
756,Telangana,64615.0,95.9,10593.0,90.0,75208.0,95.0,9616.0,14.9,975.0,9.2,10591.0,14.1,7379.0,76.7,742.0,76.1,8121.0,76.7,0.0,0.0,0.0,0.0,0.0,0.0,0.0,0.0,0.0,0.0,0.0,0.0,0.0,0.0,0.0,0.0,0.0,0.0,0.0,0.0,0.0,0.0,0.0,0.0,0.0,0.0,0.0,0.0,0.0,0.0,0.0,0.0,0.0,0.0,0.0,0.0,26.8467,80.9462,2023-04-19,South
757,Arunachal Pradesh,19388.0,94.1,2557.0,88.2,21945.0,93.3,6376.0,32.9,770.0,30.1,7146.0,32.6,4163.0,65.3,446.0,57.9,4609.0,64.5,0.0,0.0,0.0,0.0,0.0,0.0,0.0,0.0,0.0,0.0,0.0,0.0,0.0,0.0,0.0,0.0,0.0,0.0,0.0,0.0,0.0,0.0,0.0,0.0,0.0,0.0,0.0,0.0,0.0,0.0,0.0,0.0,0.0,0.0,0.0,0.0,30.0668,79.0193,2023-11-14,North East
758,Jharkhand,306.0,91.6,9.0,81.8,315.0,91.3,7.0,2.3,1.0,11.1,8.0,2.5,6.0,85.7,1.0,100.0,7.0,87.5,0.0,0.0,0.0,0.0,0.0,0.0,0.0,0.0,0.0,0.0,0.0,0.0,0.0,0.0,0.0,0.0,0.0,0.0,0.0,0.0,0.0,0.0,0.0,0.0,0.0,0.0,0.0,0.0,0.0,0.0,0.0,0.0,0.0,0.0,0.0,0.0,22.9868,87.855,2023-09-01,East
759,Sikkim,21.0,95.5,0.0,0.0,21.0,95.5,5.0,23.8,0.0,0.0,5.0,23.8,4.0,80.0,0.0,0.0,4.0,80.0,0.0,0.0,0.0,0.0,0.0,0.0,0.0,0.0,0.0,0.0,0.0,0.0,0.0,0.0,0.0,0.0,0.0,0.0,0.0,0.0,0.0,0.0,0.0,0.0,0.0,0.0,0.0,0.0,0.0,0.0,0.0,0.0,0.0,0.0,0.0,0.0,20.5937,78.9629,2023-05-08,North East
760,Sikkim,125381.0,89.8,46026.0,93.5,171407.0,90.7,6816.0,5.4,3221.0,7.0,10037.0,5.9,2983.0,43.8,1196.0,37.1,4179.0,41.6,0.0,0.0,0.0,0.0,0.0,0.0,0.0,0.0,0.0,0.0,0.0,0.0,0.0,0.0,0.0,0.0,0.0,0.0,0.0,0.0,0.0,0.0,0.0,0.0,0.0,0.0,0.0,0.0,0.0,0.0,0.0,0.0,0.0,0.0,0.0,0.0,11.667,92.735,2023-08-30,North East
761,Nagaland,148268.0,97.3,73877.0,95.5,222145.0,96.7,9416.0,6.4,4376.0,5.9,13792.0,6.2,6493.0,69.0,2543.0,58.1,9036.0,65.5,0.0,0.0,0.0,0.0,0.0,0.0,0.0,0.0,0.0,0.0,0.0,0.0,0.0,0.0,0.0,0.0,0.0,0.0,0.0,0.0,0.0,0.0,0.0,0.0,0.0,0.0,0.0,0.0,0.0,0.0,0.0,0.0,0.0,0.0,0.0,0.0,15.9129,79.74,2023-11-02,North East
762,Meghalaya,1808.0,76.3,143.0,55.6,1951.0,74.3,275.0,15.2,11.0,7.7,286.0,14.7,129.0,46.9,2.0,18.2,131.0,45.8,0.0,0.0,0.0,0.0,0.0,0.0,0.0,0.0,0.0,0.0,0.0,0.0,0.0,0.0,0.0,0.0,0.0,0.0,0.0,0.0,0.0,0.0,0.0,0.0,0.0,0.0,0.0,0.0,0.0,0.0,0.0,0.0,0.0,0.0,0.0,0.0,28.218,94.7278,2023-05-14,North East
763,Jharkhand,3646.0,78.6,165.0,51.2,3811.0,76.8,216.0,5.9,4.0,2.4,220.0,5.8,142.0,65.7,3.0,75.0,145.0,65.9,0.0,0.0,0.0,0.0,0.0,0.0,0.0,0.0,0.0,0.0,0.0,0.0,0.0,0.0,0.0,0.0,0.0,0.0,0.0,0.0,0.0,0.0,0.0,0.0,0.0,0.0,0.0,0.0,0.0,0.0,0.0,0.0,0.0,0.0,0.0,0.0,26.2006,92.9376,2023-10-08,East
764,Mizoram,2056.0,98.6,20.0,100.0,2076.0,98.6,129.0,6.3,6.0,30.0,135.0,6.5,125.0,96.9,6.0,100.0,131.0,97.0,0.0,0.0,0.0,0.0,0.0,0.0,0.0,0.0,0.0,0.0,0.0,0.0,0.0,0.0,0.0,0.0,0.0,0.0,0.0,0.0,0.0,0.0,0.0,0.0,0.0,0.0,0.0,0.0,0.0,0.0,0.0,0.0,0.0,0.0,0.0,0.0,25.0961,85.3131,2023-04-02,North East
765,Maharashtra,3165.0,83.2,349.0,93.6,3514.0,84.1,175.0,5.5,20.0,5.7,195.0,5.5,86.0,49.1,2.0,10.0,88.0,45.1,0.0,0.0,0.0,0.0,0.0,0.0,0.0,0.0,0.0,0.0,0.0,0.0,0.0,0.0,0.0,0.0,0.0,0.0,0.0,0.0,0.0,0.0,0.0,0.0,0.0,0.0,0.0,0.0,0.0,0.0,0.0,0.0,0.0,0.0,0.0,0.0,30.7333,76.7794,2023-02-14,West
766,Bihar,53597.0,96.5,4141.0,94.2,57738.0,96.3,4047.0,7.6,274.0,6.6,4321.0,7.5,3105.0,76.7,211.0,77.0,3316.0,76.7,0.0,0.0,0.0,0.0,0.0,0.0,0.0,0.0,0.0,0.0,0.0,0.0,0.0,0.0,0.0,0.0,0.0,0.0,0.0,0.0,0.0,0.0,0.0,0.0,0.0,0.0,0.0,0.0,0.0,0.0,0.0,0.0,0.0,0.0,0.0,0.0,21.2787,81.8661,2023-01-29,East
767,Punjab,1510.0,99.0,2.0,100.0,1512.0,99.0,464.0,30.7,0.0,0.0,464.0,30.7,445.0,95.9,0.0,0.0,445.0,95.9,0.0,0.0,0.0,0.0,0.0,0.0,0.0,0.0,0.0,0.0,0.0,0.0,0.0,0.0,0.0,0.0,0.0,0.0,0.0,0.0,0.0,0.0,0.0,0.0,0.0,0.0,0.0,0.0,0.0,0.0,0.0,0.0,0.0,0.0,0.0,0.0,28.7041,77.1025,2023-03-14,North
768,Tamil Nadu,43665.0,91.5,9006.0,91.8,52671.0,91.5,4930.0,11.3,676.0,7.5,5606.0,10.6,2266.0,46.0,170.0,25.1,2436.0,43.5,0.0,0.0,0.0,0.0,0.0,0.0,0.0,0.0,0.0,0.0,0.0,0.0,0.0,0.0,0.0,0.0,0.0,0.0,0.0,0.0,0.0,0.0,0.0,0.0,0.0,0.0,0.0,0.0,0.0,0.0,0.0,0.0,0.0,0.0,0.0,0.0,15.2993,74.124,2023-03-28,South
769,Nagaland,119170.0,90.5,34317.0,88.8,153487.0,90.1,3484.0,2.9,1208.0,3.5,4692.0,3.1,2276.0,65.3,538.0,44.5,2814.0,60.0,0.0,0.0,0.0,0.0,0.0,0.0,0.0,0.0,0.0,0.0,0.0,0.0,0.0,0.0,0.0,0.0,0.0,0.0,0.0,0.0,0.0,0.0,0.0,0.0,0.0,0.0,0.0,0.0,0.0,0.0,0.0,0.0,0.0,0.0,0.0,0.0,22.2587,71.1924,2023-11-29,North East
770,Madhya Pradesh,1305.0,97.5,71.0,95.9,1376.0,97.5,118.0,9.0,4.0,5.6,122.0,8.9,106.0,89.8,3.0,75.0,109.0,89.3,0.0,0.0,0.0,0.0,0.0,0.0,0.0,0.0,0.0,0.0,0.0,0.0,0.0,0.0,0.0,0.0,0.0,0.0,0.0,0.0,0.0,0.0,0.0,0.0,0.0,0.0,0.0,0.0,0.0,0.0,0.0,0.0,0.0,0.0,0.0,0.0,29.0588,76.0856,2023-05-16,Central
771,Madhya Pradesh,76635.0,97.9,16054.0,90.8,92689.0,96.6,20196.0,26.4,3655.0,22.8,23851.0,25.7,19144.0,94.8,3179.0,87.0,22323.0,93.6,0.0,0.0,0.0,0.0,0.0,0.0,0.0,0.0,0.0,0.0,0.0,0.0,0.0,0.0,0.0,0.0,0.0,0.0,0.0,0.0,0.0,0.0,0.0,0.0,0.0,0.0,0.0,0.0,0.0,0.0,0.0,0.0,0.0,0.0,0.0,0.0,31.1048,77.1734,2023-11-26,Central
772,Assam,51411.0,94.3,17215.0,92.2,68626.0,93.7,3250.0,6.3,892.0,5.2,4142.0,6.0,2691.0,82.8,738.0,82.7,3429.0,82.8,0.0,0.0,0.0,0.0,0.0,0.0,0.0,0.0,0.0,0.0,0.0,0.0,0.0,0.0,0.0,0.0,0.0,0.0,0.0,0.0,0.0,0.0,0.0,0.0,0.0,0.0,0.0,0.0,0.0,0.0,0.0,0.0,0.0,0.0,0.0,0.0,33.7782,76.5762,2023-09-06,North East
773,Kerala,3078.0,94.6,34.0,85.0,3112.0,94.4,473.0,15.4,6.0,17.6,479.0,15.4,182.0,38.5,0.0,0.0,182.0,38.0,0.0,0.0,0.0,0.0,0.0,0.0,0.0,0.0,0.0,0.0,0.0,0.0,0.0,0.0,0.0,0.0,0.0,0.0,0.0,0.0,0.0,0.0,0.0,0.0,0.0,0.0,0.0,0.0,0.0,0.0,0.0,0.0,0.0,0.0,0.0,0.0,23.6102,85.2799,2023-10-19,South
774,Bihar,390088.0,93.0,100893.0,86.5,490981.0,91.6,21480.0,5.5,1968.0,2.0,23448.0,4.8,8161.0,38.0,670.0,34.0,8831.0,37.7,0.0,0.0,0.0,0.0,0.0,0.0,0.0,0.0,0.0,0.0,0.0,0.0,0.0,0.0,0.0,0.0,0.0,0.0,0.0,0.0,0.0,0.0,0.0,0.0,0.0,0.0,0.0,0.0,0.0,0.0,0.0,0.0,0.0,0.0,0.0,0.0,15.3173,75.7139,2023-09-06,East
775,Madhya Pradesh,21948.0,96.6,4339.0,93.3,26287.0,96.1,1741.0,7.9,231.0,5.3,1972.0,7.5,670.0,38.5,121.0,52.4,791.0,40.1,0.0,0.0,0.0,0.0,0.0,0.0,0.0,0.0,0.0,0.0,0.0,0.0,0.0,0.0,0.0,0.0,0.0,0.0,0.0,0.0,0.0,0.0,0.0,0.0,0.0,0.0,0.0,0.0,0.0,0.0,0.0,0.0,0.0,0.0,0.0,0.0,10.8505,76.2711,2023-08-31,Central
776,Arunachal Pradesh,87854.0,93.6,6472.0,80.9,94326.0,92.6,12541.0,14.3,910.0,14.1,13451.0,14.3,9590.0,76.5,710.0,78.0,10300.0,76.6,0.0,0.0,0.0,0.0,0.0,0.0,0.0,0.0,0.0,0.0,0.0,0.0,0.0,0.0,0.0,0.0,0.0,0.0,0.0,0.0,0.0,0.0,0.0,0.0,0.0,0.0,0.0,0.0,0.0,0.0,0.0,0.0,0.0,0.0,0.0,0.0,34.1526,77.577,2023-05-12,North East
777,Karnataka,1707030.0,92.1,508900.0,89.6,2215930.0,91.5,143167.0,8.4,30564.0,6.0,173731.0,7.8,93897.0,65.6,16161.0,52.9,110058.0,63.3,0.0,0.0,0.0,0.0,0.0,0.0,0.0,0.0,0.0,0.0,0.0,0.0,0.0,0.0,0.0,0.0,0.0,0.0,0.0,0.0,0.0,0.0,0.0,0.0,0.0,0.0,0.0,0.0,0.0,0.0,0.0,0.0,0.0,0.0,0.0,0.0,10.328,72.7846,2023-05-02,South
778,Tamil Nadu,0.0,0.0,0.0,0.0,0.0,0.0,0.0,0.0,0.0,0.0,0.0,0.0,0.0,0.0,0.0,0.0,0.0,0.0,495.0,91.0,3.0,75.0,498.0,90.9,89.0,18.0,0.0,0.0,89.0,17.9,30.0,33.7,0.0,0.0,30.0,33.7,0.0,0.0,0.0,0.0,0.0,0.0,0.0,0.0,0.0,0.0,0.0,0.0,0.0,0.0,0.0,0.0,0.0,0.0,22.9734,78.6569,2023-10-14,South
779,Rajasthan,0.0,0.0,0.0,0.0,0.0,0.0,0.0,0.0,0.0,0.0,0.0,0.0,0.0,0.0,0.0,0.0,0.0,0.0,63627.0,96.2,26477.0,98.1,90104.0,96.8,9786.0,15.4,1409.0,5.3,11195.0,12.4,2456.0,25.1,326.0,23.1,2782.0,24.9,0.0,0.0,0.0,0.0,0.0,0.0,0.0,0.0,0.0,0.0,0.0,0.0,0.0,0.0,0.0,0.0,0.0,0.0,19.7515,75.7139,2023-12-07,North
780,Assam,0.0,0.0,0.0,0.0,0.0,0.0,0.0,0.0,0.0,0.0,0.0,0.0,0.0,0.0,0.0,0.0,0.0,0.0,2256.0,75.0,3.0,50.0,2259.0,74.9,303.0,13.4,0.0,0.0,303.0,13.4,171.0,56.4,0.0,0.0,171.0,56.4,0.0,0.0,0.0,0.0,0.0,0.0,0.0,0.0,0.0,0.0,0.0,0.0,0.0,0.0,0.0,0.0,0.0,0.0,24.6637,93.9063,2023-04-16,North East
781,Bihar,0.0,0.0,0.0,0.0,0.0,0.0,0.0,0.0,0.0,0.0,0.0,0.0,0.0,0.0,0.0,0.0,0.0,0.0,30134.0,71.7,4074.0,68.8,34208.0,71.4,7929.0,26.3,325.0,8.0,8254.0,24.1,1497.0,18.9,93.0,28.6,1590.0,19.3,0.0,0.0,0.0,0.0,0.0,0.0,0.0,0.0,0.0,0.0,0.0,0.0,0.0,0.0,0.0,0.0,0.0,0.0,25.467,91.3662,2023-01-20,East
782,Mizoram,0.0,0.0,0.0,0.0,0.0,0.0,0.0,0.0,0.0,0.0,0.0,0.0,0.0,0.0,0.0,0.0,0.0,0.0,44248.0,54.4,36165.0,42.8,80413.0,48.5,4139.0,9.4,1152.0,3.2,5291.0,6.6,917.0,22.2,41.0,3.6,958.0,18.1,0.0,0.0,0.0,0.0,0.0,0.0,0.0,0.0,0.0,0.0,0.0,0.0,0.0,0.0,0.0,0.0,0.0,0.0,23.1645,92.9376,2023-12-04,North East
783,Tamil Nadu,0.0,0.0,0.0,0.0,0.0,0.0,0.0,0.0,0.0,0.0,0.0,0.0,0.0,0.0,0.0,0.0,0.0,0.0,3508.0,94.3,47.0,73.4,3555.0,94.0,305.0,8.7,2.0,4.3,307.0,8.6,60.0,19.7,0.0,0.0,60.0,19.5,0.0,0.0,0.0,0.0,0.0,0.0,0.0,0.0,0.0,0.0,0.0,0.0,0.0,0.0,0.0,0.0,0.0,0.0,26.1584,94.5624,2023-07-16,South
784,Rajasthan,0.0,0.0,0.0,0.0,0.0,0.0,0.0,0.0,0.0,0.0,0.0,0.0,0.0,0.0,0.0,0.0,0.0,0.0,25332.0,86.0,5815.0,62.7,31147.0,80.4,7986.0,31.5,336.0,5.8,8322.0,26.7,3595.0,45.0,140.0,41.7,3735.0,44.9,0.0,0.0,0.0,0.0,0.0,0.0,0.0,0.0,0.0,0.0,0.0,0.0,0.0,0.0,0.0,0.0,0.0,0.0,20.9517,85.0985,2023-01-15,North
785,Sikkim,0.0,0.0,0.0,0.0,0.0,0.0,0.0,0.0,0.0,0.0,0.0,0.0,0.0,0.0,0.0,0.0,0.0,0.0,548.0,64.9,57.0,75.0,605.0,65.7,67.0,12.2,2.0,3.5,69.0,11.4,38.0,56.7,2.0,100.0,40.0,58.0,0.0,0.0,0.0,0.0,0.0,0.0,0.0,0.0,0.0,0.0,0.0,0.0,0.0,0.0,0.0,0.0,0.0,0.0,11.9416,79.8083,2023-12-23,North East
786,Uttar Pradesh,0.0,0.0,0.0,0.0,0.0,0.0,0.0,0.0,0.0,0.0,0.0,0.0,0.0,0.0,0.0,0.0,0.0,0.0,51623.0,66.2,1686.0,16.5,53309.0,60.4,3440.0,6.7,16.0,0.9,3456.0,6.5,777.0,22.6,5.0,31.3,782.0,22.6,0.0,0.0,0.0,0.0,0.0,0.0,0.0,0.0,0.0,0.0,0.0,0.0,0.0,0.0,0.0,0.0,0.0,0.0,31.1471,75.3412,2023-06-28,North
787,Nagaland,0.0,0.0,0.0,0.0,0.0,0.0,0.0,0.0,0.0,0.0,0.0,0.0,0.0,0.0,0.0,0.0,0.0,0.0,1553.0,92.6,27.0,6.8,1580.0,76.2,105.0,6.8,1.0,3.7,106.0,6.7,8.0,7.6,1.0,100.0,9.0,8.5,0.0,0.0,0.0,0.0,0.0,0.0,0.0,0.0,0.0,0.0,0.0,0.0,0.0,0.0,0.0,0.0,0.0,0.0,27.0238,74.2179,2023-11-24,North East
788,Tamil Nadu,0.0,0.0,0.0,0.0,0.0,0.0,0.0,0.0,0.0,0.0,0.0,0.0,0.0,0.0,0.0,0.0,0.0,0.0,104192.0,95.9,35780.0,90.6,139972.0,94.5,16920.0,16.2,2365.0,6.6,19285.0,13.8,7145.0,42.2,895.0,37.8,8040.0,41.7,0.0,0.0,0.0,0.0,0.0,0.0,0.0,0.0,0.0,0.0,0.0,0.0,0.0,0.0,0.0,0.0,0.0,0.0,27.532,88.5122,2023-11-16,South
789,Tripura,0.0,0.0,0.0,0.0,0.0,0.0,0.0,0.0,0.0,0.0,0.0,0.0,0.0,0.0,0.0,0.0,0.0,0.0,54848.0,89.5,14373.0,82.6,69221.0,88.0,2572.0,4.7,486.0,3.4,3058.0,4.4,1044.0,40.6,161.0,33.1,1205.0,39.4,0.0,0.0,0.0,0.0,0.0,0.0,0.0,0.0,0.0,0.0,0.0,0.0,0.0,0.0,0.0,0.0,0.0,0.0,11.1271,78.6569,2023-08-15,North East
790,Uttar Pradesh,0.0,0.0,0.0,0.0,0.0,0.0,0.0,0.0,0.0,0.0,0.0,0.0,0.0,0.0,0.0,0.0,0.0,0.0,15625.0,97.5,437.0,93.4,16062.0,97.4,1855.0,11.9,22.0,5.0,1877.0,11.7,1674.0,90.2,18.0,81.8,1692.0,90.1,0.0,0.0,0.0,0.0,0.0,0.0,0.0,0.0,0.0,0.0,0.0,0.0,0.0,0.0,0.0,0.0,0.0,0.0,18.1124,79.0193,2023-04-18,North
791,Nagaland,0.0,0.0,0.0,0.0,0.0,0.0,0.0,0.0,0.0,0.0,0.0,0.0,0.0,0.0,0.0,0.0,0.0,0.0,10254.0,90.1,513.0,88.1,10767.0,90.0,769.0,7.5,24.0,4.7,793.0,7.4,438.0,57.0,15.0,62.5,453.0,57.1,0.0,0.0,0.0,0.0,0.0,0.0,0.0,0.0,0.0,0.0,0.0,0.0,0.0,0.0,0.0,0.0,0.0,0.0,23.9408,91.9882,2023-03-09,North East
792,Meghalaya,0.0,0.0,0.0,0.0,0.0,0.0,0.0,0.0,0.0,0.0,0.0,0.0,0.0,0.0,0.0,0.0,0.0,0.0,36887.0,78.6,4611.0,40.1,41498.0,71.0,4280.0,11.6,91.0,2.0,4371.0,10.5,1349.0,31.5,33.0,36.3,1382.0,31.6,0.0,0.0,0.0,0.0,0.0,0.0,0.0,0.0,0.0,0.0,0.0,0.0,0.0,0.0,0.0,0.0,0.0,0.0,26.8467,80.9462,2023-08-19,North East
793,Andhra Pradesh,0.0,0.0,0.0,0.0,0.0,0.0,0.0,0.0,0.0,0.0,0.0,0.0,0.0,0.0,0.0,0.0,0.0,0.0,59878.0,88.9,9824.0,83.5,69702.0,88.1,11159.0,18.6,566.0,5.8,11725.0,16.8,3326.0,29.8,168.0,29.7,3494.0,29.8,0.0,0.0,0.0,0.0,0.0,0.0,0.0,0.0,0.0,0.0,0.0,0.0,0.0,0.0,0.0,0.0,0.0,0.0,30.0668,79.0193,2023-08-16,South
794,Telangana,0.0,0.0,0.0,0.0,0.0,0.0,0.0,0.0,0.0,0.0,0.0,0.0,0.0,0.0,0.0,0.0,0.0,0.0,17712.0,85.9,2070.0,71.4,19782.0,84.1,2614.0,14.8,110.0,5.3,2724.0,13.8,1567.0,59.9,64.0,58.2,1631.0,59.9,0.0,0.0,0.0,0.0,0.0,0.0,0.0,0.0,0.0,0.0,0.0,0.0,0.0,0.0,0.0,0.0,0.0,0.0,22.9868,87.855,2023-02-13,South
795,Sikkim,0.0,0.0,0.0,0.0,0.0,0.0,0.0,0.0,0.0,0.0,0.0,0.0,0.0,0.0,0.0,0.0,0.0,0.0,297.0,88.9,9.0,81.8,306.0,88.7,7.0,2.4,1.0,11.1,8.0,2.6,4.0,57.1,1.0,100.0,5.0,62.5,0.0,0.0,0.0,0.0,0.0,0.0,0.0,0.0,0.0,0.0,0.0,0.0,0.0,0.0,0.0,0.0,0.0,0.0,20.5937,78.9629,2023-11-26,North East
796,Mizoram,0.0,0.0,0.0,0.0,0.0,0.0,0.0,0.0,0.0,0.0,0.0,0.0,0.0,0.0,0.0,0.0,0.0,0.0,22.0,100.0,0.0,0.0,22.0,100.0,1.0,4.5,0.0,0.0,1.0,4.5,1.0,100.0,0.0,0.0,1.0,100.0,0.0,0.0,0.0,0.0,0.0,0.0,0.0,0.0,0.0,0.0,0.0,0.0,0.0,0.0,0.0,0.0,0.0,0.0,11.667,92.735,2023-03-24,North East
797,Uttar Pradesh,0.0,0.0,0.0,0.0,0.0,0.0,0.0,0.0,0.0,0.0,0.0,0.0,0.0,0.0,0.0,0.0,0.0,0.0,81505.0,58.3,20132.0,40.9,101637.0,53.8,13625.0,16.7,974.0,4.8,14599.0,14.4,2697.0,19.8,92.0,9.4,2789.0,19.1,0.0,0.0,0.0,0.0,0.0,0.0,0.0,0.0,0.0,0.0,0.0,0.0,0.0,0.0,0.0,0.0,0.0,0.0,15.9129,79.74,2023-12-04,North
798,Sikkim,0.0,0.0,0.0,0.0,0.0,0.0,0.0,0.0,0.0,0.0,0.0,0.0,0.0,0.0,0.0,0.0,0.0,0.0,128562.0,84.4,53968.0,69.8,182530.0,79.5,11941.0,9.3,1409.0,2.6,13350.0,7.3,4069.0,34.1,404.0,28.7,4473.0,33.5,0.0,0.0,0.0,0.0,0.0,0.0,0.0,0.0,0.0,0.0,0.0,0.0,0.0,0.0,0.0,0.0,0.0,0.0,28.218,94.7278,2023-12-18,North East
799,Goa,0.0,0.0,0.0,0.0,0.0,0.0,0.0,0.0,0.0,0.0,0.0,0.0,0.0,0.0,0.0,0.0,0.0,0.0,1709.0,72.1,135.0,52.5,1844.0,70.2,330.0,19.3,12.0,8.9,342.0,18.5,82.0,24.8,1.0,8.3,83.0,24.3,0.0,0.0,0.0,0.0,0.0,0.0,0.0,0.0,0.0,0.0,0.0,0.0,0.0,0.0,0.0,0.0,0.0,0.0,26.2006,92.9376,2023-06-17,West
800,Manipur,0.0,0.0,0.0,0.0,0.0,0.0,0.0,0.0,0.0,0.0,0.0,0.0,0.0,0.0,0.0,0.0,0.0,0.0,3586.0,77.3,182.0,56.5,3768.0,75.9,1384.0,38.6,60.0,33.0,1444.0,38.3,254.0,18.4,3.0,5.0,257.0,17.8,0.0,0.0,0.0,0.0,0.0,0.0,0.0,0.0,0.0,0.0,0.0,0.0,0.0,0.0,0.0,0.0,0.0,0.0,25.0961,85.3131,2023-12-25,North East
801,Sikkim,0.0,0.0,0.0,0.0,0.0,0.0,0.0,0.0,0.0,0.0,0.0,0.0,0.0,0.0,0.0,0.0,0.0,0.0,2042.0,97.9,19.0,95.0,2061.0,97.9,616.0,30.2,5.0,26.3,621.0,30.1,548.0,89.0,5.0,100.0,553.0,89.0,0.0,0.0,0.0,0.0,0.0,0.0,0.0,0.0,0.0,0.0,0.0,0.0,0.0,0.0,0.0,0.0,0.0,0.0,30.7333,76.7794,2023-02-12,North East
802,Andhra Pradesh,0.0,0.0,0.0,0.0,0.0,0.0,0.0,0.0,0.0,0.0,0.0,0.0,0.0,0.0,0.0,0.0,0.0,0.0,3141.0,82.5,357.0,95.7,3498.0,83.7,591.0,18.8,70.0,19.6,661.0,18.9,381.0,64.5,24.0,34.3,405.0,61.3,0.0,0.0,0.0,0.0,0.0,0.0,0.0,0.0,0.0,0.0,0.0,0.0,0.0,0.0,0.0,0.0,0.0,0.0,21.2787,81.8661,2023-08-23,South
803,Goa,0.0,0.0,0.0,0.0,0.0,0.0,0.0,0.0,0.0,0.0,0.0,0.0,0.0,0.0,0.0,0.0,0.0,0.0,52549.0,94.6,4025.0,91.6,56574.0,94.4,9966.0,19.0,262.0,6.5,10228.0,18.1,4454.0,44.7,114.0,43.5,4568.0,44.7,0.0,0.0,0.0,0.0,0.0,0.0,0.0,0.0,0.0,0.0,0.0,0.0,0.0,0.0,0.0,0.0,0.0,0.0,28.7041,77.1025,2023-05-06,West
804,Uttarakhand,0.0,0.0,0.0,0.0,0.0,0.0,0.0,0.0,0.0,0.0,0.0,0.0,0.0,0.0,0.0,0.0,0.0,0.0,1480.0,97.0,2.0,100.0,1482.0,97.1,224.0,15.1,1.0,50.0,225.0,15.2,220.0,98.2,1.0,100.0,221.0,98.2,0.0,0.0,0.0,0.0,0.0,0.0,0.0,0.0,0.0,0.0,0.0,0.0,0.0,0.0,0.0,0.0,0.0,0.0,15.2993,74.124,2023-06-10,North
805,Andhra Pradesh,0.0,0.0,0.0,0.0,0.0,0.0,0.0,0.0,0.0,0.0,0.0,0.0,0.0,0.0,0.0,0.0,0.0,0.0,40507.0,84.9,7662.0,78.1,48169.0,83.7,1693.0,4.2,85.0,1.1,1778.0,3.7,278.0,16.4,4.0,4.7,282.0,15.9,0.0,0.0,0.0,0.0,0.0,0.0,0.0,0.0,0.0,0.0,0.0,0.0,0.0,0.0,0.0,0.0,0.0,0.0,22.2587,71.1924,2023-07-17,South
806,Karnataka,0.0,0.0,0.0,0.0,0.0,0.0,0.0,0.0,0.0,0.0,0.0,0.0,0.0,0.0,0.0,0.0,0.0,0.0,106155.0,80.6,28475.0,73.7,134630.0,79.1,9100.0,8.6,1541.0,5.4,10641.0,7.9,3141.0,34.5,572.0,37.1,3713.0,34.9,0.0,0.0,0.0,0.0,0.0,0.0,0.0,0.0,0.0,0.0,0.0,0.0,0.0,0.0,0.0,0.0,0.0,0.0,29.0588,76.0856,2023-08-07,South
807,Telangana,0.0,0.0,0.0,0.0,0.0,0.0,0.0,0.0,0.0,0.0,0.0,0.0,0.0,0.0,0.0,0.0,0.0,0.0,947.0,70.8,49.0,66.2,996.0,70.5,77.0,8.1,2.0,4.1,79.0,7.9,5.0,6.5,1.0,50.0,6.0,7.6,0.0,0.0,0.0,0.0,0.0,0.0,0.0,0.0,0.0,0.0,0.0,0.0,0.0,0.0,0.0,0.0,0.0,0.0,31.1048,77.1734,2023-10-29,South
808,Nagaland,0.0,0.0,0.0,0.0,0.0,0.0,0.0,0.0,0.0,0.0,0.0,0.0,0.0,0.0,0.0,0.0,0.0,0.0,71409.0,91.2,12182.0,68.9,83591.0,87.1,13718.0,19.2,958.0,7.9,14676.0,17.6,3231.0,23.6,165.0,17.2,3396.0,23.1,0.0,0.0,0.0,0.0,0.0,0.0,0.0,0.0,0.0,0.0,0.0,0.0,0.0,0.0,0.0,0.0,0.0,0.0,33.7782,76.5762,2023-12-30,North East
809,Meghalaya,0.0,0.0,0.0,0.0,0.0,0.0,0.0,0.0,0.0,0.0,0.0,0.0,0.0,0.0,0.0,0.0,0.0,0.0,51000.0,93.5,16920.0,90.6,67920.0,92.8,6533.0,12.8,754.0,4.5,7287.0,10.7,3455.0,52.9,428.0,56.8,3883.0,53.3,0.0,0.0,0.0,0.0,0.0,0.0,0.0,0.0,0.0,0.0,0.0,0.0,0.0,0.0,0.0,0.0,0.0,0.0,23.6102,85.2799,2023-01-11,North East
810,Jharkhand,0.0,0.0,0.0,0.0,0.0,0.0,0.0,0.0,0.0,0.0,0.0,0.0,0.0,0.0,0.0,0.0,0.0,0.0,2215.0,68.0,31.0,77.5,2246.0,68.2,478.0,21.6,0.0,0.0,478.0,21.3,44.0,9.2,0.0,0.0,44.0,9.2,0.0,0.0,0.0,0.0,0.0,0.0,0.0,0.0,0.0,0.0,0.0,0.0,0.0,0.0,0.0,0.0,0.0,0.0,15.3173,75.7139,2023-04-20,East
811,Uttar Pradesh,0.0,0.0,0.0,0.0,0.0,0.0,0.0,0.0,0.0,0.0,0.0,0.0,0.0,0.0,0.0,0.0,0.0,0.0,301001.0,71.8,57695.0,49.4,358696.0,66.9,29311.0,9.7,1686.0,2.9,30997.0,8.6,6824.0,23.3,236.0,14.0,7060.0,22.8,0.0,0.0,0.0,0.0,0.0,0.0,0.0,0.0,0.0,0.0,0.0,0.0,0.0,0.0,0.0,0.0,0.0,0.0,10.8505,76.2711,2023-12-29,North
812,Odisha,0.0,0.0,0.0,0.0,0.0,0.0,0.0,0.0,0.0,0.0,0.0,0.0,0.0,0.0,0.0,0.0,0.0,0.0,21611.0,95.1,4206.0,90.5,25817.0,94.4,2492.0,11.5,185.0,4.4,2677.0,10.4,800.0,32.1,38.0,20.5,838.0,31.3,0.0,0.0,0.0,0.0,0.0,0.0,0.0,0.0,0.0,0.0,0.0,0.0,0.0,0.0,0.0,0.0,0.0,0.0,34.1526,77.577,2023-03-27,East
813,Sikkim,0.0,0.0,0.0,0.0,0.0,0.0,0.0,0.0,0.0,0.0,0.0,0.0,0.0,0.0,0.0,0.0,0.0,0.0,80975.0,86.3,6168.0,77.1,87143.0,85.6,18126.0,22.4,1100.0,17.8,19226.0,22.1,6173.0,34.1,353.0,32.1,6526.0,33.9,0.0,0.0,0.0,0.0,0.0,0.0,0.0,0.0,0.0,0.0,0.0,0.0,0.0,0.0,0.0,0.0,0.0,0.0,10.328,72.7846,2023-03-19,North East
814,West Bengal,0.0,0.0,0.0,0.0,0.0,0.0,0.0,0.0,0.0,0.0,0.0,0.0,0.0,0.0,0.0,0.0,0.0,0.0,1473433.0,79.5,354179.0,62.4,1827612.0,75.5,194531.0,13.2,16012.0,4.5,210543.0,11.5,62753.0,32.3,4404.0,27.5,67157.0,31.9,0.0,0.0,0.0,0.0,0.0,0.0,0.0,0.0,0.0,0.0,0.0,0.0,0.0,0.0,0.0,0.0,0.0,0.0,22.9734,78.6569,2023-08-13,East
815,Jharkhand,0.0,0.0,0.0,0.0,0.0,0.0,0.0,0.0,0.0,0.0,0.0,0.0,0.0,0.0,0.0,0.0,0.0,0.0,0.0,0.0,0.0,0.0,0.0,0.0,0.0,0.0,0.0,0.0,0.0,0.0,0.0,0.0,0.0,0.0,0.0,0.0,490.0,90.1,3.0,75.0,493.0,90.0,90.0,18.4,0.0,0.0,90.0,18.3,26.0,28.9,0.0,0.0,26.0,28.9,19.7515,75.7139,2023-02-21,East
816,Bihar,0.0,0.0,0.0,0.0,0.0,0.0,0.0,0.0,0.0,0.0,0.0,0.0,0.0,0.0,0.0,0.0,0.0,0.0,0.0,0.0,0.0,0.0,0.0,0.0,0.0,0.0,0.0,0.0,0.0,0.0,0.0,0.0,0.0,0.0,0.0,0.0,63257.0,95.7,26303.0,97.5,89560.0,96.2,8187.0,12.9,1208.0,4.6,9395.0,10.5,1901.0,23.2,265.0,21.9,2166.0,23.1,24.6637,93.9063,2023-06-12,East
817,Gujarat,0.0,0.0,0.0,0.0,0.0,0.0,0.0,0.0,0.0,0.0,0.0,0.0,0.0,0.0,0.0,0.0,0.0,0.0,0.0,0.0,0.0,0.0,0.0,0.0,0.0,0.0,0.0,0.0,0.0,0.0,0.0,0.0,0.0,0.0,0.0,0.0,2240.0,74.4,3.0,50.0,2243.0,74.4,245.0,10.9,0.0,0.0,245.0,10.9,140.0,57.1,0.0,0.0,140.0,57.1,25.467,91.3662,2023-06-26,West
818,Rajasthan,0.0,0.0,0.0,0.0,0.0,0.0,0.0,0.0,0.0,0.0,0.0,0.0,0.0,0.0,0.0,0.0,0.0,0.0,0.0,0.0,0.0,0.0,0.0,0.0,0.0,0.0,0.0,0.0,0.0,0.0,0.0,0.0,0.0,0.0,0.0,0.0,29582.0,70.4,4366.0,73.7,33948.0,70.8,5161.0,17.4,179.0,4.1,5340.0,15.7,1244.0,24.1,71.0,39.7,1315.0,24.6,23.1645,92.9376,2023-09-13,North
819,Gujarat,0.0,0.0,0.0,0.0,0.0,0.0,0.0,0.0,0.0,0.0,0.0,0.0,0.0,0.0,0.0,0.0,0.0,0.0,0.0,0.0,0.0,0.0,0.0,0.0,0.0,0.0,0.0,0.0,0.0,0.0,0.0,0.0,0.0,0.0,0.0,0.0,44246.0,54.4,35745.0,42.3,79991.0,48.2,781.0,1.8,254.0,0.7,1035.0,1.3,254.0,32.5,9.0,3.5,263.0,25.4,26.1584,94.5624,2023-03-16,West
820,Assam,0.0,0.0,0.0,0.0,0.0,0.0,0.0,0.0,0.0,0.0,0.0,0.0,0.0,0.0,0.0,0.0,0.0,0.0,0.0,0.0,0.0,0.0,0.0,0.0,0.0,0.0,0.0,0.0,0.0,0.0,0.0,0.0,0.0,0.0,0.0,0.0,3487.0,93.8,47.0,73.4,3534.0,93.4,209.0,6.0,1.0,2.1,210.0,5.9,39.0,18.7,1.0,100.0,40.0,19.0,20.9517,85.0985,2023-01-04,North East
821,Odisha,0.0,0.0,0.0,0.0,0.0,0.0,0.0,0.0,0.0,0.0,0.0,0.0,0.0,0.0,0.0,0.0,0.0,0.0,0.0,0.0,0.0,0.0,0.0,0.0,0.0,0.0,0.0,0.0,0.0,0.0,0.0,0.0,0.0,0.0,0.0,0.0,24653.0,83.7,5734.0,61.8,30387.0,78.5,5395.0,21.9,247.0,4.3,5642.0,18.6,2606.0,48.3,114.0,46.2,2720.0,48.2,11.9416,79.8083,2023-08-28,East
822,Bihar,0.0,0.0,0.0,0.0,0.0,0.0,0.0,0.0,0.0,0.0,0.0,0.0,0.0,0.0,0.0,0.0,0.0,0.0,0.0,0.0,0.0,0.0,0.0,0.0,0.0,0.0,0.0,0.0,0.0,0.0,0.0,0.0,0.0,0.0,0.0,0.0,562.0,66.5,58.0,76.3,620.0,67.3,59.0,10.5,3.0,5.2,62.0,10.0,31.0,52.5,1.0,33.3,32.0,51.6,31.1471,75.3412,2023-05-12,East
823,Manipur,0.0,0.0,0.0,0.0,0.0,0.0,0.0,0.0,0.0,0.0,0.0,0.0,0.0,0.0,0.0,0.0,0.0,0.0,0.0,0.0,0.0,0.0,0.0,0.0,0.0,0.0,0.0,0.0,0.0,0.0,0.0,0.0,0.0,0.0,0.0,0.0,50682.0,65.0,1660.0,16.2,52342.0,59.3,3074.0,6.1,18.0,1.1,3092.0,5.9,619.0,20.1,4.0,22.2,623.0,20.1,27.0238,74.2179,2023-10-09,North East
824,Odisha,0.0,0.0,0.0,0.0,0.0,0.0,0.0,0.0,0.0,0.0,0.0,0.0,0.0,0.0,0.0,0.0,0.0,0.0,0.0,0.0,0.0,0.0,0.0,0.0,0.0,0.0,0.0,0.0,0.0,0.0,0.0,0.0,0.0,0.0,0.0,0.0,1563.0,93.2,28.0,7.1,1591.0,76.7,120.0,7.7,2.0,7.1,122.0,7.7,16.0,13.3,0.0,0.0,16.0,13.1,27.532,88.5122,2023-10-31,East
825,Meghalaya,0.0,0.0,0.0,0.0,0.0,0.0,0.0,0.0,0.0,0.0,0.0,0.0,0.0,0.0,0.0,0.0,0.0,0.0,0.0,0.0,0.0,0.0,0.0,0.0,0.0,0.0,0.0,0.0,0.0,0.0,0.0,0.0,0.0,0.0,0.0,0.0,103459.0,95.2,35556.0,90.1,139015.0,93.8,5707.0,5.5,493.0,1.4,6200.0,4.5,2455.0,43.0,252.0,51.1,2707.0,43.7,11.1271,78.6569,2023-11-24,North East
826,Nagaland,0.0,0.0,0.0,0.0,0.0,0.0,0.0,0.0,0.0,0.0,0.0,0.0,0.0,0.0,0.0,0.0,0.0,0.0,0.0,0.0,0.0,0.0,0.0,0.0,0.0,0.0,0.0,0.0,0.0,0.0,0.0,0.0,0.0,0.0,0.0,0.0,54295.0,88.6,14079.0,80.9,68374.0,86.9,1790.0,3.3,238.0,1.7,2028.0,3.0,729.0,40.7,99.0,41.6,828.0,40.8,18.1124,79.0193,2023-01-30,North East
827,Telangana,0.0,0.0,0.0,0.0,0.0,0.0,0.0,0.0,0.0,0.0,0.0,0.0,0.0,0.0,0.0,0.0,0.0,0.0,0.0,0.0,0.0,0.0,0.0,0.0,0.0,0.0,0.0,0.0,0.0,0.0,0.0,0.0,0.0,0.0,0.0,0.0,15509.0,96.7,429.0,91.7,15938.0,96.6,1379.0,8.9,17.0,4.0,1396.0,8.8,1176.0,85.3,10.0,58.8,1186.0,85.0,23.9408,91.9882,2023-10-07,South
828,Sikkim,0.0,0.0,0.0,0.0,0.0,0.0,0.0,0.0,0.0,0.0,0.0,0.0,0.0,0.0,0.0,0.0,0.0,0.0,0.0,0.0,0.0,0.0,0.0,0.0,0.0,0.0,0.0,0.0,0.0,0.0,0.0,0.0,0.0,0.0,0.0,0.0,10172.0,89.4,514.0,88.3,10686.0,89.3,430.0,4.2,5.0,1.0,435.0,4.1,222.0,51.6,4.0,80.0,226.0,52.0,26.8467,80.9462,2023-01-20,North East
829,Himachal Pradesh,0.0,0.0,0.0,0.0,0.0,0.0,0.0,0.0,0.0,0.0,0.0,0.0,0.0,0.0,0.0,0.0,0.0,0.0,0.0,0.0,0.0,0.0,0.0,0.0,0.0,0.0,0.0,0.0,0.0,0.0,0.0,0.0,0.0,0.0,0.0,0.0,35773.0,76.2,4537.0,39.4,40310.0,68.9,3335.0,9.3,48.0,1.1,3383.0,8.4,885.0,26.5,16.0,33.3,901.0,26.6,30.0668,79.0193,2023-09-08,North
830,Assam,0.0,0.0,0.0,0.0,0.0,0.0,0.0,0.0,0.0,0.0,0.0,0.0,0.0,0.0,0.0,0.0,0.0,0.0,0.0,0.0,0.0,0.0,0.0,0.0,0.0,0.0,0.0,0.0,0.0,0.0,0.0,0.0,0.0,0.0,0.0,0.0,59273.0,88.0,9629.0,81.8,68902.0,87.1,8964.0,15.1,409.0,4.2,9373.0,13.6,2538.0,28.3,110.0,26.9,2648.0,28.3,22.9868,87.855,2023-03-27,North East
831,Andhra Pradesh,0.0,0.0,0.0,0.0,0.0,0.0,0.0,0.0,0.0,0.0,0.0,0.0,0.0,0.0,0.0,0.0,0.0,0.0,0.0,0.0,0.0,0.0,0.0,0.0,0.0,0.0,0.0,0.0,0.0,0.0,0.0,0.0,0.0,0.0,0.0,0.0,17510.0,84.9,2003.0,69.1,19513.0,83.0,2660.0,15.2,101.0,5.0,2761.0,14.1,1270.0,47.7,38.0,37.6,1308.0,47.4,20.5937,78.9629,2023-07-23,South
832,Uttarakhand,0.0,0.0,0.0,0.0,0.0,0.0,0.0,0.0,0.0,0.0,0.0,0.0,0.0,0.0,0.0,0.0,0.0,0.0,0.0,0.0,0.0,0.0,0.0,0.0,0.0,0.0,0.0,0.0,0.0,0.0,0.0,0.0,0.0,0.0,0.0,0.0,292.0,87.4,8.0,72.7,300.0,87.0,17.0,5.8,1.0,12.5,18.0,6.0,3.0,17.6,1.0,100.0,4.0,22.2,11.667,92.735,2023-05-14,North
833,Tamil Nadu,0.0,0.0,0.0,0.0,0.0,0.0,0.0,0.0,0.0,0.0,0.0,0.0,0.0,0.0,0.0,0.0,0.0,0.0,0.0,0.0,0.0,0.0,0.0,0.0,0.0,0.0,0.0,0.0,0.0,0.0,0.0,0.0,0.0,0.0,0.0,0.0,22.0,100.0,0.0,0.0,22.0,100.0,0.0,0.0,0.0,0.0,0.0,0.0,0.0,0.0,0.0,0.0,0.0,0.0,15.9129,79.74,2023-10-17,South
834,Jharkhand,0.0,0.0,0.0,0.0,0.0,0.0,0.0,0.0,0.0,0.0,0.0,0.0,0.0,0.0,0.0,0.0,0.0,0.0,0.0,0.0,0.0,0.0,0.0,0.0,0.0,0.0,0.0,0.0,0.0,0.0,0.0,0.0,0.0,0.0,0.0,0.0,79128.0,56.6,19701.0,40.0,98829.0,52.3,5170.0,6.5,275.0,1.4,5445.0,5.5,1110.0,21.5,53.0,19.3,1163.0,21.4,28.218,94.7278,2023-03-14,East
835,Meghalaya,0.0,0.0,0.0,0.0,0.0,0.0,0.0,0.0,0.0,0.0,0.0,0.0,0.0,0.0,0.0,0.0,0.0,0.0,0.0,0.0,0.0,0.0,0.0,0.0,0.0,0.0,0.0,0.0,0.0,0.0,0.0,0.0,0.0,0.0,0.0,0.0,126323.0,82.9,52493.0,67.9,178816.0,77.8,6857.0,5.4,718.0,1.4,7575.0,4.2,2469.0,36.0,226.0,31.5,2695.0,35.6,26.2006,92.9376,2023-10-25,North East
836,Chhattisgarh,0.0,0.0,0.0,0.0,0.0,0.0,0.0,0.0,0.0,0.0,0.0,0.0,0.0,0.0,0.0,0.0,0.0,0.0,0.0,0.0,0.0,0.0,0.0,0.0,0.0,0.0,0.0,0.0,0.0,0.0,0.0,0.0,0.0,0.0,0.0,0.0,1720.0,72.6,126.0,49.0,1846.0,70.3,251.0,14.6,8.0,6.3,259.0,14.0,79.0,31.5,1.0,12.5,80.0,30.9,25.0961,85.3131,2023-02-16,Central
837,Haryana,0.0,0.0,0.0,0.0,0.0,0.0,0.0,0.0,0.0,0.0,0.0,0.0,0.0,0.0,0.0,0.0,0.0,0.0,0.0,0.0,0.0,0.0,0.0,0.0,0.0,0.0,0.0,0.0,0.0,0.0,0.0,0.0,0.0,0.0,0.0,0.0,3538.0,76.2,148.0,46.0,3686.0,74.3,746.0,21.1,7.0,4.7,753.0,20.4,168.0,22.5,0.0,0.0,168.0,22.3,30.7333,76.7794,2023-05-26,North
838,Jharkhand,0.0,0.0,0.0,0.0,0.0,0.0,0.0,0.0,0.0,0.0,0.0,0.0,0.0,0.0,0.0,0.0,0.0,0.0,0.0,0.0,0.0,0.0,0.0,0.0,0.0,0.0,0.0,0.0,0.0,0.0,0.0,0.0,0.0,0.0,0.0,0.0,2025.0,97.1,20.0,100.0,2045.0,97.1,240.0,11.9,2.0,10.0,242.0,11.8,105.0,43.8,0.0,0.0,105.0,43.4,21.2787,81.8661,2023-02-22,East
839,Arunachal Pradesh,0.0,0.0,0.0,0.0,0.0,0.0,0.0,0.0,0.0,0.0,0.0,0.0,0.0,0.0,0.0,0.0,0.0,0.0,0.0,0.0,0.0,0.0,0.0,0.0,0.0,0.0,0.0,0.0,0.0,0.0,0.0,0.0,0.0,0.0,0.0,0.0,3127.0,82.2,351.0,94.1,3478.0,83.2,312.0,10.0,10.0,2.8,322.0,9.3,198.0,63.5,0.0,0.0,198.0,61.5,28.7041,77.1025,2023-02-26,North East
840,Meghalaya,0.0,0.0,0.0,0.0,0.0,0.0,0.0,0.0,0.0,0.0,0.0,0.0,0.0,0.0,0.0,0.0,0.0,0.0,0.0,0.0,0.0,0.0,0.0,0.0,0.0,0.0,0.0,0.0,0.0,0.0,0.0,0.0,0.0,0.0,0.0,0.0,52157.0,93.9,3969.0,90.3,56126.0,93.6,8665.0,16.6,251.0,6.3,8916.0,15.9,4024.0,46.4,103.0,41.0,4127.0,46.3,15.2993,74.124,2023-11-03,North East
841,Karnataka,0.0,0.0,0.0,0.0,0.0,0.0,0.0,0.0,0.0,0.0,0.0,0.0,0.0,0.0,0.0,0.0,0.0,0.0,0.0,0.0,0.0,0.0,0.0,0.0,0.0,0.0,0.0,0.0,0.0,0.0,0.0,0.0,0.0,0.0,0.0,0.0,1467.0,96.2,2.0,100.0,1469.0,96.2,320.0,21.8,0.0,0.0,320.0,21.8,315.0,98.4,0.0,0.0,315.0,98.4,22.2587,71.1924,2023-06-21,South
842,Gujarat,0.0,0.0,0.0,0.0,0.0,0.0,0.0,0.0,0.0,0.0,0.0,0.0,0.0,0.0,0.0,0.0,0.0,0.0,0.0,0.0,0.0,0.0,0.0,0.0,0.0,0.0,0.0,0.0,0.0,0.0,0.0,0.0,0.0,0.0,0.0,0.0,40121.0,84.1,7502.0,76.4,47623.0,82.8,1531.0,3.8,72.0,1.0,1603.0,3.4,280.0,18.3,6.0,8.3,286.0,17.8,29.0588,76.0856,2023-02-20,West
843,Sikkim,0.0,0.0,0.0,0.0,0.0,0.0,0.0,0.0,0.0,0.0,0.0,0.0,0.0,0.0,0.0,0.0,0.0,0.0,0.0,0.0,0.0,0.0,0.0,0.0,0.0,0.0,0.0,0.0,0.0,0.0,0.0,0.0,0.0,0.0,0.0,0.0,104335.0,79.3,28427.0,73.6,132762.0,78.0,3343.0,3.2,450.0,1.6,3793.0,2.9,1071.0,32.0,191.0,42.4,1262.0,33.3,31.1048,77.1734,2023-06-22,North East
844,Meghalaya,0.0,0.0,0.0,0.0,0.0,0.0,0.0,0.0,0.0,0.0,0.0,0.0,0.0,0.0,0.0,0.0,0.0,0.0,0.0,0.0,0.0,0.0,0.0,0.0,0.0,0.0,0.0,0.0,0.0,0.0,0.0,0.0,0.0,0.0,0.0,0.0,983.0,73.5,48.0,64.9,1031.0,73.0,60.0,6.1,2.0,4.2,62.0,6.0,4.0,6.7,1.0,50.0,5.0,8.1,33.7782,76.5762,2023-09-14,North East
845,Karnataka,0.0,0.0,0.0,0.0,0.0,0.0,0.0,0.0,0.0,0.0,0.0,0.0,0.0,0.0,0.0,0.0,0.0,0.0,0.0,0.0,0.0,0.0,0.0,0.0,0.0,0.0,0.0,0.0,0.0,0.0,0.0,0.0,0.0,0.0,0.0,0.0,71063.0,90.8,12009.0,68.0,83072.0,86.6,16475.0,23.2,979.0,8.2,17454.0,21.0,3754.0,22.8,170.0,17.4,3924.0,22.5,23.6102,85.2799,2023-01-31,South
846,West Bengal,0.0,0.0,0.0,0.0,0.0,0.0,0.0,0.0,0.0,0.0,0.0,0.0,0.0,0.0,0.0,0.0,0.0,0.0,0.0,0.0,0.0,0.0,0.0,0.0,0.0,0.0,0.0,0.0,0.0,0.0,0.0,0.0,0.0,0.0,0.0,0.0,50793.0,93.1,16883.0,90.4,67676.0,92.4,7172.0,14.1,871.0,5.2,8043.0,11.9,3827.0,53.4,474.0,54.4,4301.0,53.5,15.3173,75.7139,2023-03-11,East
847,Madhya Pradesh,0.0,0.0,0.0,0.0,0.0,0.0,0.0,0.0,0.0,0.0,0.0,0.0,0.0,0.0,0.0,0.0,0.0,0.0,0.0,0.0,0.0,0.0,0.0,0.0,0.0,0.0,0.0,0.0,0.0,0.0,0.0,0.0,0.0,0.0,0.0,0.0,2177.0,66.9,32.0,80.0,2209.0,67.0,495.0,22.7,0.0,0.0,495.0,22.4,72.0,14.5,0.0,0.0,72.0,14.5,10.8505,76.2711,2023-06-05,Central
848,Sikkim,0.0,0.0,0.0,0.0,0.0,0.0,0.0,0.0,0.0,0.0,0.0,0.0,0.0,0.0,0.0,0.0,0.0,0.0,0.0,0.0,0.0,0.0,0.0,0.0,0.0,0.0,0.0,0.0,0.0,0.0,0.0,0.0,0.0,0.0,0.0,0.0,291692.0,69.6,56031.0,48.0,347723.0,64.9,9876.0,3.4,506.0,0.9,10382.0,3.0,2846.0,28.8,76.0,15.0,2922.0,28.1,34.1526,77.577,2023-11-27,North East
849,Sikkim,0.0,0.0,0.0,0.0,0.0,0.0,0.0,0.0,0.0,0.0,0.0,0.0,0.0,0.0,0.0,0.0,0.0,0.0,0.0,0.0,0.0,0.0,0.0,0.0,0.0,0.0,0.0,0.0,0.0,0.0,0.0,0.0,0.0,0.0,0.0,0.0,21322.0,93.9,4180.0,89.9,25502.0,93.2,1645.0,7.7,106.0,2.5,1751.0,6.9,610.0,37.1,21.0,19.8,631.0,36.0,10.328,72.7846,2023-04-14,North East
850,Tamil Nadu,0.0,0.0,0.0,0.0,0.0,0.0,0.0,0.0,0.0,0.0,0.0,0.0,0.0,0.0,0.0,0.0,0.0,0.0,0.0,0.0,0.0,0.0,0.0,0.0,0.0,0.0,0.0,0.0,0.0,0.0,0.0,0.0,0.0,0.0,0.0,0.0,79395.0,84.6,6058.0,75.7,85453.0,83.9,10784.0,13.6,587.0,9.7,11371.0,13.3,3814.0,35.4,218.0,37.1,4032.0,35.5,22.9734,78.6569,2023-05-25,South
851,Andhra Pradesh,0.0,0.0,0.0,0.0,0.0,0.0,0.0,0.0,0.0,0.0,0.0,0.0,0.0,0.0,0.0,0.0,0.0,0.0,0.0,0.0,0.0,0.0,0.0,0.0,0.0,0.0,0.0,0.0,0.0,0.0,0.0,0.0,0.0,0.0,0.0,0.0,1448433.0,78.1,348682.0,61.4,1797115.0,74.2,121545.0,8.4,8068.0,2.3,129613.0,7.2,40900.0,33.7,2535.0,31.4,43435.0,33.5,19.7515,75.7139,2023-03-28,South
852,Kerala,518.0,95.2,3.0,75.0,521.0,95.1,97.0,18.7,1.0,33.3,98.0,18.8,69.0,71.1,1.0,100.0,70.0,71.4,0.0,0.0,0.0,0.0,0.0,0.0,0.0,0.0,0.0,0.0,0.0,0.0,0.0,0.0,0.0,0.0,0.0,0.0,0.0,0.0,0.0,0.0,0.0,0.0,0.0,0.0,0.0,0.0,0.0,0.0,0.0,0.0,0.0,0.0,0.0,0.0,24.6637,93.9063,2023-05-14,South
853,Telangana,65235.0,98.7,26883.0,99.6,92118.0,98.9,8816.0,13.5,2940.0,10.9,11756.0,12.8,6282.0,71.3,1671.0,56.8,7953.0,67.7,0.0,0.0,0.0,0.0,0.0,0.0,0.0,0.0,0.0,0.0,0.0,0.0,0.0,0.0,0.0,0.0,0.0,0.0,0.0,0.0,0.0,0.0,0.0,0.0,0.0,0.0,0.0,0.0,0.0,0.0,0.0,0.0,0.0,0.0,0.0,0.0,25.467,91.3662,2023-11-01,South
854,Andhra Pradesh,2378.0,79.0,3.0,50.0,2381.0,79.0,59.0,2.5,0.0,0.0,59.0,2.5,28.0,47.5,0.0,0.0,28.0,47.5,0.0,0.0,0.0,0.0,0.0,0.0,0.0,0.0,0.0,0.0,0.0,0.0,0.0,0.0,0.0,0.0,0.0,0.0,0.0,0.0,0.0,0.0,0.0,0.0,0.0,0.0,0.0,0.0,0.0,0.0,0.0,0.0,0.0,0.0,0.0,0.0,23.1645,92.9376,2023-04-25,South
855,Andhra Pradesh,34011.0,81.0,4929.0,83.2,38940.0,81.2,2554.0,7.5,499.0,10.1,3053.0,7.8,1003.0,39.3,179.0,35.9,1182.0,38.7,0.0,0.0,0.0,0.0,0.0,0.0,0.0,0.0,0.0,0.0,0.0,0.0,0.0,0.0,0.0,0.0,0.0,0.0,0.0,0.0,0.0,0.0,0.0,0.0,0.0,0.0,0.0,0.0,0.0,0.0,0.0,0.0,0.0,0.0,0.0,0.0,26.1584,94.5624,2023-02-28,South
856,Uttarakhand,53768.0,66.1,74114.0,87.7,127882.0,77.1,3062.0,5.7,3801.0,5.1,6863.0,5.4,1489.0,48.6,811.0,21.3,2300.0,33.5,0.0,0.0,0.0,0.0,0.0,0.0,0.0,0.0,0.0,0.0,0.0,0.0,0.0,0.0,0.0,0.0,0.0,0.0,0.0,0.0,0.0,0.0,0.0,0.0,0.0,0.0,0.0,0.0,0.0,0.0,0.0,0.0,0.0,0.0,0.0,0.0,20.9517,85.0985,2023-07-11,North
857,Tamil Nadu,3531.0,94.9,47.0,73.4,3578.0,94.6,316.0,8.9,5.0,10.6,321.0,9.0,248.0,78.5,5.0,100.0,253.0,78.8,0.0,0.0,0.0,0.0,0.0,0.0,0.0,0.0,0.0,0.0,0.0,0.0,0.0,0.0,0.0,0.0,0.0,0.0,0.0,0.0,0.0,0.0,0.0,0.0,0.0,0.0,0.0,0.0,0.0,0.0,0.0,0.0,0.0,0.0,0.0,0.0,11.9416,79.8083,2023-07-17,South
858,Arunachal Pradesh,26987.0,91.6,8243.0,88.8,35230.0,91.0,2473.0,9.2,639.0,7.8,3112.0,8.8,1184.0,47.9,155.0,24.3,1339.0,43.0,0.0,0.0,0.0,0.0,0.0,0.0,0.0,0.0,0.0,0.0,0.0,0.0,0.0,0.0,0.0,0.0,0.0,0.0,0.0,0.0,0.0,0.0,0.0,0.0,0.0,0.0,0.0,0.0,0.0,0.0,0.0,0.0,0.0,0.0,0.0,0.0,31.1471,75.3412,2023-07-01,North East
859,Arunachal Pradesh,838.0,99.2,76.0,100.0,914.0,99.2,56.0,6.7,3.0,3.9,59.0,6.5,46.0,82.1,2.0,66.7,48.0,81.4,0.0,0.0,0.0,0.0,0.0,0.0,0.0,0.0,0.0,0.0,0.0,0.0,0.0,0.0,0.0,0.0,0.0,0.0,0.0,0.0,0.0,0.0,0.0,0.0,0.0,0.0,0.0,0.0,0.0,0.0,0.0,0.0,0.0,0.0,0.0,0.0,27.0238,74.2179,2023-03-03,North East
860,Kerala,65700.0,84.2,5628.0,55.0,71328.0,80.8,5323.0,8.1,621.0,11.0,5944.0,8.3,2661.0,50.0,168.0,27.1,2829.0,47.6,0.0,0.0,0.0,0.0,0.0,0.0,0.0,0.0,0.0,0.0,0.0,0.0,0.0,0.0,0.0,0.0,0.0,0.0,0.0,0.0,0.0,0.0,0.0,0.0,0.0,0.0,0.0,0.0,0.0,0.0,0.0,0.0,0.0,0.0,0.0,0.0,27.532,88.5122,2023-11-23,South
861,Himachal Pradesh,1659.0,98.9,288.0,72.7,1947.0,93.9,332.0,20.0,45.0,15.6,377.0,19.4,300.0,90.4,25.0,55.6,325.0,86.2,0.0,0.0,0.0,0.0,0.0,0.0,0.0,0.0,0.0,0.0,0.0,0.0,0.0,0.0,0.0,0.0,0.0,0.0,0.0,0.0,0.0,0.0,0.0,0.0,0.0,0.0,0.0,0.0,0.0,0.0,0.0,0.0,0.0,0.0,0.0,0.0,11.1271,78.6569,2023-02-13,North
862,Uttarakhand,106333.0,97.8,35899.0,90.9,142232.0,96.0,5343.0,5.0,1250.0,3.5,6593.0,4.6,4304.0,80.6,991.0,79.3,5295.0,80.3,0.0,0.0,0.0,0.0,0.0,0.0,0.0,0.0,0.0,0.0,0.0,0.0,0.0,0.0,0.0,0.0,0.0,0.0,0.0,0.0,0.0,0.0,0.0,0.0,0.0,0.0,0.0,0.0,0.0,0.0,0.0,0.0,0.0,0.0,0.0,0.0,18.1124,79.0193,2023-04-02,North
863,Bihar,58171.0,95.0,15853.0,91.1,74024.0,94.1,4463.0,7.7,837.0,5.3,5300.0,7.2,3357.0,75.2,560.0,66.9,3917.0,73.9,0.0,0.0,0.0,0.0,0.0,0.0,0.0,0.0,0.0,0.0,0.0,0.0,0.0,0.0,0.0,0.0,0.0,0.0,0.0,0.0,0.0,0.0,0.0,0.0,0.0,0.0,0.0,0.0,0.0,0.0,0.0,0.0,0.0,0.0,0.0,0.0,23.9408,91.9882,2023-04-03,East
864,Sikkim,15885.0,99.1,455.0,97.2,16340.0,99.0,1484.0,9.3,27.0,5.9,1511.0,9.2,1136.0,76.5,21.0,77.8,1157.0,76.6,0.0,0.0,0.0,0.0,0.0,0.0,0.0,0.0,0.0,0.0,0.0,0.0,0.0,0.0,0.0,0.0,0.0,0.0,0.0,0.0,0.0,0.0,0.0,0.0,0.0,0.0,0.0,0.0,0.0,0.0,0.0,0.0,0.0,0.0,0.0,0.0,26.8467,80.9462,2023-05-03,North East
865,Meghalaya,10855.0,95.4,552.0,94.8,11407.0,95.4,729.0,6.7,40.0,7.2,769.0,6.7,378.0,51.9,31.0,77.5,409.0,53.2,0.0,0.0,0.0,0.0,0.0,0.0,0.0,0.0,0.0,0.0,0.0,0.0,0.0,0.0,0.0,0.0,0.0,0.0,0.0,0.0,0.0,0.0,0.0,0.0,0.0,0.0,0.0,0.0,0.0,0.0,0.0,0.0,0.0,0.0,0.0,0.0,30.0668,79.0193,2023-02-13,North East
866,Rajasthan,42246.0,90.0,9644.0,83.8,51890.0,88.8,2305.0,5.5,648.0,6.7,2953.0,5.7,1266.0,54.9,260.0,40.1,1526.0,51.7,0.0,0.0,0.0,0.0,0.0,0.0,0.0,0.0,0.0,0.0,0.0,0.0,0.0,0.0,0.0,0.0,0.0,0.0,0.0,0.0,0.0,0.0,0.0,0.0,0.0,0.0,0.0,0.0,0.0,0.0,0.0,0.0,0.0,0.0,0.0,0.0,22.9868,87.855,2023-05-11,North
867,West Bengal,64615.0,95.9,10593.0,90.0,75208.0,95.0,9616.0,14.9,975.0,9.2,10591.0,14.1,7379.0,76.7,742.0,76.1,8121.0,76.7,0.0,0.0,0.0,0.0,0.0,0.0,0.0,0.0,0.0,0.0,0.0,0.0,0.0,0.0,0.0,0.0,0.0,0.0,0.0,0.0,0.0,0.0,0.0,0.0,0.0,0.0,0.0,0.0,0.0,0.0,0.0,0.0,0.0,0.0,0.0,0.0,20.5937,78.9629,2023-10-03,East
868,Haryana,19388.0,94.1,2557.0,88.2,21945.0,93.3,6376.0,32.9,770.0,30.1,7146.0,32.6,4163.0,65.3,446.0,57.9,4609.0,64.5,0.0,0.0,0.0,0.0,0.0,0.0,0.0,0.0,0.0,0.0,0.0,0.0,0.0,0.0,0.0,0.0,0.0,0.0,0.0,0.0,0.0,0.0,0.0,0.0,0.0,0.0,0.0,0.0,0.0,0.0,0.0,0.0,0.0,0.0,0.0,0.0,11.667,92.735,2023-08-16,North
869,Maharashtra,306.0,91.6,9.0,81.8,315.0,91.3,7.0,2.3,1.0,11.1,8.0,2.5,6.0,85.7,1.0,100.0,7.0,87.5,0.0,0.0,0.0,0.0,0.0,0.0,0.0,0.0,0.0,0.0,0.0,0.0,0.0,0.0,0.0,0.0,0.0,0.0,0.0,0.0,0.0,0.0,0.0,0.0,0.0,0.0,0.0,0.0,0.0,0.0,0.0,0.0,0.0,0.0,0.0,0.0,15.9129,79.74,2023-08-16,West
870,Meghalaya,21.0,95.5,0.0,0.0,21.0,95.5,5.0,23.8,0.0,0.0,5.0,23.8,4.0,80.0,0.0,0.0,4.0,80.0,0.0,0.0,0.0,0.0,0.0,0.0,0.0,0.0,0.0,0.0,0.0,0.0,0.0,0.0,0.0,0.0,0.0,0.0,0.0,0.0,0.0,0.0,0.0,0.0,0.0,0.0,0.0,0.0,0.0,0.0,0.0,0.0,0.0,0.0,0.0,0.0,28.218,94.7278,2023-05-12,North East
871,Bihar,125381.0,89.8,46026.0,93.5,171407.0,90.7,6816.0,5.4,3221.0,7.0,10037.0,5.9,2983.0,43.8,1196.0,37.1,4179.0,41.6,0.0,0.0,0.0,0.0,0.0,0.0,0.0,0.0,0.0,0.0,0.0,0.0,0.0,0.0,0.0,0.0,0.0,0.0,0.0,0.0,0.0,0.0,0.0,0.0,0.0,0.0,0.0,0.0,0.0,0.0,0.0,0.0,0.0,0.0,0.0,0.0,26.2006,92.9376,2023-06-19,East
872,Maharashtra,148268.0,97.3,73877.0,95.5,222145.0,96.7,9416.0,6.4,4376.0,5.9,13792.0,6.2,6493.0,69.0,2543.0,58.1,9036.0,65.5,0.0,0.0,0.0,0.0,0.0,0.0,0.0,0.0,0.0,0.0,0.0,0.0,0.0,0.0,0.0,0.0,0.0,0.0,0.0,0.0,0.0,0.0,0.0,0.0,0.0,0.0,0.0,0.0,0.0,0.0,0.0,0.0,0.0,0.0,0.0,0.0,25.0961,85.3131,2023-11-22,West
873,Himachal Pradesh,1808.0,76.3,143.0,55.6,1951.0,74.3,275.0,15.2,11.0,7.7,286.0,14.7,129.0,46.9,2.0,18.2,131.0,45.8,0.0,0.0,0.0,0.0,0.0,0.0,0.0,0.0,0.0,0.0,0.0,0.0,0.0,0.0,0.0,0.0,0.0,0.0,0.0,0.0,0.0,0.0,0.0,0.0,0.0,0.0,0.0,0.0,0.0,0.0,0.0,0.0,0.0,0.0,0.0,0.0,30.7333,76.7794,2023-01-06,North
874,Maharashtra,3646.0,78.6,165.0,51.2,3811.0,76.8,216.0,5.9,4.0,2.4,220.0,5.8,142.0,65.7,3.0,75.0,145.0,65.9,0.0,0.0,0.0,0.0,0.0,0.0,0.0,0.0,0.0,0.0,0.0,0.0,0.0,0.0,0.0,0.0,0.0,0.0,0.0,0.0,0.0,0.0,0.0,0.0,0.0,0.0,0.0,0.0,0.0,0.0,0.0,0.0,0.0,0.0,0.0,0.0,21.2787,81.8661,2023-02-21,West
875,Sikkim,2056.0,98.6,20.0,100.0,2076.0,98.6,129.0,6.3,6.0,30.0,135.0,6.5,125.0,96.9,6.0,100.0,131.0,97.0,0.0,0.0,0.0,0.0,0.0,0.0,0.0,0.0,0.0,0.0,0.0,0.0,0.0,0.0,0.0,0.0,0.0,0.0,0.0,0.0,0.0,0.0,0.0,0.0,0.0,0.0,0.0,0.0,0.0,0.0,0.0,0.0,0.0,0.0,0.0,0.0,28.7041,77.1025,2023-08-28,North East
876,Karnataka,3165.0,83.2,349.0,93.6,3514.0,84.1,175.0,5.5,20.0,5.7,195.0,5.5,86.0,49.1,2.0,10.0,88.0,45.1,0.0,0.0,0.0,0.0,0.0,0.0,0.0,0.0,0.0,0.0,0.0,0.0,0.0,0.0,0.0,0.0,0.0,0.0,0.0,0.0,0.0,0.0,0.0,0.0,0.0,0.0,0.0,0.0,0.0,0.0,0.0,0.0,0.0,0.0,0.0,0.0,15.2993,74.124,2023-12-01,South
877,Mizoram,53597.0,96.5,4141.0,94.2,57738.0,96.3,4047.0,7.6,274.0,6.6,4321.0,7.5,3105.0,76.7,211.0,77.0,3316.0,76.7,0.0,0.0,0.0,0.0,0.0,0.0,0.0,0.0,0.0,0.0,0.0,0.0,0.0,0.0,0.0,0.0,0.0,0.0,0.0,0.0,0.0,0.0,0.0,0.0,0.0,0.0,0.0,0.0,0.0,0.0,0.0,0.0,0.0,0.0,0.0,0.0,22.2587,71.1924,2023-04-25,North East
878,Andhra Pradesh,1510.0,99.0,2.0,100.0,1512.0,99.0,464.0,30.7,0.0,0.0,464.0,30.7,445.0,95.9,0.0,0.0,445.0,95.9,0.0,0.0,0.0,0.0,0.0,0.0,0.0,0.0,0.0,0.0,0.0,0.0,0.0,0.0,0.0,0.0,0.0,0.0,0.0,0.0,0.0,0.0,0.0,0.0,0.0,0.0,0.0,0.0,0.0,0.0,0.0,0.0,0.0,0.0,0.0,0.0,29.0588,76.0856,2023-06-19,South
879,Haryana,43665.0,91.5,9006.0,91.8,52671.0,91.5,4930.0,11.3,676.0,7.5,5606.0,10.6,2266.0,46.0,170.0,25.1,2436.0,43.5,0.0,0.0,0.0,0.0,0.0,0.0,0.0,0.0,0.0,0.0,0.0,0.0,0.0,0.0,0.0,0.0,0.0,0.0,0.0,0.0,0.0,0.0,0.0,0.0,0.0,0.0,0.0,0.0,0.0,0.0,0.0,0.0,0.0,0.0,0.0,0.0,31.1048,77.1734,2023-03-14,North
880,Karnataka,119170.0,90.5,34317.0,88.8,153487.0,90.1,3484.0,2.9,1208.0,3.5,4692.0,3.1,2276.0,65.3,538.0,44.5,2814.0,60.0,0.0,0.0,0.0,0.0,0.0,0.0,0.0,0.0,0.0,0.0,0.0,0.0,0.0,0.0,0.0,0.0,0.0,0.0,0.0,0.0,0.0,0.0,0.0,0.0,0.0,0.0,0.0,0.0,0.0,0.0,0.0,0.0,0.0,0.0,0.0,0.0,33.7782,76.5762,2023-12-07,South
881,Bihar,1305.0,97.5,71.0,95.9,1376.0,97.5,118.0,9.0,4.0,5.6,122.0,8.9,106.0,89.8,3.0,75.0,109.0,89.3,0.0,0.0,0.0,0.0,0.0,0.0,0.0,0.0,0.0,0.0,0.0,0.0,0.0,0.0,0.0,0.0,0.0,0.0,0.0,0.0,0.0,0.0,0.0,0.0,0.0,0.0,0.0,0.0,0.0,0.0,0.0,0.0,0.0,0.0,0.0,0.0,23.6102,85.2799,2023-11-16,East
882,Odisha,76635.0,97.9,16054.0,90.8,92689.0,96.6,20196.0,26.4,3655.0,22.8,23851.0,25.7,19144.0,94.8,3179.0,87.0,22323.0,93.6,0.0,0.0,0.0,0.0,0.0,0.0,0.0,0.0,0.0,0.0,0.0,0.0,0.0,0.0,0.0,0.0,0.0,0.0,0.0,0.0,0.0,0.0,0.0,0.0,0.0,0.0,0.0,0.0,0.0,0.0,0.0,0.0,0.0,0.0,0.0,0.0,15.3173,75.7139,2023-07-27,East
883,Telangana,51411.0,94.3,17215.0,92.2,68626.0,93.7,3250.0,6.3,892.0,5.2,4142.0,6.0,2691.0,82.8,738.0,82.7,3429.0,82.8,0.0,0.0,0.0,0.0,0.0,0.0,0.0,0.0,0.0,0.0,0.0,0.0,0.0,0.0,0.0,0.0,0.0,0.0,0.0,0.0,0.0,0.0,0.0,0.0,0.0,0.0,0.0,0.0,0.0,0.0,0.0,0.0,0.0,0.0,0.0,0.0,10.8505,76.2711,2023-05-22,South
884,Tripura,3078.0,94.6,34.0,85.0,3112.0,94.4,473.0,15.4,6.0,17.6,479.0,15.4,182.0,38.5,0.0,0.0,182.0,38.0,0.0,0.0,0.0,0.0,0.0,0.0,0.0,0.0,0.0,0.0,0.0,0.0,0.0,0.0,0.0,0.0,0.0,0.0,0.0,0.0,0.0,0.0,0.0,0.0,0.0,0.0,0.0,0.0,0.0,0.0,0.0,0.0,0.0,0.0,0.0,0.0,34.1526,77.577,2023-06-18,North East
885,Kerala,390088.0,93.0,100893.0,86.5,490981.0,91.6,21480.0,5.5,1968.0,2.0,23448.0,4.8,8161.0,38.0,670.0,34.0,8831.0,37.7,0.0,0.0,0.0,0.0,0.0,0.0,0.0,0.0,0.0,0.0,0.0,0.0,0.0,0.0,0.0,0.0,0.0,0.0,0.0,0.0,0.0,0.0,0.0,0.0,0.0,0.0,0.0,0.0,0.0,0.0,0.0,0.0,0.0,0.0,0.0,0.0,10.328,72.7846,2023-09-05,South
886,Chhattisgarh,21948.0,96.6,4339.0,93.3,26287.0,96.1,1741.0,7.9,231.0,5.3,1972.0,7.5,670.0,38.5,121.0,52.4,791.0,40.1,0.0,0.0,0.0,0.0,0.0,0.0,0.0,0.0,0.0,0.0,0.0,0.0,0.0,0.0,0.0,0.0,0.0,0.0,0.0,0.0,0.0,0.0,0.0,0.0,0.0,0.0,0.0,0.0,0.0,0.0,0.0,0.0,0.0,0.0,0.0,0.0,22.9734,78.6569,2023-11-13,Central
887,Uttarakhand,87854.0,93.6,6472.0,80.9,94326.0,92.6,12541.0,14.3,910.0,14.1,13451.0,14.3,9590.0,76.5,710.0,78.0,10300.0,76.6,0.0,0.0,0.0,0.0,0.0,0.0,0.0,0.0,0.0,0.0,0.0,0.0,0.0,0.0,0.0,0.0,0.0,0.0,0.0,0.0,0.0,0.0,0.0,0.0,0.0,0.0,0.0,0.0,0.0,0.0,0.0,0.0,0.0,0.0,0.0,0.0,19.7515,75.7139,2023-08-23,North
888,Mizoram,1707030.0,92.1,508900.0,89.6,2215930.0,91.5,143167.0,8.4,30564.0,6.0,173731.0,7.8,93897.0,65.6,16161.0,52.9,110058.0,63.3,0.0,0.0,0.0,0.0,0.0,0.0,0.0,0.0,0.0,0.0,0.0,0.0,0.0,0.0,0.0,0.0,0.0,0.0,0.0,0.0,0.0,0.0,0.0,0.0,0.0,0.0,0.0,0.0,0.0,0.0,0.0,0.0,0.0,0.0,0.0,0.0,24.6637,93.9063,2023-10-23,North East
889,Rajasthan,0.0,0.0,0.0,0.0,0.0,0.0,0.0,0.0,0.0,0.0,0.0,0.0,0.0,0.0,0.0,0.0,0.0,0.0,495.0,91.0,3.0,75.0,498.0,90.9,89.0,18.0,0.0,0.0,89.0,17.9,30.0,33.7,0.0,0.0,30.0,33.7,0.0,0.0,0.0,0.0,0.0,0.0,0.0,0.0,0.0,0.0,0.0,0.0,0.0,0.0,0.0,0.0,0.0,0.0,25.467,91.3662,2023-04-20,North
890,Nagaland,0.0,0.0,0.0,0.0,0.0,0.0,0.0,0.0,0.0,0.0,0.0,0.0,0.0,0.0,0.0,0.0,0.0,0.0,63627.0,96.2,26477.0,98.1,90104.0,96.8,9786.0,15.4,1409.0,5.3,11195.0,12.4,2456.0,25.1,326.0,23.1,2782.0,24.9,0.0,0.0,0.0,0.0,0.0,0.0,0.0,0.0,0.0,0.0,0.0,0.0,0.0,0.0,0.0,0.0,0.0,0.0,23.1645,92.9376,2023-09-22,North East
891,Odisha,0.0,0.0,0.0,0.0,0.0,0.0,0.0,0.0,0.0,0.0,0.0,0.0,0.0,0.0,0.0,0.0,0.0,0.0,2256.0,75.0,3.0,50.0,2259.0,74.9,303.0,13.4,0.0,0.0,303.0,13.4,171.0,56.4,0.0,0.0,171.0,56.4,0.0,0.0,0.0,0.0,0.0,0.0,0.0,0.0,0.0,0.0,0.0,0.0,0.0,0.0,0.0,0.0,0.0,0.0,26.1584,94.5624,2023-01-01,East
892,Karnataka,0.0,0.0,0.0,0.0,0.0,0.0,0.0,0.0,0.0,0.0,0.0,0.0,0.0,0.0,0.0,0.0,0.0,0.0,30134.0,71.7,4074.0,68.8,34208.0,71.4,7929.0,26.3,325.0,8.0,8254.0,24.1,1497.0,18.9,93.0,28.6,1590.0,19.3,0.0,0.0,0.0,0.0,0.0,0.0,0.0,0.0,0.0,0.0,0.0,0.0,0.0,0.0,0.0,0.0,0.0,0.0,20.9517,85.0985,2023-06-20,South
893,Goa,0.0,0.0,0.0,0.0,0.0,0.0,0.0,0.0,0.0,0.0,0.0,0.0,0.0,0.0,0.0,0.0,0.0,0.0,44248.0,54.4,36165.0,42.8,80413.0,48.5,4139.0,9.4,1152.0,3.2,5291.0,6.6,917.0,22.2,41.0,3.6,958.0,18.1,0.0,0.0,0.0,0.0,0.0,0.0,0.0,0.0,0.0,0.0,0.0,0.0,0.0,0.0,0.0,0.0,0.0,0.0,11.9416,79.8083,2023-03-12,West
894,Haryana,0.0,0.0,0.0,0.0,0.0,0.0,0.0,0.0,0.0,0.0,0.0,0.0,0.0,0.0,0.0,0.0,0.0,0.0,3508.0,94.3,47.0,73.4,3555.0,94.0,305.0,8.7,2.0,4.3,307.0,8.6,60.0,19.7,0.0,0.0,60.0,19.5,0.0,0.0,0.0,0.0,0.0,0.0,0.0,0.0,0.0,0.0,0.0,0.0,0.0,0.0,0.0,0.0,0.0,0.0,31.1471,75.3412,2023-06-07,North
895,Haryana,0.0,0.0,0.0,0.0,0.0,0.0,0.0,0.0,0.0,0.0,0.0,0.0,0.0,0.0,0.0,0.0,0.0,0.0,25332.0,86.0,5815.0,62.7,31147.0,80.4,7986.0,31.5,336.0,5.8,8322.0,26.7,3595.0,45.0,140.0,41.7,3735.0,44.9,0.0,0.0,0.0,0.0,0.0,0.0,0.0,0.0,0.0,0.0,0.0,0.0,0.0,0.0,0.0,0.0,0.0,0.0,27.0238,74.2179,2023-12-09,North
896,Kerala,0.0,0.0,0.0,0.0,0.0,0.0,0.0,0.0,0.0,0.0,0.0,0.0,0.0,0.0,0.0,0.0,0.0,0.0,548.0,64.9,57.0,75.0,605.0,65.7,67.0,12.2,2.0,3.5,69.0,11.4,38.0,56.7,2.0,100.0,40.0,58.0,0.0,0.0,0.0,0.0,0.0,0.0,0.0,0.0,0.0,0.0,0.0,0.0,0.0,0.0,0.0,0.0,0.0,0.0,27.532,88.5122,2023-05-23,South
897,Bihar,0.0,0.0,0.0,0.0,0.0,0.0,0.0,0.0,0.0,0.0,0.0,0.0,0.0,0.0,0.0,0.0,0.0,0.0,51623.0,66.2,1686.0,16.5,53309.0,60.4,3440.0,6.7,16.0,0.9,3456.0,6.5,777.0,22.6,5.0,31.3,782.0,22.6,0.0,0.0,0.0,0.0,0.0,0.0,0.0,0.0,0.0,0.0,0.0,0.0,0.0,0.0,0.0,0.0,0.0,0.0,11.1271,78.6569,2023-09-19,East
898,Karnataka,0.0,0.0,0.0,0.0,0.0,0.0,0.0,0.0,0.0,0.0,0.0,0.0,0.0,0.0,0.0,0.0,0.0,0.0,1553.0,92.6,27.0,6.8,1580.0,76.2,105.0,6.8,1.0,3.7,106.0,6.7,8.0,7.6,1.0,100.0,9.0,8.5,0.0,0.0,0.0,0.0,0.0,0.0,0.0,0.0,0.0,0.0,0.0,0.0,0.0,0.0,0.0,0.0,0.0,0.0,18.1124,79.0193,2023-05-24,South
899,Tamil Nadu,0.0,0.0,0.0,0.0,0.0,0.0,0.0,0.0,0.0,0.0,0.0,0.0,0.0,0.0,0.0,0.0,0.0,0.0,104192.0,95.9,35780.0,90.6,139972.0,94.5,16920.0,16.2,2365.0,6.6,19285.0,13.8,7145.0,42.2,895.0,37.8,8040.0,41.7,0.0,0.0,0.0,0.0,0.0,0.0,0.0,0.0,0.0,0.0,0.0,0.0,0.0,0.0,0.0,0.0,0.0,0.0,23.9408,91.9882,2023-09-27,South
900,Odisha,0.0,0.0,0.0,0.0,0.0,0.0,0.0,0.0,0.0,0.0,0.0,0.0,0.0,0.0,0.0,0.0,0.0,0.0,54848.0,89.5,14373.0,82.6,69221.0,88.0,2572.0,4.7,486.0,3.4,3058.0,4.4,1044.0,40.6,161.0,33.1,1205.0,39.4,0.0,0.0,0.0,0.0,0.0,0.0,0.0,0.0,0.0,0.0,0.0,0.0,0.0,0.0,0.0,0.0,0.0,0.0,26.8467,80.9462,2023-04-23,East
901,Madhya Pradesh,0.0,0.0,0.0,0.0,0.0,0.0,0.0,0.0,0.0,0.0,0.0,0.0,0.0,0.0,0.0,0.0,0.0,0.0,15625.0,97.5,437.0,93.4,16062.0,97.4,1855.0,11.9,22.0,5.0,1877.0,11.7,1674.0,90.2,18.0,81.8,1692.0,90.1,0.0,0.0,0.0,0.0,0.0,0.0,0.0,0.0,0.0,0.0,0.0,0.0,0.0,0.0,0.0,0.0,0.0,0.0,30.0668,79.0193,2023-01-15,Central
902,Kerala,0.0,0.0,0.0,0.0,0.0,0.0,0.0,0.0,0.0,0.0,0.0,0.0,0.0,0.0,0.0,0.0,0.0,0.0,10254.0,90.1,513.0,88.1,10767.0,90.0,769.0,7.5,24.0,4.7,793.0,7.4,438.0,57.0,15.0,62.5,453.0,57.1,0.0,0.0,0.0,0.0,0.0,0.0,0.0,0.0,0.0,0.0,0.0,0.0,0.0,0.0,0.0,0.0,0.0,0.0,22.9868,87.855,2023-06-23,South
903,Himachal Pradesh,0.0,0.0,0.0,0.0,0.0,0.0,0.0,0.0,0.0,0.0,0.0,0.0,0.0,0.0,0.0,0.0,0.0,0.0,36887.0,78.6,4611.0,40.1,41498.0,71.0,4280.0,11.6,91.0,2.0,4371.0,10.5,1349.0,31.5,33.0,36.3,1382.0,31.6,0.0,0.0,0.0,0.0,0.0,0.0,0.0,0.0,0.0,0.0,0.0,0.0,0.0,0.0,0.0,0.0,0.0,0.0,20.5937,78.9629,2023-11-02,North
904,Himachal Pradesh,0.0,0.0,0.0,0.0,0.0,0.0,0.0,0.0,0.0,0.0,0.0,0.0,0.0,0.0,0.0,0.0,0.0,0.0,59878.0,88.9,9824.0,83.5,69702.0,88.1,11159.0,18.6,566.0,5.8,11725.0,16.8,3326.0,29.8,168.0,29.7,3494.0,29.8,0.0,0.0,0.0,0.0,0.0,0.0,0.0,0.0,0.0,0.0,0.0,0.0,0.0,0.0,0.0,0.0,0.0,0.0,11.667,92.735,2023-04-09,North
905,Kerala,0.0,0.0,0.0,0.0,0.0,0.0,0.0,0.0,0.0,0.0,0.0,0.0,0.0,0.0,0.0,0.0,0.0,0.0,17712.0,85.9,2070.0,71.4,19782.0,84.1,2614.0,14.8,110.0,5.3,2724.0,13.8,1567.0,59.9,64.0,58.2,1631.0,59.9,0.0,0.0,0.0,0.0,0.0,0.0,0.0,0.0,0.0,0.0,0.0,0.0,0.0,0.0,0.0,0.0,0.0,0.0,15.9129,79.74,2023-08-21,South
906,Gujarat,0.0,0.0,0.0,0.0,0.0,0.0,0.0,0.0,0.0,0.0,0.0,0.0,0.0,0.0,0.0,0.0,0.0,0.0,297.0,88.9,9.0,81.8,306.0,88.7,7.0,2.4,1.0,11.1,8.0,2.6,4.0,57.1,1.0,100.0,5.0,62.5,0.0,0.0,0.0,0.0,0.0,0.0,0.0,0.0,0.0,0.0,0.0,0.0,0.0,0.0,0.0,0.0,0.0,0.0,28.218,94.7278,2023-06-14,West
907,Karnataka,0.0,0.0,0.0,0.0,0.0,0.0,0.0,0.0,0.0,0.0,0.0,0.0,0.0,0.0,0.0,0.0,0.0,0.0,22.0,100.0,0.0,0.0,22.0,100.0,1.0,4.5,0.0,0.0,1.0,4.5,1.0,100.0,0.0,0.0,1.0,100.0,0.0,0.0,0.0,0.0,0.0,0.0,0.0,0.0,0.0,0.0,0.0,0.0,0.0,0.0,0.0,0.0,0.0,0.0,26.2006,92.9376,2023-06-30,South
908,Meghalaya,0.0,0.0,0.0,0.0,0.0,0.0,0.0,0.0,0.0,0.0,0.0,0.0,0.0,0.0,0.0,0.0,0.0,0.0,81505.0,58.3,20132.0,40.9,101637.0,53.8,13625.0,16.7,974.0,4.8,14599.0,14.4,2697.0,19.8,92.0,9.4,2789.0,19.1,0.0,0.0,0.0,0.0,0.0,0.0,0.0,0.0,0.0,0.0,0.0,0.0,0.0,0.0,0.0,0.0,0.0,0.0,25.0961,85.3131,2023-11-11,North East
909,Himachal Pradesh,0.0,0.0,0.0,0.0,0.0,0.0,0.0,0.0,0.0,0.0,0.0,0.0,0.0,0.0,0.0,0.0,0.0,0.0,128562.0,84.4,53968.0,69.8,182530.0,79.5,11941.0,9.3,1409.0,2.6,13350.0,7.3,4069.0,34.1,404.0,28.7,4473.0,33.5,0.0,0.0,0.0,0.0,0.0,0.0,0.0,0.0,0.0,0.0,0.0,0.0,0.0,0.0,0.0,0.0,0.0,0.0,30.7333,76.7794,2023-08-30,North
910,Punjab,0.0,0.0,0.0,0.0,0.0,0.0,0.0,0.0,0.0,0.0,0.0,0.0,0.0,0.0,0.0,0.0,0.0,0.0,1709.0,72.1,135.0,52.5,1844.0,70.2,330.0,19.3,12.0,8.9,342.0,18.5,82.0,24.8,1.0,8.3,83.0,24.3,0.0,0.0,0.0,0.0,0.0,0.0,0.0,0.0,0.0,0.0,0.0,0.0,0.0,0.0,0.0,0.0,0.0,0.0,21.2787,81.8661,2023-10-27,North
911,Arunachal Pradesh,0.0,0.0,0.0,0.0,0.0,0.0,0.0,0.0,0.0,0.0,0.0,0.0,0.0,0.0,0.0,0.0,0.0,0.0,3586.0,77.3,182.0,56.5,3768.0,75.9,1384.0,38.6,60.0,33.0,1444.0,38.3,254.0,18.4,3.0,5.0,257.0,17.8,0.0,0.0,0.0,0.0,0.0,0.0,0.0,0.0,0.0,0.0,0.0,0.0,0.0,0.0,0.0,0.0,0.0,0.0,28.7041,77.1025,2023-11-08,North East
912,Uttar Pradesh,0.0,0.0,0.0,0.0,0.0,0.0,0.0,0.0,0.0,0.0,0.0,0.0,0.0,0.0,0.0,0.0,0.0,0.0,2042.0,97.9,19.0,95.0,2061.0,97.9,616.0,30.2,5.0,26.3,621.0,30.1,548.0,89.0,5.0,100.0,553.0,89.0,0.0,0.0,0.0,0.0,0.0,0.0,0.0,0.0,0.0,0.0,0.0,0.0,0.0,0.0,0.0,0.0,0.0,0.0,15.2993,74.124,2023-05-03,North
913,Himachal Pradesh,0.0,0.0,0.0,0.0,0.0,0.0,0.0,0.0,0.0,0.0,0.0,0.0,0.0,0.0,0.0,0.0,0.0,0.0,3141.0,82.5,357.0,95.7,3498.0,83.7,591.0,18.8,70.0,19.6,661.0,18.9,381.0,64.5,24.0,34.3,405.0,61.3,0.0,0.0,0.0,0.0,0.0,0.0,0.0,0.0,0.0,0.0,0.0,0.0,0.0,0.0,0.0,0.0,0.0,0.0,22.2587,71.1924,2023-05-08,North
914,Punjab,0.0,0.0,0.0,0.0,0.0,0.0,0.0,0.0,0.0,0.0,0.0,0.0,0.0,0.0,0.0,0.0,0.0,0.0,52549.0,94.6,4025.0,91.6,56574.0,94.4,9966.0,19.0,262.0,6.5,10228.0,18.1,4454.0,44.7,114.0,43.5,4568.0,44.7,0.0,0.0,0.0,0.0,0.0,0.0,0.0,0.0,0.0,0.0,0.0,0.0,0.0,0.0,0.0,0.0,0.0,0.0,29.0588,76.0856,2023-09-21,North
915,Jharkhand,0.0,0.0,0.0,0.0,0.0,0.0,0.0,0.0,0.0,0.0,0.0,0.0,0.0,0.0,0.0,0.0,0.0,0.0,1480.0,97.0,2.0,100.0,1482.0,97.1,224.0,15.1,1.0,50.0,225.0,15.2,220.0,98.2,1.0,100.0,221.0,98.2,0.0,0.0,0.0,0.0,0.0,0.0,0.0,0.0,0.0,0.0,0.0,0.0,0.0,0.0,0.0,0.0,0.0,0.0,31.1048,77.1734,2023-04-23,East
916,Sikkim,0.0,0.0,0.0,0.0,0.0,0.0,0.0,0.0,0.0,0.0,0.0,0.0,0.0,0.0,0.0,0.0,0.0,0.0,40507.0,84.9,7662.0,78.1,48169.0,83.7,1693.0,4.2,85.0,1.1,1778.0,3.7,278.0,16.4,4.0,4.7,282.0,15.9,0.0,0.0,0.0,0.0,0.0,0.0,0.0,0.0,0.0,0.0,0.0,0.0,0.0,0.0,0.0,0.0,0.0,0.0,33.7782,76.5762,2023-09-15,North East
917,Rajasthan,0.0,0.0,0.0,0.0,0.0,0.0,0.0,0.0,0.0,0.0,0.0,0.0,0.0,0.0,0.0,0.0,0.0,0.0,106155.0,80.6,28475.0,73.7,134630.0,79.1,9100.0,8.6,1541.0,5.4,10641.0,7.9,3141.0,34.5,572.0,37.1,3713.0,34.9,0.0,0.0,0.0,0.0,0.0,0.0,0.0,0.0,0.0,0.0,0.0,0.0,0.0,0.0,0.0,0.0,0.0,0.0,23.6102,85.2799,2023-10-11,North
918,Meghalaya,0.0,0.0,0.0,0.0,0.0,0.0,0.0,0.0,0.0,0.0,0.0,0.0,0.0,0.0,0.0,0.0,0.0,0.0,947.0,70.8,49.0,66.2,996.0,70.5,77.0,8.1,2.0,4.1,79.0,7.9,5.0,6.5,1.0,50.0,6.0,7.6,0.0,0.0,0.0,0.0,0.0,0.0,0.0,0.0,0.0,0.0,0.0,0.0,0.0,0.0,0.0,0.0,0.0,0.0,15.3173,75.7139,2023-01-26,North East
919,Meghalaya,0.0,0.0,0.0,0.0,0.0,0.0,0.0,0.0,0.0,0.0,0.0,0.0,0.0,0.0,0.0,0.0,0.0,0.0,71409.0,91.2,12182.0,68.9,83591.0,87.1,13718.0,19.2,958.0,7.9,14676.0,17.6,3231.0,23.6,165.0,17.2,3396.0,23.1,0.0,0.0,0.0,0.0,0.0,0.0,0.0,0.0,0.0,0.0,0.0,0.0,0.0,0.0,0.0,0.0,0.0,0.0,10.8505,76.2711,2023-01-20,North East
920,Manipur,0.0,0.0,0.0,0.0,0.0,0.0,0.0,0.0,0.0,0.0,0.0,0.0,0.0,0.0,0.0,0.0,0.0,0.0,51000.0,93.5,16920.0,90.6,67920.0,92.8,6533.0,12.8,754.0,4.5,7287.0,10.7,3455.0,52.9,428.0,56.8,3883.0,53.3,0.0,0.0,0.0,0.0,0.0,0.0,0.0,0.0,0.0,0.0,0.0,0.0,0.0,0.0,0.0,0.0,0.0,0.0,34.1526,77.577,2023-10-14,North East
921,Sikkim,0.0,0.0,0.0,0.0,0.0,0.0,0.0,0.0,0.0,0.0,0.0,0.0,0.0,0.0,0.0,0.0,0.0,0.0,2215.0,68.0,31.0,77.5,2246.0,68.2,478.0,21.6,0.0,0.0,478.0,21.3,44.0,9.2,0.0,0.0,44.0,9.2,0.0,0.0,0.0,0.0,0.0,0.0,0.0,0.0,0.0,0.0,0.0,0.0,0.0,0.0,0.0,0.0,0.0,0.0,10.328,72.7846,2023-04-29,North East
922,Telangana,0.0,0.0,0.0,0.0,0.0,0.0,0.0,0.0,0.0,0.0,0.0,0.0,0.0,0.0,0.0,0.0,0.0,0.0,301001.0,71.8,57695.0,49.4,358696.0,66.9,29311.0,9.7,1686.0,2.9,30997.0,8.6,6824.0,23.3,236.0,14.0,7060.0,22.8,0.0,0.0,0.0,0.0,0.0,0.0,0.0,0.0,0.0,0.0,0.0,0.0,0.0,0.0,0.0,0.0,0.0,0.0,22.9734,78.6569,2023-07-13,South
923,Gujarat,0.0,0.0,0.0,0.0,0.0,0.0,0.0,0.0,0.0,0.0,0.0,0.0,0.0,0.0,0.0,0.0,0.0,0.0,21611.0,95.1,4206.0,90.5,25817.0,94.4,2492.0,11.5,185.0,4.4,2677.0,10.4,800.0,32.1,38.0,20.5,838.0,31.3,0.0,0.0,0.0,0.0,0.0,0.0,0.0,0.0,0.0,0.0,0.0,0.0,0.0,0.0,0.0,0.0,0.0,0.0,19.7515,75.7139,2023-12-27,West
924,Himachal Pradesh,0.0,0.0,0.0,0.0,0.0,0.0,0.0,0.0,0.0,0.0,0.0,0.0,0.0,0.0,0.0,0.0,0.0,0.0,80975.0,86.3,6168.0,77.1,87143.0,85.6,18126.0,22.4,1100.0,17.8,19226.0,22.1,6173.0,34.1,353.0,32.1,6526.0,33.9,0.0,0.0,0.0,0.0,0.0,0.0,0.0,0.0,0.0,0.0,0.0,0.0,0.0,0.0,0.0,0.0,0.0,0.0,24.6637,93.9063,2023-05-22,North
925,Arunachal Pradesh,0.0,0.0,0.0,0.0,0.0,0.0,0.0,0.0,0.0,0.0,0.0,0.0,0.0,0.0,0.0,0.0,0.0,0.0,1473433.0,79.5,354179.0,62.4,1827612.0,75.5,194531.0,13.2,16012.0,4.5,210543.0,11.5,62753.0,32.3,4404.0,27.5,67157.0,31.9,0.0,0.0,0.0,0.0,0.0,0.0,0.0,0.0,0.0,0.0,0.0,0.0,0.0,0.0,0.0,0.0,0.0,0.0,25.467,91.3662,2023-12-07,North East
926,Goa,0.0,0.0,0.0,0.0,0.0,0.0,0.0,0.0,0.0,0.0,0.0,0.0,0.0,0.0,0.0,0.0,0.0,0.0,0.0,0.0,0.0,0.0,0.0,0.0,0.0,0.0,0.0,0.0,0.0,0.0,0.0,0.0,0.0,0.0,0.0,0.0,490.0,90.1,3.0,75.0,493.0,90.0,90.0,18.4,0.0,0.0,90.0,18.3,26.0,28.9,0.0,0.0,26.0,28.9,23.1645,92.9376,2023-10-08,West
927,Karnataka,0.0,0.0,0.0,0.0,0.0,0.0,0.0,0.0,0.0,0.0,0.0,0.0,0.0,0.0,0.0,0.0,0.0,0.0,0.0,0.0,0.0,0.0,0.0,0.0,0.0,0.0,0.0,0.0,0.0,0.0,0.0,0.0,0.0,0.0,0.0,0.0,63257.0,95.7,26303.0,97.5,89560.0,96.2,8187.0,12.9,1208.0,4.6,9395.0,10.5,1901.0,23.2,265.0,21.9,2166.0,23.1,26.1584,94.5624,2023-10-29,South
928,Goa,0.0,0.0,0.0,0.0,0.0,0.0,0.0,0.0,0.0,0.0,0.0,0.0,0.0,0.0,0.0,0.0,0.0,0.0,0.0,0.0,0.0,0.0,0.0,0.0,0.0,0.0,0.0,0.0,0.0,0.0,0.0,0.0,0.0,0.0,0.0,0.0,2240.0,74.4,3.0,50.0,2243.0,74.4,245.0,10.9,0.0,0.0,245.0,10.9,140.0,57.1,0.0,0.0,140.0,57.1,20.9517,85.0985,2023-03-31,West
929,West Bengal,0.0,0.0,0.0,0.0,0.0,0.0,0.0,0.0,0.0,0.0,0.0,0.0,0.0,0.0,0.0,0.0,0.0,0.0,0.0,0.0,0.0,0.0,0.0,0.0,0.0,0.0,0.0,0.0,0.0,0.0,0.0,0.0,0.0,0.0,0.0,0.0,29582.0,70.4,4366.0,73.7,33948.0,70.8,5161.0,17.4,179.0,4.1,5340.0,15.7,1244.0,24.1,71.0,39.7,1315.0,24.6,11.9416,79.8083,2023-01-06,East
930,Assam,0.0,0.0,0.0,0.0,0.0,0.0,0.0,0.0,0.0,0.0,0.0,0.0,0.0,0.0,0.0,0.0,0.0,0.0,0.0,0.0,0.0,0.0,0.0,0.0,0.0,0.0,0.0,0.0,0.0,0.0,0.0,0.0,0.0,0.0,0.0,0.0,44246.0,54.4,35745.0,42.3,79991.0,48.2,781.0,1.8,254.0,0.7,1035.0,1.3,254.0,32.5,9.0,3.5,263.0,25.4,31.1471,75.3412,2023-10-18,North East
931,Maharashtra,0.0,0.0,0.0,0.0,0.0,0.0,0.0,0.0,0.0,0.0,0.0,0.0,0.0,0.0,0.0,0.0,0.0,0.0,0.0,0.0,0.0,0.0,0.0,0.0,0.0,0.0,0.0,0.0,0.0,0.0,0.0,0.0,0.0,0.0,0.0,0.0,3487.0,93.8,47.0,73.4,3534.0,93.4,209.0,6.0,1.0,2.1,210.0,5.9,39.0,18.7,1.0,100.0,40.0,19.0,27.0238,74.2179,2023-06-01,West
932,Uttar Pradesh,0.0,0.0,0.0,0.0,0.0,0.0,0.0,0.0,0.0,0.0,0.0,0.0,0.0,0.0,0.0,0.0,0.0,0.0,0.0,0.0,0.0,0.0,0.0,0.0,0.0,0.0,0.0,0.0,0.0,0.0,0.0,0.0,0.0,0.0,0.0,0.0,24653.0,83.7,5734.0,61.8,30387.0,78.5,5395.0,21.9,247.0,4.3,5642.0,18.6,2606.0,48.3,114.0,46.2,2720.0,48.2,27.532,88.5122,2023-11-11,North
933,Goa,0.0,0.0,0.0,0.0,0.0,0.0,0.0,0.0,0.0,0.0,0.0,0.0,0.0,0.0,0.0,0.0,0.0,0.0,0.0,0.0,0.0,0.0,0.0,0.0,0.0,0.0,0.0,0.0,0.0,0.0,0.0,0.0,0.0,0.0,0.0,0.0,562.0,66.5,58.0,76.3,620.0,67.3,59.0,10.5,3.0,5.2,62.0,10.0,31.0,52.5,1.0,33.3,32.0,51.6,11.1271,78.6569,2023-12-17,West
934,Karnataka,0.0,0.0,0.0,0.0,0.0,0.0,0.0,0.0,0.0,0.0,0.0,0.0,0.0,0.0,0.0,0.0,0.0,0.0,0.0,0.0,0.0,0.0,0.0,0.0,0.0,0.0,0.0,0.0,0.0,0.0,0.0,0.0,0.0,0.0,0.0,0.0,50682.0,65.0,1660.0,16.2,52342.0,59.3,3074.0,6.1,18.0,1.1,3092.0,5.9,619.0,20.1,4.0,22.2,623.0,20.1,18.1124,79.0193,2023-01-10,South
935,Gujarat,0.0,0.0,0.0,0.0,0.0,0.0,0.0,0.0,0.0,0.0,0.0,0.0,0.0,0.0,0.0,0.0,0.0,0.0,0.0,0.0,0.0,0.0,0.0,0.0,0.0,0.0,0.0,0.0,0.0,0.0,0.0,0.0,0.0,0.0,0.0,0.0,1563.0,93.2,28.0,7.1,1591.0,76.7,120.0,7.7,2.0,7.1,122.0,7.7,16.0,13.3,0.0,0.0,16.0,13.1,23.9408,91.9882,2023-09-02,West
936,Tripura,0.0,0.0,0.0,0.0,0.0,0.0,0.0,0.0,0.0,0.0,0.0,0.0,0.0,0.0,0.0,0.0,0.0,0.0,0.0,0.0,0.0,0.0,0.0,0.0,0.0,0.0,0.0,0.0,0.0,0.0,0.0,0.0,0.0,0.0,0.0,0.0,103459.0,95.2,35556.0,90.1,139015.0,93.8,5707.0,5.5,493.0,1.4,6200.0,4.5,2455.0,43.0,252.0,51.1,2707.0,43.7,26.8467,80.9462,2023-04-08,North East
937,Uttar Pradesh,0.0,0.0,0.0,0.0,0.0,0.0,0.0,0.0,0.0,0.0,0.0,0.0,0.0,0.0,0.0,0.0,0.0,0.0,0.0,0.0,0.0,0.0,0.0,0.0,0.0,0.0,0.0,0.0,0.0,0.0,0.0,0.0,0.0,0.0,0.0,0.0,54295.0,88.6,14079.0,80.9,68374.0,86.9,1790.0,3.3,238.0,1.7,2028.0,3.0,729.0,40.7,99.0,41.6,828.0,40.8,30.0668,79.0193,2023-09-20,North
938,Uttarakhand,0.0,0.0,0.0,0.0,0.0,0.0,0.0,0.0,0.0,0.0,0.0,0.0,0.0,0.0,0.0,0.0,0.0,0.0,0.0,0.0,0.0,0.0,0.0,0.0,0.0,0.0,0.0,0.0,0.0,0.0,0.0,0.0,0.0,0.0,0.0,0.0,15509.0,96.7,429.0,91.7,15938.0,96.6,1379.0,8.9,17.0,4.0,1396.0,8.8,1176.0,85.3,10.0,58.8,1186.0,85.0,22.9868,87.855,2023-07-10,North
939,Madhya Pradesh,0.0,0.0,0.0,0.0,0.0,0.0,0.0,0.0,0.0,0.0,0.0,0.0,0.0,0.0,0.0,0.0,0.0,0.0,0.0,0.0,0.0,0.0,0.0,0.0,0.0,0.0,0.0,0.0,0.0,0.0,0.0,0.0,0.0,0.0,0.0,0.0,10172.0,89.4,514.0,88.3,10686.0,89.3,430.0,4.2,5.0,1.0,435.0,4.1,222.0,51.6,4.0,80.0,226.0,52.0,20.5937,78.9629,2023-04-12,Central
940,Arunachal Pradesh,0.0,0.0,0.0,0.0,0.0,0.0,0.0,0.0,0.0,0.0,0.0,0.0,0.0,0.0,0.0,0.0,0.0,0.0,0.0,0.0,0.0,0.0,0.0,0.0,0.0,0.0,0.0,0.0,0.0,0.0,0.0,0.0,0.0,0.0,0.0,0.0,35773.0,76.2,4537.0,39.4,40310.0,68.9,3335.0,9.3,48.0,1.1,3383.0,8.4,885.0,26.5,16.0,33.3,901.0,26.6,11.667,92.735,2023-09-14,North East
941,Rajasthan,0.0,0.0,0.0,0.0,0.0,0.0,0.0,0.0,0.0,0.0,0.0,0.0,0.0,0.0,0.0,0.0,0.0,0.0,0.0,0.0,0.0,0.0,0.0,0.0,0.0,0.0,0.0,0.0,0.0,0.0,0.0,0.0,0.0,0.0,0.0,0.0,59273.0,88.0,9629.0,81.8,68902.0,87.1,8964.0,15.1,409.0,4.2,9373.0,13.6,2538.0,28.3,110.0,26.9,2648.0,28.3,15.9129,79.74,2023-03-31,North
942,Odisha,0.0,0.0,0.0,0.0,0.0,0.0,0.0,0.0,0.0,0.0,0.0,0.0,0.0,0.0,0.0,0.0,0.0,0.0,0.0,0.0,0.0,0.0,0.0,0.0,0.0,0.0,0.0,0.0,0.0,0.0,0.0,0.0,0.0,0.0,0.0,0.0,17510.0,84.9,2003.0,69.1,19513.0,83.0,2660.0,15.2,101.0,5.0,2761.0,14.1,1270.0,47.7,38.0,37.6,1308.0,47.4,28.218,94.7278,2023-02-02,East
943,Jharkhand,0.0,0.0,0.0,0.0,0.0,0.0,0.0,0.0,0.0,0.0,0.0,0.0,0.0,0.0,0.0,0.0,0.0,0.0,0.0,0.0,0.0,0.0,0.0,0.0,0.0,0.0,0.0,0.0,0.0,0.0,0.0,0.0,0.0,0.0,0.0,0.0,292.0,87.4,8.0,72.7,300.0,87.0,17.0,5.8,1.0,12.5,18.0,6.0,3.0,17.6,1.0,100.0,4.0,22.2,26.2006,92.9376,2023-06-26,East
944,Kerala,0.0,0.0,0.0,0.0,0.0,0.0,0.0,0.0,0.0,0.0,0.0,0.0,0.0,0.0,0.0,0.0,0.0,0.0,0.0,0.0,0.0,0.0,0.0,0.0,0.0,0.0,0.0,0.0,0.0,0.0,0.0,0.0,0.0,0.0,0.0,0.0,22.0,100.0,0.0,0.0,22.0,100.0,0.0,0.0,0.0,0.0,0.0,0.0,0.0,0.0,0.0,0.0,0.0,0.0,25.0961,85.3131,2023-12-04,South
945,Madhya Pradesh,0.0,0.0,0.0,0.0,0.0,0.0,0.0,0.0,0.0,0.0,0.0,0.0,0.0,0.0,0.0,0.0,0.0,0.0,0.0,0.0,0.0,0.0,0.0,0.0,0.0,0.0,0.0,0.0,0.0,0.0,0.0,0.0,0.0,0.0,0.0,0.0,79128.0,56.6,19701.0,40.0,98829.0,52.3,5170.0,6.5,275.0,1.4,5445.0,5.5,1110.0,21.5,53.0,19.3,1163.0,21.4,30.7333,76.7794,2023-07-17,Central
946,Arunachal Pradesh,0.0,0.0,0.0,0.0,0.0,0.0,0.0,0.0,0.0,0.0,0.0,0.0,0.0,0.0,0.0,0.0,0.0,0.0,0.0,0.0,0.0,0.0,0.0,0.0,0.0,0.0,0.0,0.0,0.0,0.0,0.0,0.0,0.0,0.0,0.0,0.0,126323.0,82.9,52493.0,67.9,178816.0,77.8,6857.0,5.4,718.0,1.4,7575.0,4.2,2469.0,36.0,226.0,31.5,2695.0,35.6,21.2787,81.8661,2023-09-19,North East
947,Kerala,0.0,0.0,0.0,0.0,0.0,0.0,0.0,0.0,0.0,0.0,0.0,0.0,0.0,0.0,0.0,0.0,0.0,0.0,0.0,0.0,0.0,0.0,0.0,0.0,0.0,0.0,0.0,0.0,0.0,0.0,0.0,0.0,0.0,0.0,0.0,0.0,1720.0,72.6,126.0,49.0,1846.0,70.3,251.0,14.6,8.0,6.3,259.0,14.0,79.0,31.5,1.0,12.5,80.0,30.9,28.7041,77.1025,2023-06-08,South
948,Rajasthan,0.0,0.0,0.0,0.0,0.0,0.0,0.0,0.0,0.0,0.0,0.0,0.0,0.0,0.0,0.0,0.0,0.0,0.0,0.0,0.0,0.0,0.0,0.0,0.0,0.0,0.0,0.0,0.0,0.0,0.0,0.0,0.0,0.0,0.0,0.0,0.0,3538.0,76.2,148.0,46.0,3686.0,74.3,746.0,21.1,7.0,4.7,753.0,20.4,168.0,22.5,0.0,0.0,168.0,22.3,15.2993,74.124,2023-06-28,North
949,Madhya Pradesh,0.0,0.0,0.0,0.0,0.0,0.0,0.0,0.0,0.0,0.0,0.0,0.0,0.0,0.0,0.0,0.0,0.0,0.0,0.0,0.0,0.0,0.0,0.0,0.0,0.0,0.0,0.0,0.0,0.0,0.0,0.0,0.0,0.0,0.0,0.0,0.0,2025.0,97.1,20.0,100.0,2045.0,97.1,240.0,11.9,2.0,10.0,242.0,11.8,105.0,43.8,0.0,0.0,105.0,43.4,22.2587,71.1924,2023-07-28,Central
950,Nagaland,0.0,0.0,0.0,0.0,0.0,0.0,0.0,0.0,0.0,0.0,0.0,0.0,0.0,0.0,0.0,0.0,0.0,0.0,0.0,0.0,0.0,0.0,0.0,0.0,0.0,0.0,0.0,0.0,0.0,0.0,0.0,0.0,0.0,0.0,0.0,0.0,3127.0,82.2,351.0,94.1,3478.0,83.2,312.0,10.0,10.0,2.8,322.0,9.3,198.0,63.5,0.0,0.0,198.0,61.5,29.0588,76.0856,2023-04-19,North East
951,Odisha,0.0,0.0,0.0,0.0,0.0,0.0,0.0,0.0,0.0,0.0,0.0,0.0,0.0,0.0,0.0,0.0,0.0,0.0,0.0,0.0,0.0,0.0,0.0,0.0,0.0,0.0,0.0,0.0,0.0,0.0,0.0,0.0,0.0,0.0,0.0,0.0,52157.0,93.9,3969.0,90.3,56126.0,93.6,8665.0,16.6,251.0,6.3,8916.0,15.9,4024.0,46.4,103.0,41.0,4127.0,46.3,31.1048,77.1734,2023-07-15,East
952,Tripura,0.0,0.0,0.0,0.0,0.0,0.0,0.0,0.0,0.0,0.0,0.0,0.0,0.0,0.0,0.0,0.0,0.0,0.0,0.0,0.0,0.0,0.0,0.0,0.0,0.0,0.0,0.0,0.0,0.0,0.0,0.0,0.0,0.0,0.0,0.0,0.0,1467.0,96.2,2.0,100.0,1469.0,96.2,320.0,21.8,0.0,0.0,320.0,21.8,315.0,98.4,0.0,0.0,315.0,98.4,33.7782,76.5762,2023-06-05,North East
953,Rajasthan,0.0,0.0,0.0,0.0,0.0,0.0,0.0,0.0,0.0,0.0,0.0,0.0,0.0,0.0,0.0,0.0,0.0,0.0,0.0,0.0,0.0,0.0,0.0,0.0,0.0,0.0,0.0,0.0,0.0,0.0,0.0,0.0,0.0,0.0,0.0,0.0,40121.0,84.1,7502.0,76.4,47623.0,82.8,1531.0,3.8,72.0,1.0,1603.0,3.4,280.0,18.3,6.0,8.3,286.0,17.8,23.6102,85.2799,2023-01-28,North
954,Meghalaya,0.0,0.0,0.0,0.0,0.0,0.0,0.0,0.0,0.0,0.0,0.0,0.0,0.0,0.0,0.0,0.0,0.0,0.0,0.0,0.0,0.0,0.0,0.0,0.0,0.0,0.0,0.0,0.0,0.0,0.0,0.0,0.0,0.0,0.0,0.0,0.0,104335.0,79.3,28427.0,73.6,132762.0,78.0,3343.0,3.2,450.0,1.6,3793.0,2.9,1071.0,32.0,191.0,42.4,1262.0,33.3,15.3173,75.7139,2023-09-23,North East
955,Assam,0.0,0.0,0.0,0.0,0.0,0.0,0.0,0.0,0.0,0.0,0.0,0.0,0.0,0.0,0.0,0.0,0.0,0.0,0.0,0.0,0.0,0.0,0.0,0.0,0.0,0.0,0.0,0.0,0.0,0.0,0.0,0.0,0.0,0.0,0.0,0.0,983.0,73.5,48.0,64.9,1031.0,73.0,60.0,6.1,2.0,4.2,62.0,6.0,4.0,6.7,1.0,50.0,5.0,8.1,10.8505,76.2711,2023-03-18,North East
956,West Bengal,0.0,0.0,0.0,0.0,0.0,0.0,0.0,0.0,0.0,0.0,0.0,0.0,0.0,0.0,0.0,0.0,0.0,0.0,0.0,0.0,0.0,0.0,0.0,0.0,0.0,0.0,0.0,0.0,0.0,0.0,0.0,0.0,0.0,0.0,0.0,0.0,71063.0,90.8,12009.0,68.0,83072.0,86.6,16475.0,23.2,979.0,8.2,17454.0,21.0,3754.0,22.8,170.0,17.4,3924.0,22.5,34.1526,77.577,2023-08-20,East
957,Andhra Pradesh,0.0,0.0,0.0,0.0,0.0,0.0,0.0,0.0,0.0,0.0,0.0,0.0,0.0,0.0,0.0,0.0,0.0,0.0,0.0,0.0,0.0,0.0,0.0,0.0,0.0,0.0,0.0,0.0,0.0,0.0,0.0,0.0,0.0,0.0,0.0,0.0,50793.0,93.1,16883.0,90.4,67676.0,92.4,7172.0,14.1,871.0,5.2,8043.0,11.9,3827.0,53.4,474.0,54.4,4301.0,53.5,10.328,72.7846,2023-04-30,South
958,Nagaland,0.0,0.0,0.0,0.0,0.0,0.0,0.0,0.0,0.0,0.0,0.0,0.0,0.0,0.0,0.0,0.0,0.0,0.0,0.0,0.0,0.0,0.0,0.0,0.0,0.0,0.0,0.0,0.0,0.0,0.0,0.0,0.0,0.0,0.0,0.0,0.0,2177.0,66.9,32.0,80.0,2209.0,67.0,495.0,22.7,0.0,0.0,495.0,22.4,72.0,14.5,0.0,0.0,72.0,14.5,22.9734,78.6569,2023-10-16,North East
959,Sikkim,0.0,0.0,0.0,0.0,0.0,0.0,0.0,0.0,0.0,0.0,0.0,0.0,0.0,0.0,0.0,0.0,0.0,0.0,0.0,0.0,0.0,0.0,0.0,0.0,0.0,0.0,0.0,0.0,0.0,0.0,0.0,0.0,0.0,0.0,0.0,0.0,291692.0,69.6,56031.0,48.0,347723.0,64.9,9876.0,3.4,506.0,0.9,10382.0,3.0,2846.0,28.8,76.0,15.0,2922.0,28.1,19.7515,75.7139,2023-02-22,North East
960,Punjab,0.0,0.0,0.0,0.0,0.0,0.0,0.0,0.0,0.0,0.0,0.0,0.0,0.0,0.0,0.0,0.0,0.0,0.0,0.0,0.0,0.0,0.0,0.0,0.0,0.0,0.0,0.0,0.0,0.0,0.0,0.0,0.0,0.0,0.0,0.0,0.0,21322.0,93.9,4180.0,89.9,25502.0,93.2,1645.0,7.7,106.0,2.5,1751.0,6.9,610.0,37.1,21.0,19.8,631.0,36.0,24.6637,93.9063,2023-08-11,North
961,Meghalaya,0.0,0.0,0.0,0.0,0.0,0.0,0.0,0.0,0.0,0.0,0.0,0.0,0.0,0.0,0.0,0.0,0.0,0.0,0.0,0.0,0.0,0.0,0.0,0.0,0.0,0.0,0.0,0.0,0.0,0.0,0.0,0.0,0.0,0.0,0.0,0.0,79395.0,84.6,6058.0,75.7,85453.0,83.9,10784.0,13.6,587.0,9.7,11371.0,13.3,3814.0,35.4,218.0,37.1,4032.0,35.5,25.467,91.3662,2023-10-31,North East
962,Odisha,0.0,0.0,0.0,0.0,0.0,0.0,0.0,0.0,0.0,0.0,0.0,0.0,0.0,0.0,0.0,0.0,0.0,0.0,0.0,0.0,0.0,0.0,0.0,0.0,0.0,0.0,0.0,0.0,0.0,0.0,0.0,0.0,0.0,0.0,0.0,0.0,1448433.0,78.1,348682.0,61.4,1797115.0,74.2,121545.0,8.4,8068.0,2.3,129613.0,7.2,40900.0,33.7,2535.0,31.4,43435.0,33.5,23.1645,92.9376,2023-07-15,East
963,Maharashtra,518.0,95.2,3.0,75.0,521.0,95.1,97.0,18.7,1.0,33.3,98.0,18.8,69.0,71.1,1.0,100.0,70.0,71.4,0.0,0.0,0.0,0.0,0.0,0.0,0.0,0.0,0.0,0.0,0.0,0.0,0.0,0.0,0.0,0.0,0.0,0.0,0.0,0.0,0.0,0.0,0.0,0.0,0.0,0.0,0.0,0.0,0.0,0.0,0.0,0.0,0.0,0.0,0.0,0.0,26.1584,94.5624,2023-10-13,West
964,Manipur,65235.0,98.7,26883.0,99.6,92118.0,98.9,8816.0,13.5,2940.0,10.9,11756.0,12.8,6282.0,71.3,1671.0,56.8,7953.0,67.7,0.0,0.0,0.0,0.0,0.0,0.0,0.0,0.0,0.0,0.0,0.0,0.0,0.0,0.0,0.0,0.0,0.0,0.0,0.0,0.0,0.0,0.0,0.0,0.0,0.0,0.0,0.0,0.0,0.0,0.0,0.0,0.0,0.0,0.0,0.0,0.0,20.9517,85.0985,2023-08-08,North East
965,Telangana,2378.0,79.0,3.0,50.0,2381.0,79.0,59.0,2.5,0.0,0.0,59.0,2.5,28.0,47.5,0.0,0.0,28.0,47.5,0.0,0.0,0.0,0.0,0.0,0.0,0.0,0.0,0.0,0.0,0.0,0.0,0.0,0.0,0.0,0.0,0.0,0.0,0.0,0.0,0.0,0.0,0.0,0.0,0.0,0.0,0.0,0.0,0.0,0.0,0.0,0.0,0.0,0.0,0.0,0.0,11.9416,79.8083,2023-06-22,South
966,Manipur,34011.0,81.0,4929.0,83.2,38940.0,81.2,2554.0,7.5,499.0,10.1,3053.0,7.8,1003.0,39.3,179.0,35.9,1182.0,38.7,0.0,0.0,0.0,0.0,0.0,0.0,0.0,0.0,0.0,0.0,0.0,0.0,0.0,0.0,0.0,0.0,0.0,0.0,0.0,0.0,0.0,0.0,0.0,0.0,0.0,0.0,0.0,0.0,0.0,0.0,0.0,0.0,0.0,0.0,0.0,0.0,31.1471,75.3412,2023-09-01,North East
967,Tripura,53768.0,66.1,74114.0,87.7,127882.0,77.1,3062.0,5.7,3801.0,5.1,6863.0,5.4,1489.0,48.6,811.0,21.3,2300.0,33.5,0.0,0.0,0.0,0.0,0.0,0.0,0.0,0.0,0.0,0.0,0.0,0.0,0.0,0.0,0.0,0.0,0.0,0.0,0.0,0.0,0.0,0.0,0.0,0.0,0.0,0.0,0.0,0.0,0.0,0.0,0.0,0.0,0.0,0.0,0.0,0.0,27.0238,74.2179,2023-10-11,North East
968,Nagaland,3531.0,94.9,47.0,73.4,3578.0,94.6,316.0,8.9,5.0,10.6,321.0,9.0,248.0,78.5,5.0,100.0,253.0,78.8,0.0,0.0,0.0,0.0,0.0,0.0,0.0,0.0,0.0,0.0,0.0,0.0,0.0,0.0,0.0,0.0,0.0,0.0,0.0,0.0,0.0,0.0,0.0,0.0,0.0,0.0,0.0,0.0,0.0,0.0,0.0,0.0,0.0,0.0,0.0,0.0,27.532,88.5122,2023-02-12,North East
969,Maharashtra,26987.0,91.6,8243.0,88.8,35230.0,91.0,2473.0,9.2,639.0,7.8,3112.0,8.8,1184.0,47.9,155.0,24.3,1339.0,43.0,0.0,0.0,0.0,0.0,0.0,0.0,0.0,0.0,0.0,0.0,0.0,0.0,0.0,0.0,0.0,0.0,0.0,0.0,0.0,0.0,0.0,0.0,0.0,0.0,0.0,0.0,0.0,0.0,0.0,0.0,0.0,0.0,0.0,0.0,0.0,0.0,11.1271,78.6569,2023-04-01,West
970,Tripura,838.0,99.2,76.0,100.0,914.0,99.2,56.0,6.7,3.0,3.9,59.0,6.5,46.0,82.1,2.0,66.7,48.0,81.4,0.0,0.0,0.0,0.0,0.0,0.0,0.0,0.0,0.0,0.0,0.0,0.0,0.0,0.0,0.0,0.0,0.0,0.0,0.0,0.0,0.0,0.0,0.0,0.0,0.0,0.0,0.0,0.0,0.0,0.0,0.0,0.0,0.0,0.0,0.0,0.0,18.1124,79.0193,2023-01-07,North East
971,Telangana,65700.0,84.2,5628.0,55.0,71328.0,80.8,5323.0,8.1,621.0,11.0,5944.0,8.3,2661.0,50.0,168.0,27.1,2829.0,47.6,0.0,0.0,0.0,0.0,0.0,0.0,0.0,0.0,0.0,0.0,0.0,0.0,0.0,0.0,0.0,0.0,0.0,0.0,0.0,0.0,0.0,0.0,0.0,0.0,0.0,0.0,0.0,0.0,0.0,0.0,0.0,0.0,0.0,0.0,0.0,0.0,23.9408,91.9882,2023-08-10,South
972,Tamil Nadu,1659.0,98.9,288.0,72.7,1947.0,93.9,332.0,20.0,45.0,15.6,377.0,19.4,300.0,90.4,25.0,55.6,325.0,86.2,0.0,0.0,0.0,0.0,0.0,0.0,0.0,0.0,0.0,0.0,0.0,0.0,0.0,0.0,0.0,0.0,0.0,0.0,0.0,0.0,0.0,0.0,0.0,0.0,0.0,0.0,0.0,0.0,0.0,0.0,0.0,0.0,0.0,0.0,0.0,0.0,26.8467,80.9462,2023-12-26,South
973,Kerala,106333.0,97.8,35899.0,90.9,142232.0,96.0,5343.0,5.0,1250.0,3.5,6593.0,4.6,4304.0,80.6,991.0,79.3,5295.0,80.3,0.0,0.0,0.0,0.0,0.0,0.0,0.0,0.0,0.0,0.0,0.0,0.0,0.0,0.0,0.0,0.0,0.0,0.0,0.0,0.0,0.0,0.0,0.0,0.0,0.0,0.0,0.0,0.0,0.0,0.0,0.0,0.0,0.0,0.0,0.0,0.0,30.0668,79.0193,2023-01-30,South
974,Mizoram,58171.0,95.0,15853.0,91.1,74024.0,94.1,4463.0,7.7,837.0,5.3,5300.0,7.2,3357.0,75.2,560.0,66.9,3917.0,73.9,0.0,0.0,0.0,0.0,0.0,0.0,0.0,0.0,0.0,0.0,0.0,0.0,0.0,0.0,0.0,0.0,0.0,0.0,0.0,0.0,0.0,0.0,0.0,0.0,0.0,0.0,0.0,0.0,0.0,0.0,0.0,0.0,0.0,0.0,0.0,0.0,22.9868,87.855,2023-06-22,North East
975,West Bengal,15885.0,99.1,455.0,97.2,16340.0,99.0,1484.0,9.3,27.0,5.9,1511.0,9.2,1136.0,76.5,21.0,77.8,1157.0,76.6,0.0,0.0,0.0,0.0,0.0,0.0,0.0,0.0,0.0,0.0,0.0,0.0,0.0,0.0,0.0,0.0,0.0,0.0,0.0,0.0,0.0,0.0,0.0,0.0,0.0,0.0,0.0,0.0,0.0,0.0,0.0,0.0,0.0,0.0,0.0,0.0,20.5937,78.9629,2023-05-13,East
976,Haryana,10855.0,95.4,552.0,94.8,11407.0,95.4,729.0,6.7,40.0,7.2,769.0,6.7,378.0,51.9,31.0,77.5,409.0,53.2,0.0,0.0,0.0,0.0,0.0,0.0,0.0,0.0,0.0,0.0,0.0,0.0,0.0,0.0,0.0,0.0,0.0,0.0,0.0,0.0,0.0,0.0,0.0,0.0,0.0,0.0,0.0,0.0,0.0,0.0,0.0,0.0,0.0,0.0,0.0,0.0,11.667,92.735,2023-04-18,North
977,Assam,42246.0,90.0,9644.0,83.8,51890.0,88.8,2305.0,5.5,648.0,6.7,2953.0,5.7,1266.0,54.9,260.0,40.1,1526.0,51.7,0.0,0.0,0.0,0.0,0.0,0.0,0.0,0.0,0.0,0.0,0.0,0.0,0.0,0.0,0.0,0.0,0.0,0.0,0.0,0.0,0.0,0.0,0.0,0.0,0.0,0.0,0.0,0.0,0.0,0.0,0.0,0.0,0.0,0.0,0.0,0.0,15.9129,79.74,2023-06-13,North East
978,Goa,64615.0,95.9,10593.0,90.0,75208.0,95.0,9616.0,14.9,975.0,9.2,10591.0,14.1,7379.0,76.7,742.0,76.1,8121.0,76.7,0.0,0.0,0.0,0.0,0.0,0.0,0.0,0.0,0.0,0.0,0.0,0.0,0.0,0.0,0.0,0.0,0.0,0.0,0.0,0.0,0.0,0.0,0.0,0.0,0.0,0.0,0.0,0.0,0.0,0.0,0.0,0.0,0.0,0.0,0.0,0.0,28.218,94.7278,2023-12-13,West
979,Bihar,19388.0,94.1,2557.0,88.2,21945.0,93.3,6376.0,32.9,770.0,30.1,7146.0,32.6,4163.0,65.3,446.0,57.9,4609.0,64.5,0.0,0.0,0.0,0.0,0.0,0.0,0.0,0.0,0.0,0.0,0.0,0.0,0.0,0.0,0.0,0.0,0.0,0.0,0.0,0.0,0.0,0.0,0.0,0.0,0.0,0.0,0.0,0.0,0.0,0.0,0.0,0.0,0.0,0.0,0.0,0.0,26.2006,92.9376,2023-03-12,East
980,Manipur,306.0,91.6,9.0,81.8,315.0,91.3,7.0,2.3,1.0,11.1,8.0,2.5,6.0,85.7,1.0,100.0,7.0,87.5,0.0,0.0,0.0,0.0,0.0,0.0,0.0,0.0,0.0,0.0,0.0,0.0,0.0,0.0,0.0,0.0,0.0,0.0,0.0,0.0,0.0,0.0,0.0,0.0,0.0,0.0,0.0,0.0,0.0,0.0,0.0,0.0,0.0,0.0,0.0,0.0,25.0961,85.3131,2023-05-13,North East
981,Arunachal Pradesh,21.0,95.5,0.0,0.0,21.0,95.5,5.0,23.8,0.0,0.0,5.0,23.8,4.0,80.0,0.0,0.0,4.0,80.0,0.0,0.0,0.0,0.0,0.0,0.0,0.0,0.0,0.0,0.0,0.0,0.0,0.0,0.0,0.0,0.0,0.0,0.0,0.0,0.0,0.0,0.0,0.0,0.0,0.0,0.0,0.0,0.0,0.0,0.0,0.0,0.0,0.0,0.0,0.0,0.0,30.7333,76.7794,2023-06-12,North East
982,Himachal Pradesh,125381.0,89.8,46026.0,93.5,171407.0,90.7,6816.0,5.4,3221.0,7.0,10037.0,5.9,2983.0,43.8,1196.0,37.1,4179.0,41.6,0.0,0.0,0.0,0.0,0.0,0.0,0.0,0.0,0.0,0.0,0.0,0.0,0.0,0.0,0.0,0.0,0.0,0.0,0.0,0.0,0.0,0.0,0.0,0.0,0.0,0.0,0.0,0.0,0.0,0.0,0.0,0.0,0.0,0.0,0.0,0.0,21.2787,81.8661,2023-05-07,North
983,Kerala,148268.0,97.3,73877.0,95.5,222145.0,96.7,9416.0,6.4,4376.0,5.9,13792.0,6.2,6493.0,69.0,2543.0,58.1,9036.0,65.5,0.0,0.0,0.0,0.0,0.0,0.0,0.0,0.0,0.0,0.0,0.0,0.0,0.0,0.0,0.0,0.0,0.0,0.0,0.0,0.0,0.0,0.0,0.0,0.0,0.0,0.0,0.0,0.0,0.0,0.0,0.0,0.0,0.0,0.0,0.0,0.0,28.7041,77.1025,2023-08-02,South
984,Mizoram,1808.0,76.3,143.0,55.6,1951.0,74.3,275.0,15.2,11.0,7.7,286.0,14.7,129.0,46.9,2.0,18.2,131.0,45.8,0.0,0.0,0.0,0.0,0.0,0.0,0.0,0.0,0.0,0.0,0.0,0.0,0.0,0.0,0.0,0.0,0.0,0.0,0.0,0.0,0.0,0.0,0.0,0.0,0.0,0.0,0.0,0.0,0.0,0.0,0.0,0.0,0.0,0.0,0.0,0.0,15.2993,74.124,2023-05-12,North East
985,Mizoram,3646.0,78.6,165.0,51.2,3811.0,76.8,216.0,5.9,4.0,2.4,220.0,5.8,142.0,65.7,3.0,75.0,145.0,65.9,0.0,0.0,0.0,0.0,0.0,0.0,0.0,0.0,0.0,0.0,0.0,0.0,0.0,0.0,0.0,0.0,0.0,0.0,0.0,0.0,0.0,0.0,0.0,0.0,0.0,0.0,0.0,0.0,0.0,0.0,0.0,0.0,0.0,0.0,0.0,0.0,22.2587,71.1924,2023-11-06,North East
986,Telangana,2056.0,98.6,20.0,100.0,2076.0,98.6,129.0,6.3,6.0,30.0,135.0,6.5,125.0,96.9,6.0,100.0,131.0,97.0,0.0,0.0,0.0,0.0,0.0,0.0,0.0,0.0,0.0,0.0,0.0,0.0,0.0,0.0,0.0,0.0,0.0,0.0,0.0,0.0,0.0,0.0,0.0,0.0,0.0,0.0,0.0,0.0,0.0,0.0,0.0,0.0,0.0,0.0,0.0,0.0,29.0588,76.0856,2023-12-15,South
987,Tripura,3165.0,83.2,349.0,93.6,3514.0,84.1,175.0,5.5,20.0,5.7,195.0,5.5,86.0,49.1,2.0,10.0,88.0,45.1,0.0,0.0,0.0,0.0,0.0,0.0,0.0,0.0,0.0,0.0,0.0,0.0,0.0,0.0,0.0,0.0,0.0,0.0,0.0,0.0,0.0,0.0,0.0,0.0,0.0,0.0,0.0,0.0,0.0,0.0,0.0,0.0,0.0,0.0,0.0,0.0,31.1048,77.1734,2023-02-06,North East
988,Karnataka,53597.0,96.5,4141.0,94.2,57738.0,96.3,4047.0,7.6,274.0,6.6,4321.0,7.5,3105.0,76.7,211.0,77.0,3316.0,76.7,0.0,0.0,0.0,0.0,0.0,0.0,0.0,0.0,0.0,0.0,0.0,0.0,0.0,0.0,0.0,0.0,0.0,0.0,0.0,0.0,0.0,0.0,0.0,0.0,0.0,0.0,0.0,0.0,0.0,0.0,0.0,0.0,0.0,0.0,0.0,0.0,33.7782,76.5762,2023-05-10,South
989,Arunachal Pradesh,1510.0,99.0,2.0,100.0,1512.0,99.0,464.0,30.7,0.0,0.0,464.0,30.7,445.0,95.9,0.0,0.0,445.0,95.9,0.0,0.0,0.0,0.0,0.0,0.0,0.0,0.0,0.0,0.0,0.0,0.0,0.0,0.0,0.0,0.0,0.0,0.0,0.0,0.0,0.0,0.0,0.0,0.0,0.0,0.0,0.0,0.0,0.0,0.0,0.0,0.0,0.0,0.0,0.0,0.0,23.6102,85.2799,2023-04-08,North East
990,Mizoram,43665.0,91.5,9006.0,91.8,52671.0,91.5,4930.0,11.3,676.0,7.5,5606.0,10.6,2266.0,46.0,170.0,25.1,2436.0,43.5,0.0,0.0,0.0,0.0,0.0,0.0,0.0,0.0,0.0,0.0,0.0,0.0,0.0,0.0,0.0,0.0,0.0,0.0,0.0,0.0,0.0,0.0,0.0,0.0,0.0,0.0,0.0,0.0,0.0,0.0,0.0,0.0,0.0,0.0,0.0,0.0,15.3173,75.7139,2023-10-24,North East
991,Goa,119170.0,90.5,34317.0,88.8,153487.0,90.1,3484.0,2.9,1208.0,3.5,4692.0,3.1,2276.0,65.3,538.0,44.5,2814.0,60.0,0.0,0.0,0.0,0.0,0.0,0.0,0.0,0.0,0.0,0.0,0.0,0.0,0.0,0.0,0.0,0.0,0.0,0.0,0.0,0.0,0.0,0.0,0.0,0.0,0.0,0.0,0.0,0.0,0.0,0.0,0.0,0.0,0.0,0.0,0.0,0.0,10.8505,76.2711,2023-05-09,West
992,Haryana,1305.0,97.5,71.0,95.9,1376.0,97.5,118.0,9.0,4.0,5.6,122.0,8.9,106.0,89.8,3.0,75.0,109.0,89.3,0.0,0.0,0.0,0.0,0.0,0.0,0.0,0.0,0.0,0.0,0.0,0.0,0.0,0.0,0.0,0.0,0.0,0.0,0.0,0.0,0.0,0.0,0.0,0.0,0.0,0.0,0.0,0.0,0.0,0.0,0.0,0.0,0.0,0.0,0.0,0.0,34.1526,77.577,2023-12-26,North
993,Sikkim,76635.0,97.9,16054.0,90.8,92689.0,96.6,20196.0,26.4,3655.0,22.8,23851.0,25.7,19144.0,94.8,3179.0,87.0,22323.0,93.6,0.0,0.0,0.0,0.0,0.0,0.0,0.0,0.0,0.0,0.0,0.0,0.0,0.0,0.0,0.0,0.0,0.0,0.0,0.0,0.0,0.0,0.0,0.0,0.0,0.0,0.0,0.0,0.0,0.0,0.0,0.0,0.0,0.0,0.0,0.0,0.0,10.328,72.7846,2023-01-27,North East
994,Manipur,51411.0,94.3,17215.0,92.2,68626.0,93.7,3250.0,6.3,892.0,5.2,4142.0,6.0,2691.0,82.8,738.0,82.7,3429.0,82.8,0.0,0.0,0.0,0.0,0.0,0.0,0.0,0.0,0.0,0.0,0.0,0.0,0.0,0.0,0.0,0.0,0.0,0.0,0.0,0.0,0.0,0.0,0.0,0.0,0.0,0.0,0.0,0.0,0.0,0.0,0.0,0.0,0.0,0.0,0.0,0.0,22.9734,78.6569,2023-03-23,North East
995,Mizoram,3078.0,94.6,34.0,85.0,3112.0,94.4,473.0,15.4,6.0,17.6,479.0,15.4,182.0,38.5,0.0,0.0,182.0,38.0,0.0,0.0,0.0,0.0,0.0,0.0,0.0,0.0,0.0,0.0,0.0,0.0,0.0,0.0,0.0,0.0,0.0,0.0,0.0,0.0,0.0,0.0,0.0,0.0,0.0,0.0,0.0,0.0,0.0,0.0,0.0,0.0,0.0,0.0,0.0,0.0,19.7515,75.7139,2023-08-10,North East
996,Arunachal Pradesh,390088.0,93.0,100893.0,86.5,490981.0,91.6,21480.0,5.5,1968.0,2.0,23448.0,4.8,8161.0,38.0,670.0,34.0,8831.0,37.7,0.0,0.0,0.0,0.0,0.0,0.0,0.0,0.0,0.0,0.0,0.0,0.0,0.0,0.0,0.0,0.0,0.0,0.0,0.0,0.0,0.0,0.0,0.0,0.0,0.0,0.0,0.0,0.0,0.0,0.0,0.0,0.0,0.0,0.0,0.0,0.0,24.6637,93.9063,2023-05-09,North East
997,Telangana,21948.0,96.6,4339.0,93.3,26287.0,96.1,1741.0,7.9,231.0,5.3,1972.0,7.5,670.0,38.5,121.0,52.4,791.0,40.1,0.0,0.0,0.0,0.0,0.0,0.0,0.0,0.0,0.0,0.0,0.0,0.0,0.0,0.0,0.0,0.0,0.0,0.0,0.0,0.0,0.0,0.0,0.0,0.0,0.0,0.0,0.0,0.0,0.0,0.0,0.0,0.0,0.0,0.0,0.0,0.0,25.467,91.3662,2023-06-29,South
998,Bihar,87854.0,93.6,6472.0,80.9,94326.0,92.6,12541.0,14.3,910.0,14.1,13451.0,14.3,9590.0,76.5,710.0,78.0,10300.0,76.6,0.0,0.0,0.0,0.0,0.0,0.0,0.0,0.0,0.0,0.0,0.0,0.0,0.0,0.0,0.0,0.0,0.0,0.0,0.0,0.0,0.0,0.0,0.0,0.0,0.0,0.0,0.0,0.0,0.0,0.0,0.0,0.0,0.0,0.0,0.0,0.0,23.1645,92.9376,2023-05-31,East
999,Nagaland,1707030.0,92.1,508900.0,89.6,2215930.0,91.5,143167.0,8.4,30564.0,6.0,173731.0,7.8,93897.0,65.6,16161.0,52.9,110058.0,63.3,0.0,0.0,0.0,0.0,0.0,0.0,0.0,0.0,0.0,0.0,0.0,0.0,0.0,0.0,0.0,0.0,0.0,0.0,0.0,0.0,0.0,0.0,0.0,0.0,0.0,0.0,0.0,0.0,0.0,0.0,0.0,0.0,0.0,0.0,0.0,0.0,26.1584,94.5624,2023-12-15,North East
1000,Bihar,0.0,0.0,0.0,0.0,0.0,0.0,0.0,0.0,0.0,0.0,0.0,0.0,0.0,0.0,0.0,0.0,0.0,0.0,495.0,91.0,3.0,75.0,498.0,90.9,89.0,18.0,0.0,0.0,89.0,17.9,30.0,33.7,0.0,0.0,30.0,33.7,0.0,0.0,0.0,0.0,0.0,0.0,0.0,0.0,0.0,0.0,0.0,0.0,0.0,0.0,0.0,0.0,0.0,0.0,20.9517,85.0985,2023-11-18,East
